54.96,13.468,13.7681,
55.44,15.7829,10.6836,
55.93,18.5395,6.99461,
56.41,20.3143,2.51844,
56.89,20.5838,0.0194004,
57.37,20.5896,0.0194069,
57.85,20.8222,0.0196691,
58.34,21.0575,0.0199356,
58.82,20.8427,2.56559,
59.3,20.4893,3.45753,
59.78,20.2641,4.35503,
60.26,20.509,4.77385,
60.75,20.922,5.37296,
61.23,21.1244,6.58121,
61.71,20.9884,8.24648,
62.19,20.6652,9.84826,
62.68,20.5432,10.6728,
63.16,20.617,10.5428,
63.64,20.7327,9.58907,
64.12,20.7666,8.30749,
64.6,20.5431,7.85018,
65.09,20.0914,8.75764,
65.57,19.7321,10.2572,
66.05,20.191,10.9566,
66.53,21.5257,10.3858,
67.01,23.3311,8.29064,
67.5,24.9338,4.51285,
67.98,25.3796,0.0250626,
68.46,24.9211,0.0244981,
68.94,24.1062,0.0235069,
69.42,23.1013,0.0223057,
69.91,22.2986,0.0213631,
70.39,21.9809,0.0209941,
70.87,21.1388,6.56706,
71.35,20.8016,9.48501,
71.84,21.8084,10.2439,
72.32,23.6735,9.04029,
72.8,25.2547,6.58034,
73.28,25.3417,5.96764,
73.76,24.144,7.5493,
74.25,22.11,9.68784,
74.73,20.2997,10.946,
75.21,19.1656,11.5391,
75.69,18.6285,11.8454,
76.17,18.4461,11.9472,
76.66,18.5721,11.6582,
77.14,19.0011,11.0417,
77.62,19.6566,10.5184,
78.1,20.2454,10.6737,
78.59,20.6697,11.1887,
79.07,20.9941,11.1698,
79.55,21.4365,9.95941,
80.03,21.9728,7.92406,
80.51,22.4959,6.19783,
81,22.786,6.40886,
81.48,22.6657,8.28045,
81.96,22.2471,10.0419,
82.44,22.1188,10.4965,
82.92,22.6712,9.39395,
83.41,23.673,6.84478,
83.89,24.3627,3.95163,
84.37,24.4525,2.97483,
84.85,24.1919,4.3113,
85.33,24.2849,4.13971,
85.82,24.8263,0.024382,
86.3,24.886,1.53077,
86.78,24.052,6.3483,
87.26,23.4486,8.28133,
87.75,23.0866,9.17543,
88.23,23.1342,8.95847,
88.71,23.6242,7.6711,
89.19,24.4693,5.20933,
89.67,25.1111,2.73462,
90.16,25.1409,3.59248,
90.64,24.3964,6.65749,
91.12,23.1808,9.32699,
91.6,22.0482,11.1283,
92.08,21.5338,11.9474,
92.57,21.9036,11.6954,
93.05,23.0367,10.2137,
93.53,24.2337,7.88767,
94.01,25.0573,5.08757,
94.49,25.225,3.21946,
94.98,24.8072,4.03366,
95.46,24.1697,5.64768,
95.94,23.5753,7.01229,
96.42,23.1796,7.93698,
96.91,23.0707,8.21911,
97.39,23.2393,7.70477,
97.87,23.5432,6.50359,
98.35,23.6792,5.54737,
98.83,23.4804,5.97859,
99.32,23.0215,7.4879,
99.8,22.6948,8.72362,
100.28,22.7776,9.14538,
100.76,23.1577,8.9388,
101.24,23.4571,8.67771,
101.73,23.4944,8.62145,
102.21,23.4485,8.42114,
102.69,23.6045,7.65457,
103.17,23.9678,6.44369,
103.66,24.2048,5.82127,
104.14,24.0757,6.57571,
104.62,23.7417,7.79335,
105.1,23.63,8.34945,
105.58,23.8991,8.08998,
106.07,24.2741,7.61964,
106.55,24.4585,7.53928,
107.03,24.4825,7.6591,
107.51,24.7057,7.07214,
107.99,25.3179,5.04148,
108.48,25.9817,0.0258109,
108.96,26.1147,0.0259774,
109.44,26.37,0.026298,
109.92,26.7413,0.0267668,
110.4,26.6844,4.44924,
110.89,26.3111,6.96514,
111.37,26.1244,7.77676,
111.85,26.192,7.27545,
112.33,26.3643,6.03213,
112.82,26.3405,5.39614,
113.3,26.1443,5.86094,
113.78,26.0485,6.53999,
114.26,26.2945,6.67276,
114.74,26.9915,5.67801,
115.23,27.8492,3.40439,
115.71,28.3188,0.657311,
116.19,28.2087,2.67843,
116.67,27.6431,5.67753,
117.15,27.0766,7.93418,
117.64,26.7535,9.5074,
118.12,26.5701,10.549,
118.6,26.3785,11.0687,
119.08,26.2524,11.0176,
119.56,26.3808,10.4743,
120.05,26.7339,9.8827,
120.53,27.0025,9.94265,
121.01,26.9475,10.849,
121.49,26.7231,11.9315,
121.98,26.7276,12.3906,
122.46,27.0195,12.1369,
122.94,27.4576,11.3198,
123.42,27.8596,10.2648,
123.9,28.3429,8.92652,
124.39,28.79,7.79418,
124.87,29.0978,7.32223,
125.35,29.3037,7.31223,
125.83,29.6048,6.9684,
126.31,30.3447,4.87626,
126.8,31.0952,0.0324916,
127.28,31.3585,0.0328509,
127.76,31.542,0.0331022,
128.24,31.5165,1.73882,
128.73,31.1254,4.35878,
129.21,31.1265,4.35578,
129.69,31.111,5.23205,
130.17,30.8858,7.23338,
130.65,30.4847,9.29807,
131.14,30.1055,10.7627,
131.62,30.017,11.385,
132.1,30.1796,11.6174,
132.58,30.7085,11.4349,
133.06,31.7074,10.4702,
133.55,33.0892,8.12933,
134.03,34.2493,4.69461,
134.51,34.6919,2.56242,
134.99,34.613,4.54325,
135.47,34.6624,6.26111,
135.96,35.0236,7.30173,
136.44,35.5053,8.03982,
136.92,35.8681,8.72253,
137.4,36.217,8.94938,
137.89,36.8482,8.13195,
138.37,37.7891,6.22376,
138.85,38.7335,4.23643,
139.33,39.484,4.04406,
139.81,40.0118,6.06856,
140.3,40.6364,7.63434,
140.78,41.5131,8.05296,
141.26,42.3786,8.17598,
141.74,42.8477,9.57936,
142.22,42.9993,12.0375,
142.71,43.3643,14.0415,
143.19,44.3921,14.5257,
143.67,45.7425,13.8549,
144.15,46.8776,13.1587,
144.64,47.5502,13.7209,
145.12,48.0266,15.3414,
145.6,48.6944,16.9291,
146.08,49.6402,17.8897,
146.56,50.6349,18.4412,
147.05,51.5637,19.0511,
147.53,52.6133,19.917,
148.01,54.1998,20.7025,
148.49,56.5026,21.1948,
148.97,59.2547,21.7834,
149.46,61.8939,23.5039,
149.94,64.0849,26.9261,
150.42,66.0604,31.4902,
150.9,68.3927,36.3495,
151.38,71.3677,41.2861,
151.87,74.561,46.8157,
152.35,76.7796,53.8529,
152.83,76.6617,62.9478,
153.31,73.4172,73.6865,
153.8,67.1187,85.0575,
154.28,58.219,96.047,
154.76,47.0684,105.731,
155.24,33.7536,112.986,
155.72,18.7531,116.493,
156.21,3.41775,115.279,
156.69,-10.3129,109.514,
157.17,-20.9502,100.603,
157.65,-28.1995,90.3913,
158.13,-32.6368,80.2335,
158.62,-34.9655,70.8214,
159.1,-35.6733,62.4462,
159.58,-35.1278,55.1974,
160.06,-33.7183,48.9888,
160.54,-31.8458,43.6048,
161.03,-29.8152,38.8619,
161.51,-27.804,34.7118,
161.99,-25.8892,31.1873,
162.47,-24.0895,28.2869,
162.96,-22.3795,25.9125,
163.44,-20.719,23.9105,
163.92,-19.0918,22.1441,
164.4,-17.5258,20.5368,
164.88,-16.0712,19.068,
165.37,-14.7594,17.7417,
165.85,-13.5799,16.5604,
166.33,-12.4962,15.522,
166.81,-11.4728,14.6142,
167.29,-10.4945,13.8175,
167.78,-9.55706,13.1084,
168.26,-8.65436,12.4667,
168.74,-7.77419,11.8833,
169.22,-6.90684,11.3585,
169.71,-6.05362,10.8927,
170.19,-5.22669,10.4802,
170.67,-4.4416,10.1064,
171.15,-3.70684,9.75274,
171.63,-3.02209,9.40599,
172.12,-2.38227,9.06205,
172.6,-1.78384,8.72702,
173.08,-1.22538,8.4152,
173.56,-0.699694,8.14239,
174.04,-0.188374,7.91794,
174.53,0.333367,7.73808,
175.01,0.878277,7.58675,
175.49,1.43021,7.44885,
175.97,1.95262,7.32392,
176.45,2.41977,7.2214,
176.94,2.84102,7.14054,
177.42,3.25033,7.06094,
177.9,3.66868,6.96104,
178.38,4.08063,6.84664,
178.87,4.45363,6.75383,
179.35,4.77459,6.71263,
179.83,5.06543,6.71413,
180.31,5.35915,6.71972,
180.79,5.6703,6.69992,
181.28,5.99124,6.65544,
181.76,6.30984,6.60209,
182.24,6.62322,6.54353,
182.72,6.93185,6.46744,
183.2,7.23062,6.36018,
183.69,7.5151,6.22143,
184.17,7.78838,6.06295,
184.65,8.0616,5.90678,
185.13,8.34096,5.7887,
185.61,8.61592,5.75801,
186.1,8.86845,5.84152,
186.58,9.0859,6.01011,
187.06,9.26531,6.18823,
187.54,9.41426,6.30809,
188.03,9.55015,6.34877,
188.51,9.69802,6.33016,
188.99,9.88335,6.27453,
189.47,10.1139,6.19083,
189.95,10.3714,6.08531,
190.44,10.6255,5.98403,
190.92,10.8522,5.92686,
191.4,11.0504,5.92911,
191.88,11.2322,5.97496,
192.36,11.4236,6.027,
192.85,11.6581,6.05886,
193.33,11.9608,6.06976,
193.81,12.3238,6.07212,
194.29,12.6897,6.08949,
194.78,12.9873,6.12803,
195.26,13.2073,6.14295,
195.74,13.4213,6.06834,
196.22,13.72,5.87143,
196.7,14.1151,5.62197,
197.19,14.5159,5.49569,
197.67,14.8072,5.65173,
198.15,14.9619,6.03981,
198.63,15.0637,6.44681,
199.11,15.2287,6.70094,
199.6,15.5042,6.78593,
200.08,15.8607,6.78489,
200.56,16.2451,6.80053,
201.04,16.6304,6.87932,
201.52,17.0156,7.00706,
202.01,17.3978,7.1534,
202.49,17.7601,7.30059,
202.97,18.0696,7.465,
203.45,18.3033,7.67307,
203.94,18.4752,7.91425,
204.42,18.649,8.12399,
204.9,18.9003,8.23737,
205.38,19.239,8.27502,
205.86,19.5848,8.36001,
206.35,19.8164,8.64092,
206.83,19.8893,9.12272,
207.31,19.8584,9.68365,
207.79,19.8337,10.173,
208.27,19.8745,10.5358,
208.76,19.9666,10.7981,
209.24,20.0821,10.9997,
209.72,20.2303,11.1548,
210.2,20.4205,11.2808,
210.68,20.6103,11.4234,
211.17,20.7082,11.6459,
211.65,20.6824,11.9402,
212.13,20.5954,12.2347,
212.61,20.5305,12.4818,
213.1,20.4974,12.7012,
213.58,20.4441,12.934,
214.06,20.3517,13.1733,
214.54,20.2768,13.3736,
215.02,20.2838,13.519,
215.51,20.3542,13.6513,
215.99,20.4001,13.8191,
216.47,20.3683,14.0058,
216.95,20.2852,14.1503,
217.43,20.2024,14.2322,
217.92,20.1093,14.3143,
218.4,19.9588,14.475,
218.88,19.7657,14.7092,
219.36,19.6281,14.9315,
219.85,19.6304,15.0753,
220.33,19.7338,15.1648,
220.81,19.8051,15.2782,
221.29,19.7497,15.449,
221.77,19.6137,15.604,
222.26,19.5185,15.6397,
222.74,19.5162,15.5377,
223.22,19.5476,15.3939,
223.7,19.5217,15.3471,
224.18,19.4209,15.4657,
224.67,19.3027,15.7017,
225.15,19.2392,15.937,
225.63,19.2525,16.076,
226.11,19.3116,16.1012,
226.59,19.3744,16.0718,
227.08,19.4132,16.0709,
227.56,19.4293,16.1433,
228.04,19.4412,16.2725,
228.52,19.4647,16.4079,
229.01,19.5048,16.5048,
229.49,19.5488,16.5515,
229.97,19.5916,16.5593,
230.45,19.6391,16.5585,
230.93,19.715,16.5774,
231.42,19.8298,16.636,
231.9,19.9703,16.7381,
232.38,20.1101,16.8717,
232.86,20.2288,17.0213,
233.34,20.316,17.1796,
233.83,20.3601,17.3467,
234.31,20.3529,17.5179,
234.79,20.3114,17.6776,
235.27,20.2907,17.8171,
235.76,20.3481,17.9477,
236.24,20.4956,18.0928,
236.72,20.6702,18.2772,
237.2,20.7751,18.5179,
237.68,20.7485,18.8227,
238.17,20.6141,19.1817,
238.65,20.4547,19.5526,
239.13,20.3368,19.8787,
239.61,20.256,20.1282,
240.09,20.1512,20.3303,
240.58,19.9777,20.5493,
241.06,19.7558,20.8158,
241.54,19.5536,21.0884,
242.02,19.4054,21.3027,
242.5,19.2775,21.4436,
242.99,19.1052,21.5618,
243.47,18.8576,21.7177,
243.95,18.5751,21.918,
244.43,18.3175,22.1218,
244.92,18.109,22.2939,
245.4,17.9259,22.4297,
245.88,17.737,22.5305,
246.36,17.5378,22.582,
246.84,17.3504,22.5764,
247.33,17.188,22.5406,
247.81,17.0466,22.5236,
248.29,16.9144,22.5394,
248.77,16.7778,22.5406,
249.25,16.628,22.4655,
249.74,16.4662,22.309,
250.22,16.3131,22.1405,
250.7,16.1895,22.0436,
251.18,16.1007,22.043,
251.66,16.0369,22.0878,
252.15,15.9953,22.0955,
252.63,15.9975,22.0164,
253.11,16.0596,21.8725,
253.59,16.1477,21.7411,
254.08,16.1918,21.696,
254.56,16.1534,21.7514,
255.04,16.0657,21.8544,
255.52,15.989,21.9384,
256,15.9255,21.987,
256.49,15.8272,22.0309,
256.97,15.6848,22.099,
257.45,15.5802,22.1726,
257.93,15.6177,22.2093,
258.41,15.8054,22.1901,
258.9,16.0383,22.1547,
259.38,16.2238,22.1603,
259.86,16.3726,22.2316,
260.34,16.5647,22.351,
260.83,16.8196,22.5024,
261.31,17.0471,22.6978,
261.79,17.1576,22.9441,
262.27,17.1847,23.1994,
262.75,17.2645,23.3984,
263.24,17.492,23.5114,
263.72,17.8319,23.5681,
264.2,18.1485,23.6244,
264.68,18.3233,23.7134,
265.16,18.3256,23.8345,
265.65,18.2125,23.9999,
266.13,18.1027,24.2466,
266.61,18.1347,24.5935,
267.09,18.3866,24.9956,
267.57,18.7911,25.3581,
268.06,19.1472,25.6168,
268.54,19.2748,25.7981,
269.02,19.1816,25.9834,
269.5,19.0309,26.2334,
269.99,18.9806,26.5594,
270.47,19.0724,26.9413,
270.95,19.2571,27.3629,
271.43,19.4946,27.8289,
271.91,19.7646,28.3495,
272.4,20.0516,28.9122,
272.88,20.3316,29.4747,
273.36,20.624,29.9934,
273.84,20.992,30.4708,
274.32,21.4475,30.9759,
274.81,21.8879,31.6074,
275.29,22.159,32.4261,
275.77,22.2141,33.4104,
276.25,22.1778,34.4765,
276.73,22.1862,35.5545,
277.22,22.2462,36.6202,
277.7,22.262,37.6812,
278.18,22.1858,38.7745,
278.66,22.0951,39.9576,
279.15,22.0614,41.2796,
279.63,22.0218,42.7406,
280.11,21.8323,44.2784,
280.59,21.3902,45.8313,
281.07,20.6707,47.3936,
281.56,19.6293,48.974,
282.04,18.1925,50.5157,
282.52,16.3894,51.8971,
283,14.4417,53.066,
283.48,12.5732,54.103,
283.97,10.804,55.0891,
284.45,8.96131,55.948,
284.93,6.92887,56.5197,
285.41,4.78405,56.7629,
285.9,2.65255,56.8173,
286.38,0.530053,56.8104,
286.86,-1.67546,56.6792,
287.34,-3.94421,56.2577,
287.82,-6.11547,55.4938,
288.31,-8.0497,54.4991,
288.79,-9.75737,53.3738,
289.27,-11.3293,52.0834,
289.75,-12.8142,50.5729,
290.23,-14.2038,48.9285,
290.72,-15.5153,47.3342,
291.2,-16.7875,45.9053,
291.68,-18.0029,44.6176,
292.16,-19.0721,43.4014,
292.64,-19.9277,42.2355,
293.13,-20.6126,41.117,
293.61,-21.2119,39.9812,
294.09,-21.7471,38.7247,
294.57,-22.1589,37.321,
295.06,-22.4125,35.8722,
295.54,-22.577,34.5137,
296.02,-22.7602,33.3043,
296.5,-22.9961,32.2049,
296.98,-23.2067,31.1523,
297.47,-23.2849,30.1223,
297.95,-23.1951,29.1153,
298.43,-23.002,28.1291,
298.91,-22.8129,27.1575,
299.39,-22.7006,26.2032,
299.88,-22.654,25.2685,
300.36,-22.5939,24.3406,
300.84,-22.4257,23.4041,
301.32,-22.1201,22.4749,
301.81,-21.7361,21.6029,
302.29,-21.3703,20.8316,
302.77,-21.0728,20.1513,
303.25,-20.8167,19.5111,
303.73,-20.5308,18.8622,
304.22,-20.1743,18.1943,
304.7,-19.7621,17.5228,
305.18,-19.3405,16.8638,
305.66,-18.9483,16.2246,
306.14,-18.6035,15.6256,
306.63,-18.3076,15.0962,
307.11,-18.0472,14.6499,
307.59,-17.7933,14.2631,
308.07,-17.5142,13.8889,
308.55,-17.1928,13.5011,
309.04,-16.8333,13.1163,
309.52,-16.4506,12.7714,
310,-16.0598,12.4837,
310.48,-15.6723,12.2369,
310.97,-15.2974,12.0048,
311.45,-14.939,11.7761,
311.93,-14.5937,11.5508,
312.41,-14.2605,11.3285,
312.89,-13.9522,11.1055,
313.38,-13.6885,10.8875,
313.86,-13.4741,10.6916,
314.34,-13.2829,10.5265,
314.82,-13.0704,10.3732,
315.3,-12.8067,10.1985,
315.79,-12.4937,9.99425,
316.27,-12.156,9.79772,
316.75,-11.8196,9.66159,
317.23,-11.4964,9.60304,
317.71,-11.1885,9.58292,
318.2,-10.8933,9.53927,
318.68,-10.6082,9.43895,
319.16,-10.3336,9.298,
319.64,-10.0826,9.16177,
320.13,-9.87465,9.06622,
320.61,-9.71652,9.02101,
321.09,-9.5897,9.01219,
321.57,-9.45928,9.01619,
322.05,-9.30048,9.00839,
322.54,-9.11488,8.96958,
323.02,-8.92248,8.89236,
323.5,-8.74328,8.78586,
323.98,-8.58891,8.67019,
324.46,-8.46329,8.56756,
324.95,-8.36353,8.49093,
325.43,-8.28014,8.44021,
325.91,-8.19764,8.40142,
326.39,-8.10507,8.35469,
326.88,-8.00028,8.28661,
327.36,-7.88209,8.20329,
327.84,-7.7486,8.12659,
328.32,-7.6007,8.07508,
328.8,-7.45457,8.04585,
329.29,-7.33524,8.01068,
329.77,-7.25346,7.94078,
330.25,-7.1898,7.83449,
330.73,-7.11174,7.72333,
331.21,-7.00728,7.64431,
331.7,-6.89823,7.60451,
332.18,-6.81822,7.57553,
332.66,-6.77989,7.51633,
333.14,-6.76168,7.41079,
333.62,-6.72483,7.284,
334.11,-6.64216,7.18242,
334.59,-6.51016,7.13313,
335.07,-6.34414,7.12408,
335.55,-6.17014,7.1142,
336.04,-6.01257,7.06595,
336.52,-5.88277,6.97144,
337,-5.77289,6.85528,
337.48,-5.66519,6.75477,
337.96,-5.54379,6.69274,
338.45,-5.40226,6.66378,
338.93,-5.24289,6.63863,
339.41,-5.07693,6.58722,
339.89,-4.92212,6.50093,
340.37,-4.79669,6.39808,
340.86,-4.70206,6.3078,
341.34,-4.61606,6.24712,
341.82,-4.50503,6.21027,
342.3,-4.35499,6.17915,
342.78,-4.18704,6.14208,
343.27,-4.03671,6.10221,
343.75,-3.9189,6.06787,
344.23,-3.8156,6.03899,
344.71,-3.6979,6.00861,
345.2,-3.55804,5.97507,
345.68,-3.41451,5.94965,
346.16,-3.29146,5.94392,
346.64,-3.1944,5.95565,
347.12,-3.10762,5.96596,
347.61,-3.00802,5.95712,
348.09,-2.88108,5.92652,
348.57,-2.73036,5.88983,
349.05,-2.57716,5.86516,
349.53,-2.44672,5.86158,
350.02,-2.35034,5.87517,
350.5,-2.27336,5.89319,
350.98,-2.18609,5.90047,
351.46,-2.06867,5.88795,
351.95,-1.92599,5.85829,
352.43,-1.77445,5.82637,
352.91,-1.62111,5.8076,
353.39,-1.46039,5.80742,
353.87,-1.29599,5.82017,
354.36,-1.14888,5.83892,
354.84,-1.04028,5.86205,
355.32,-0.966919,5.88755,
355.8,-0.897481,5.90614,
356.28,-0.800763,5.90547,
356.77,-0.669296,5.88276,
357.25,-0.516659,5.8504,
357.73,-0.359735,5.8298,
358.21,-0.205535,5.83395,
358.69,-0.0592432,5.85816,
359.18,0.0731899,5.88636,
359.66,0.188797,5.90574,
360.14,0.295132,5.91775,
360.62,0.407267,5.94007,
361.11,0.531704,5.99141,
361.59,0.667683,6.07516,
362.07,0.807422,6.17156,
362.55,0.945026,6.24883,
363.03,1.07652,6.28825,
363.52,1.20385,6.30128,
364,1.34165,6.31599,
364.48,1.50624,6.35397,
364.96,1.69865,6.41319,
365.44,1.89287,6.48255,
365.93,2.04972,6.55843,
366.41,2.15315,6.64921,
366.89,2.22716,6.76182,
367.37,2.31349,6.8942,
367.86,2.44161,7.03493,
368.34,2.6121,7.16706,
368.82,2.80856,7.2763,
369.3,3.01374,7.35934,
369.78,3.21096,7.43169,
370.27,3.38026,7.5232,
370.75,3.50502,7.6547,
371.23,3.58807,7.81386,
371.71,3.64842,7.97014,
372.19,3.71037,8.10408,
372.68,3.79041,8.22456,
373.16,3.89213,8.34948,
373.64,4.01117,8.48001,
374.12,4.12577,8.6025,
374.6,4.2072,8.72054,
375.09,4.24168,8.86677,
375.57,4.24082,9.07275,
376.05,4.22152,9.3337,
376.53,4.18012,9.60589,
377.02,4.10598,9.84794,
377.5,4.03582,10.0451,
377.98,4.05573,10.204,
378.46,4.21876,10.3259,
378.94,4.45628,10.4224,
379.43,4.63673,10.5361,
379.91,4.70582,10.7293,
380.39,4.74159,11.0243,
380.87,4.82703,11.3912,
381.35,4.91975,11.7736,
381.84,4.896,12.127,
382.32,4.74436,12.4341,
382.8,4.61157,12.6964,
383.28,4.63076,12.9359,
383.76,4.76683,13.1769,
384.25,4.8552,13.4364,
384.73,4.80508,13.7106,
385.21,4.69218,13.9768,
385.69,4.63881,14.2139,
386.18,4.64701,14.4184,
386.66,4.586,14.6042,
387.14,4.33715,14.7932,
387.62,3.93317,15.0045,
388.1,3.50981,15.2537,
388.59,3.16289,15.543,
389.07,2.89874,15.8363,
389.55,2.67139,16.0739,
390.03,2.44702,16.2235,
390.51,2.22059,16.3114,
391,2.00589,16.3945,
391.48,1.82158,16.508,
391.96,1.68723,16.6472,
392.44,1.58836,16.7879,
392.93,1.44741,16.9168,
393.41,1.15616,17.0412,
393.89,0.672092,17.1613,
394.37,0.0729268,17.2622,
394.85,-0.483273,17.3279,
395.34,-0.877072,17.3563,
395.82,-1.10223,17.3483,
396.3,-1.24073,17.3172,
396.78,-1.39227,17.2895,
397.26,-1.61841,17.3016,
397.75,-1.92764,17.3629,
398.23,-2.28483,17.441,
398.71,-2.63337,17.477,
399.19,-2.92591,17.4291,
399.67,-3.15232,17.3039,
400.16,-3.34035,17.1413,
400.64,-3.52323,16.9815,
401.12,-3.70995,16.8437,
401.6,-3.89433,16.7275,
402.09,-4.08188,16.6206,
402.57,-4.28854,16.5049,
403.05,-4.51509,16.3591,
403.53,-4.73043,16.1753,
404.01,-4.90489,15.9727,
404.5,-5.05279,15.7853,
404.98,-5.22495,15.6305,
405.46,-5.45082,15.4873,
405.94,-5.69743,15.3093,
406.42,-5.89478,15.0633,
406.91,-6.00777,14.7594,
407.39,-6.06962,14.439,
407.87,-6.14297,14.1413,
408.35,-6.25554,13.8799,
408.83,-6.37949,13.6437,
409.32,-6.4728,13.4165,
409.8,-6.526,13.1896,
410.28,-6.56508,12.9639,
410.76,-6.61848,12.7375,
411.25,-6.6833,12.5022,
411.73,-6.7301,12.25,
412.21,-6.73295,11.9836,
412.69,-6.69435,11.7189,
413.17,-6.63915,11.4731,
413.66,-6.59295,11.2495,
414.14,-6.55694,11.0404,
414.62,-6.50733,10.8385,
415.1,-6.41405,10.6457,
415.58,-6.26446,10.4691,
416.07,-6.07022,10.3127,
416.55,-5.85808,10.1748,
417.03,-5.65421,10.0527,
417.51,-5.47329,9.94322,
418,-5.31879,9.84121,
418.48,-5.18198,9.73869,
418.96,-5.04277,9.63553,
419.44,-4.88024,9.5456,
419.92,-4.68685,9.48945,
420.41,-4.47949,9.47412,
420.89,-4.28856,9.48146,
421.37,-4.13443,9.48026,
421.85,-4.01118,9.45093,
422.33,-3.89296,9.39931,
422.82,-3.75855,9.35212,
423.3,-3.60516,9.33553,
423.78,-3.44158,9.36071,
424.26,-3.27013,9.41985,
424.74,-3.08522,9.4902,
425.23,-2.88321,9.54532,
425.71,-2.67498,9.57317,
426.19,-2.47883,9.58638,
426.67,-2.31018,9.61489,
427.16,-2.16848,9.68459,
427.64,-2.03948,9.7992,
428.12,-1.90043,9.94604,
428.6,-1.73224,10.1144,
429.08,-1.53403,10.3044,
429.57,-1.32981,10.5174,
430.05,-1.15794,10.7443,
430.53,-1.0404,10.9718,
431.01,-0.962488,11.2057,
431.49,-0.885895,11.4741,
431.98,-0.790118,11.8023,
432.46,-0.693145,12.1783,
432.94,-0.639264,12.5519,
433.42,-0.651541,12.8745,
433.91,-0.71382,13.1413,
434.39,-0.790522,13.3931,
434.87,-0.856292,13.6851,
435.35,-0.900883,14.0469,
435.83,-0.920565,14.4743,
436.32,-0.927708,14.9367,
436.8,-0.95904,15.4027,
437.28,-1.05626,15.8576,
437.76,-1.22048,16.3171,
438.24,-1.40683,16.8187,
438.73,-1.58442,17.3855,
439.21,-1.7974,17.9845,
439.69,-2.14854,18.5435,
440.17,-2.70523,19.0111,
440.65,-3.43718,19.4076,
441.14,-4.26893,19.8219,
441.62,-5.16532,20.3347,
442.1,-6.14773,20.9482,
442.58,-7.25149,21.5758,
443.07,-8.48167,22.0798,
443.55,-9.81313,22.3357,
444.03,-11.212,22.2797,
444.51,-12.6411,21.9206,
444.99,-14.049,21.3077,
445.48,-15.3696,20.4976,
445.96,-16.5429,19.5395,
446.44,-17.5434,18.4668,
446.92,-18.3693,17.3035,
447.4,-19.0118,16.067,
447.89,-19.4522,14.7827,
448.37,-19.6796,13.4941,
448.85,-19.7209,12.2624,
449.33,-19.6282,11.137,
449.81,-19.4406,10.1368,
450.3,-19.173,9.24642,
450.78,-18.8361,8.44098,
451.26,-18.4621,7.70753,
451.74,-18.0899,7.04934,
452.23,-17.7325,6.47472,
452.71,-17.3709,5.97807,
453.19,-16.9821,5.53547,
453.67,-16.5762,5.1196,
454.15,-16.1897,4.71873,
454.64,-15.8498,4.33897,
455.12,-15.5498,3.99236,
455.6,-15.2587,3.67901,
456.08,-14.9523,3.38583,
456.56,-14.6273,3.10085,
457.05,-14.2916,2.82603,
457.53,-13.9489,2.58066,
458.01,-13.6016,2.38338,
458.49,-13.2577,2.23608,
458.98,-12.9293,2.1213,
459.46,-12.6212,2.01711,
459.94,-12.3265,1.91048,
460.42,-12.038,1.80196,
460.9,-11.7578,1.69866,
461.39,-11.4978,1.60787,
461.87,-11.2641,1.53208,
462.35,-11.0518,1.46836,
462.83,-10.8471,1.40819,
463.31,-10.6376,1.33997,
463.8,-10.4189,1.25748,
464.28,-10.1971,1.16823,
464.76,-9.98614,1.09207,
465.24,-9.80212,1.04655,
465.72,-9.65149,1.03307,
466.21,-9.522,1.03489,
466.69,-9.3898,1.03126,
467.17,-9.24042,1.01199,
467.65,-9.08274,0.982899,
468.14,-8.94082,0.956227,
468.62,-8.82861,0.938746,
469.1,-8.73472,0.927383,
469.58,-8.63304,0.915002,
470.06,-8.50744,0.894993,
470.55,-8.36382,0.863419,
471.03,-8.21973,0.819982,
471.51,-8.08412,0.767684,
471.99,-7.9515,0.71165,
472.47,-7.81231,0.658589,
472.96,-7.66617,0.615455,
473.44,-7.52184,0.588413,
473.92,-7.38876,0.579928,
474.4,-7.26872,0.584511,
474.88,-7.15485,0.587474,
475.37,-7.03936,0.574543,
475.85,-6.919,0.54256,
476.33,-6.79608,0.503948,
476.81,-6.67583,0.475299,
477.3,-6.56154,0.461107,
477.78,-6.45304,0.449713,
478.26,-6.34821,0.426487,
478.74,-6.2458,0.389183,
479.22,-6.14654,0.351164,
479.71,-6.05054,0.328641,
480.19,-5.95572,0.327155,
480.67,-5.85946,0.338168,
481.15,-5.7631,0.347329,
481.63,-5.6719,0.34542,
482.12,-5.59165,0.333063,
482.6,-5.52214,0.317437,
483.08,-5.45719,0.306361,
483.56,-5.38768,0.302148,
484.05,-5.30854,0.30135,
484.53,-5.22137,0.299038,
485.01,-5.13269,0.294573,
485.49,-5.0493,0.292276,
485.97,-4.97312,0.295285,
486.46,-4.9011,0.300951,
486.94,-4.82829,0.303654,
487.42,-4.75264,0.302657,
487.9,-4.67603,0.305326,
488.38,-4.60169,0.319131,
488.87,-4.53028,0.343086,
489.35,-4.46073,0.368196,
489.83,-4.39286,0.387785,
490.31,-4.3281,0.403661,
490.79,-4.26589,0.422683,
491.28,-4.20148,0.446841,
491.76,-4.12816,0.470241,
492.24,-4.04566,0.485774,
492.72,-3.96125,0.492063,
493.21,-3.88407,0.492222,
493.69,-3.817,0.48944,
494.17,-3.75574,0.48671,
494.65,-3.69553,0.488298,
495.13,-3.63558,0.499302,
495.62,-3.57804,0.519928,
496.1,-3.52247,0.543411,
496.58,-3.46716,0.561865,
497.06,-3.41243,0.57396,
497.54,-3.36381,0.585642,
498.03,-3.32592,0.601735,
498.51,-3.29663,0.61981,
498.99,-3.26777,0.633486,
499.47,-3.23224,0.640644,
499.96,-3.19046,0.645935,
500.44,-3.1483,0.653862,
500.92,-3.11055,0.663296,
501.4,-3.07677,0.668074,
501.88,-3.04382,0.66488,
502.37,-3.00951,0.656579,
502.85,-2.97426,0.650194,
503.33,-2.94012,0.65147,
503.81,-2.90933,0.662092,
504.29,-2.88256,0.68011,
504.78,-2.85778,0.700576,
505.26,-2.83092,0.718192,
505.74,-2.79986,0.730811,
506.22,-2.76691,0.740093,
506.7,-2.73669,0.747997,
507.19,-2.70874,0.752449,
507.67,-2.67694,0.749225,
508.15,-2.63586,0.73886,
508.63,-2.58953,0.728745,
509.12,-2.54712,0.726317,
509.6,-2.51466,0.731909,
510.08,-2.48961,0.738618,
510.56,-2.46507,0.739423,
511.04,-2.43756,0.732123,
511.53,-2.40865,0.718831,
512.01,-2.38195,0.703264,
512.49,-2.35849,0.689039,
512.97,-2.33711,0.679061,
513.45,-2.31634,0.674971,
513.94,-2.29536,0.674387,
514.42,-2.27268,0.672268,
514.9,-2.24687,0.665048,
515.38,-2.21874,0.654594,
515.86,-2.19157,0.645686,
516.35,-2.16793,0.640427,
516.83,-2.14674,0.635532,
517.31,-2.12465,0.625722,
517.79,-2.09955,0.609413,
518.28,-2.0723,0.589849,
518.76,-2.04488,0.571427,
519.24,-2.01788,0.555992,
519.72,-1.99098,0.543392,
520.2,-1.96475,0.533555,
520.69,-1.94002,0.527876,
521.17,-1.9151,0.527063,
521.65,-1.88551,0.529201,
522.13,-1.84765,0.529474,
522.61,-1.80294,0.523522,
523.1,-1.75755,0.511332,
523.58,-1.71659,0.497765,
524.06,-1.67993,0.489003,
524.54,-1.64213,0.487678,
525.03,-1.59863,0.490388,
525.51,-1.54992,0.490743,
525.99,-1.50138,0.485046,
526.47,-1.45826,0.474567,
526.95,-1.42068,0.46267,
527.44,-1.38373,0.451174,
527.92,-1.34221,0.440327,
528.4,-1.29625,0.431322,
528.88,-1.25035,0.42673,
529.36,-1.20884,0.427304,
529.85,-1.17128,0.429939,
530.33,-1.13397,0.430641,
530.81,-1.09482,0.429946,
531.29,-1.0558,0.432611,
531.77,-1.01978,0.441951,
532.26,-0.986123,0.454612,
532.74,-0.951851,0.463339,
533.22,-0.916132,0.46498,
533.7,-0.882301,0.464139,
534.19,-0.853324,0.467922,
534.67,-0.826853,0.477901,
535.15,-0.796352,0.488827,
535.63,-0.758492,0.495255,
536.11,-0.71806,0.498218,
536.6,-0.683848,0.504056,
537.08,-0.65904,0.517464,
537.56,-0.637757,0.537118,
538.04,-0.610791,0.557112,
538.52,-0.574717,0.572205,
539.01,-0.534062,0.581185,
539.49,-0.495697,0.586084,
539.97,-0.462647,0.590743,
540.45,-0.432454,0.598974,
540.93,-0.40172,0.614057,
541.42,-0.369509,0.637006,
541.9,-0.338099,0.665471,
542.38,-0.310817,0.694241,
542.86,-0.289142,0.717384,
543.35,-0.271841,0.731757,
543.83,-0.255261,0.738544,
544.31,-0.235792,0.743093,
544.79,-0.211626,0.751078,
545.27,-0.183411,0.764008,
545.76,-0.153361,0.777838,
546.24,-0.12411,0.786592,
546.72,-0.097951,0.788216,
547.2,-0.0767168,0.786884,
547.68,-0.0612053,0.789163,
548.17,-0.0506767,0.798555,
548.65,-0.0435676,0.813702,
549.13,-0.0381891,0.830749,
549.61,-0.0330982,0.846223,
550.1,-0.0262338,0.857514,
550.58,-0.0150224,0.861835,
551.06,7.04E-04,0.858471,
551.54,0.0159665,0.852085,
552.02,0.0234431,0.8511,
552.51,0.0213293,0.860732,
552.99,0.0183278,0.877587,
553.47,0.0271404,0.893057,
553.95,0.0524479,0.901714,
554.43,0.084547,0.906506,
554.92,0.108653,0.912769,
555.4,0.11845,0.920457,
555.43,0.122134,0.922694,
555.88,0.122132,0.922695,
556.36,0.132597,0.914264,
556.84,0.154627,0.898736,
557.33,0.180919,0.885733,
557.81,0.201125,0.881946,
558.29,0.212573,0.88623,
558.77,0.221436,0.893219,
559.26,0.235749,0.899039,
559.28,0.23667,0.899202,
559.74,0.257886,0.902932,
560.22,0.284227,0.903382,
560.7,0.309576,0.897244,
561.18,0.331525,0.88303,
561.67,0.34975,0.865624,
562.15,0.363782,0.854598,
562.63,0.373882,0.855283,
563.11,0.383146,0.862516,
563.14,0.384005,0.862588,
563.59,0.396935,0.863655,
564.08,0.418243,0.850191,
564.56,0.444683,0.826102,
565.04,0.470403,0.803833,
565.52,0.492011,0.792905,
566.01,0.5131,0.792079,
566.49,0.539361,0.793672,
566.97,0.570773,0.792768,
567,0.572571,0.792702,
567.45,0.599419,0.791841,
567.93,0.617874,0.794656,
568.42,0.628134,0.799358,
568.9,0.640084,0.800665,
569.38,0.661864,0.79669,
569.86,0.691054,0.792219,
570.34,0.718372,0.792166,
570.83,0.738501,0.794473,
570.86,0.739532,0.794363,
571.31,0.755105,0.79273,
571.79,0.774478,0.786111,
572.27,0.797996,0.782785,
572.75,0.821527,0.791835,
573.24,0.841754,0.812498,
573.72,0.861005,0.834774,
574.2,0.885281,0.848612,
574.68,0.91831,0.852703,
574.71,0.920775,0.852551,
575.17,0.958788,0.850188,
575.65,1.00143,0.842233,
576.13,1.04255,0.826592,
576.61,1.08154,0.804142,
577.09,1.12006,0.782176,
577.58,1.1566,0.773674,
578.06,1.18684,0.787726,
578.54,1.20719,0.822126,
578.57,1.20791,0.824692,
579.02,1.21909,0.862698,
579.5,1.23295,0.887478,
579.99,1.26109,0.879561,
580.47,1.30549,0.83991,
580.95,1.35288,0.793801,
581.43,1.38384,0.782958,
581.91,1.39216,0.827473,
582.4,1.39301,0.899283,
582.43,1.39409,0.902445,
582.88,1.41063,0.950019,
583.36,1.44791,0.962439,
583.84,1.49118,0.947139,
584.33,1.52359,0.931027,
584.81,1.54253,0.927921,
585.29,1.55923,0.931624,
585.77,1.58751,0.928996,
586.25,1.63098,0.917403,
586.28,1.63416,0.916699,
586.74,1.6832,0.905972,
587.22,1.7334,0.906813,
587.7,1.77235,0.928056,
588.18,1.79629,0.967037,
588.66,1.81099,1.00428,
589.15,1.83039,1.01429,
589.63,1.86673,0.983728,
590.11,1.91839,0.928812,
590.14,1.92153,0.926808,
590.59,1.96755,0.900803,
591.08,1.99624,0.944855,
591.56,2.00614,1.03907,
592.04,2.01836,1.11947,
592.52,2.05467,1.1427,
593,2.11682,1.11171,
593.49,2.18694,1.0656,
593.97,2.24607,1.04473,
594,2.24884,1.04541,
594.45,2.29276,1.05363,
594.93,2.32967,1.08017,
595.41,2.36166,1.11463,
595.9,2.38901,1.15834,
596.38,2.41545,1.19586,
596.86,2.44904,1.20297,
597.34,2.49613,1.16744,
597.82,2.5516,1.11162,
597.85,2.55467,1.11004,
598.31,2.60402,1.08441,
598.79,2.64309,1.11269,
599.27,2.67672,1.16001,
599.75,2.71852,1.18007,
600.24,2.77375,1.16562,
600.72,2.83067,1.16125,
601.2,2.8788,1.20402,
601.68,2.91936,1.27701,
601.71,2.92219,1.28045,
602.16,2.96536,1.33094,
602.65,3.02378,1.34469,
603.13,3.08903,1.33295,
603.61,3.1486,1.32866,
604.09,3.19502,1.34759,
604.57,3.23147,1.38055,
605.06,3.2688,1.41103,
605.54,3.31439,1.4347,
605.57,3.3178,1.43605,
606.02,3.36757,1.46534,
606.5,3.42446,1.49714,
606.98,3.47837,1.5297,
607.47,3.52561,1.5682,
607.95,3.56738,1.61496,
608.43,3.61171,1.66313,
608.91,3.66736,1.69434,
609.4,3.73701,1.69523,
609.43,3.74173,1.69348,
609.88,3.81304,1.67034,
610.36,3.88163,1.64075,
610.84,3.93638,1.62981,
611.32,3.98253,1.64569,
611.81,4.03378,1.67886,
612.29,4.09533,1.72074,
612.77,4.16136,1.76692,
613.25,4.21897,1.81487,
613.28,4.22151,1.81791,
613.73,4.26026,1.86769,
614.22,4.29059,1.9199,
614.7,4.32234,1.967,
615.18,4.36671,2.00296,
615.66,4.42578,2.01926,
616.15,4.49065,2.02806,
616.63,4.55233,2.04717,
617.11,4.60814,2.08939,
617.14,4.61132,2.09293,
617.59,4.65912,2.14238,
618.07,4.70772,2.18458,
618.56,4.75726,2.20383,
619.04,4.80881,2.21265,
619.52,4.86562,2.23331,
620,4.92672,2.27774,
620.48,4.99098,2.33018,
620.97,5.05304,2.37841,
621,5.0562,2.38167,
621.45,5.10116,2.44104,
621.93,5.1331,2.52791,
622.41,5.15229,2.64043,
622.89,5.17028,2.7541,
623.38,5.20035,2.84245,
623.86,5.24693,2.89223,
624.34,5.30539,2.91492,
624.82,5.36628,2.93282,
624.85,5.36987,2.93478,
625.31,5.4217,2.97427,
625.79,5.47065,3.04118,
626.27,5.51261,3.13127,
626.75,5.54475,3.23343,
627.23,5.56689,3.33396,
627.72,5.58865,3.42233,
628.2,5.62423,3.491,
628.68,5.68321,3.54209,
628.71,5.68803,3.54438,
629.16,5.75041,3.59821,
629.64,5.8159,3.65129,
630.13,5.86435,3.71373,
630.61,5.89305,3.78998,
631.09,5.91071,3.88125,
631.57,5.92484,3.98344,
632.05,5.93609,4.09496,
632.54,5.94386,4.21902,
632.57,5.94442,4.2272,
633.02,5.94209,4.35644,
633.5,5.9513,4.49142,
633.98,5.9759,4.60895,
634.47,6.00696,4.70531,
634.95,6.02772,4.78871,
635.43,6.02949,4.88209,
635.91,6.01961,4.99418,
636.39,6.01449,5.11576,
636.43,6.01536,5.12546,
636.88,6.01257,5.23306,
637.36,6.0216,5.34,
637.84,6.02944,5.44758,
638.32,6.02705,5.56369,
638.8,6.01846,5.68324,
639.29,6.01307,5.79711,
639.77,6.01474,5.89823,
640.25,6.01624,5.99776,
640.28,6.01571,6.0046,
640.73,5.99219,6.10934,
641.22,5.95486,6.23296,
641.7,5.91471,6.35266,
642.18,5.88163,6.46072,
642.66,5.85798,6.56033,
643.14,5.8385,6.66366,
643.63,5.81762,6.78046,
644.11,5.79546,6.90316,
644.14,5.79405,6.91065,
644.59,5.7595,7.01706,
645.07,5.72085,7.12051,
645.55,5.67732,7.21625,
646.04,5.62719,7.31412,
646.52,5.57563,7.41502,
647,5.52688,7.5201,
647.48,5.48284,7.62613,
647.96,5.4416,7.73176,
648,5.43815,7.74061,
648.45,5.40705,7.82701,
648.93,5.37216,7.92216,
649.41,5.33663,8.01944,
649.89,5.30197,8.11622,
650.38,5.26835,8.21142,
650.86,5.23609,8.30127,
651.34,5.20332,8.38863,
651.82,5.16864,8.47528,
651.85,5.16632,8.4807,
652.3,5.1437,8.59443,
652.79,5.11855,8.71913,
653.27,5.09678,8.84215,
653.75,5.08175,8.96593,
654.23,5.07408,9.091,
654.71,5.06939,9.21869,
655.2,5.05991,9.35348,
655.68,5.04105,9.49105,
655.71,5.03931,9.49985,
656.16,5.00782,9.71273,
656.64,4.97236,9.93908,
657.13,4.94226,10.1663,
657.61,4.92085,10.386,
658.09,4.90303,10.6053,
658.57,4.8815,10.8277,
659.05,4.85151,11.0551,
659.54,4.81352,11.2911,
659.57,4.811,11.3057,
660.02,4.62844,11.6465,
660.5,4.43529,12.0099,
660.98,4.24569,12.3717,
661.46,4.05859,12.7315,
661.95,3.86756,13.0973,
662.43,3.67815,13.4561,
662.91,3.48568,13.8159,
663.39,3.29054,14.1763,
663.43,3.2741,14.2063,
663.87,2.78032,14.471,
664.36,2.22845,14.7643,
664.84,1.6861,15.0494,
665.32,1.14301,15.331,
665.8,0.600193,15.6095,
666.29,0.047428,15.8926,
666.77,-0.493249,16.1711,
667.25,-1.0334,16.4513,
667.28,-1.06716,16.4688,
667.73,-1.69179,16.3089,
668.21,-2.35792,16.1364,
668.7,-3.03733,15.9583,
669.18,-3.70268,15.7832,
669.66,-4.36822,15.6083,
670.14,-5.03419,15.4337,
670.62,-5.70033,15.2589,
671.11,-6.38004,15.0806,
671.14,-6.42163,15.0696,
671.59,-6.72499,14.6021,
672.07,-7.04805,14.1037,
672.55,-7.37095,13.6057,
673.03,-7.69387,13.1078,
673.52,-8.02356,12.5995,
674,-8.34653,12.1014,
674.48,-8.66949,11.6033,
674.96,-8.99243,11.1052,
675,-9.01934,11.0637,
675.45,-9.01937,11.0637,
678.85,-9.16278,7.48094,
682.71,-8.41732,5.08456,
686.57,-7.40936,3.60533,
690.43,-6.48076,2.64964,
694.28,-5.67773,2.00927,
698.14,-4.99221,1.53011,
702,-4.4148,1.16879,
705.85,-3.90642,0.91664,
709.71,-3.43431,0.725147,
713.57,-3.00159,0.589868,
717.43,-2.63998,0.508082,
721.28,-2.3286,0.453605,
725.14,-2.04815,0.412679,
729,-1.79414,0.380253,
732.85,-1.55721,0.35641,
736.71,-1.33876,0.34045,
740.57,-1.14529,0.32734,
744.43,-0.983714,0.320925,
748.28,-0.830949,0.306998,
752.14,-0.695541,0.303829,
756,-0.58344,0.304502,
759.85,-0.466421,0.303143,
763.71,-0.359896,0.303577,
767.57,-0.264663,0.307079,
771.43,-0.179538,0.314266,
775.28,-0.109852,0.323995,
779.14,-0.0475683,0.33565,
783,0.014058,0.346996,
786.85,0.0699843,0.360949,
790.71,0.128403,0.366152,
794.57,0.188416,0.361961,
798.43,0.234977,0.359647,
802.28,0.267195,0.359212,
806.14,0.306483,0.357086,
810,0.355785,0.350589,
813.85,0.397601,0.340835,
817.71,0.440111,0.338728,
821.57,0.49343,0.350496,
825.43,0.551182,0.35043,
829.28,0.604114,0.27747,
833.14,0.680027,0.176551,
837,0.745569,0.134371,
840.85,0.797346,0.130534,
844.71,0.862938,0.124486,
848.57,0.904261,0.136172,
852.43,0.935536,0.171017,
856.28,0.957652,0.240874,
860.14,1.06879,0.175878,
864,1.14267,0.101098,
867.85,1.12027,0.251177,
871.71,1.10913,0.345959,
875.57,1.14562,0.363445,
879.43,1.19914,0.329857,
883.28,1.21168,0.357686,
887.14,1.26312,0.306548,
891,1.32073,0.26681,
894.85,1.35081,0.285738,
898.71,1.37424,0.329915,
902.57,1.38655,0.389122,
906.43,1.41939,0.372687,
910.28,1.4703,0.370436,
914.14,1.49522,0.409829,
918,1.52998,0.4125,
921.85,1.56685,0.389284,
925.71,1.60521,0.317495,
929.57,1.63434,0.305639,
933.43,1.66258,0.331048,
937.28,1.69897,0.316848,
941.14,1.72945,0.320694,
945,1.74612,0.371771,
948.85,1.77317,0.380282,
952.71,1.79571,0.385344,
956.57,1.80749,0.438461,
960.43,1.83185,0.436693,
964.28,1.86057,0.412071,
968.14,1.87539,0.438834,
972,1.88864,0.468832,
975.85,1.89947,0.480849,
979.71,1.92244,0.449018,
983.57,1.9502,0.369639,
987.42,1.97475,0.308247,
991.28,1.98846,0.30808,
995.14,1.97979,0.395801,
999,2.0123,0.355231,
1002.85,2.03741,0.397676,
1006.71,2.06875,0.437206,
1010.57,2.09949,0.481312,
1014.42,2.12715,0.51998,
1018.28,2.11124,0.687533,
1022.14,2.13658,0.701142,
1026,2.16898,0.68073,
1029.85,2.19814,0.665248,
1033.71,2.21544,0.678556,
1037.57,2.27747,0.530947,
1041.42,2.28976,0.518075,
1045.28,2.25295,0.690323,
1049.14,2.26779,0.714255,
1053,2.29151,0.694106,
1056.85,2.31523,0.658144,
1060.71,2.36055,0.55238,
1064.57,2.38655,0.56107,
1068.42,2.42045,0.578145,
1072.28,2.44861,0.61947,
1076.14,2.42173,0.832896,
1080,2.44194,0.857556,
1083.85,2.46854,0.875263,
1087.71,2.50794,0.873234,
1091.57,2.55128,0.883974,
1095.42,2.59807,0.915586,
1099.28,2.65161,0.968595,
1103.14,2.70723,1.06257,
1107,2.76665,1.14364,
1110.85,2.80986,1.1755,
1114.71,2.79638,1.16684,
1118.57,2.71621,1.12772,
1122.42,2.62202,1.03036,
1126.28,2.565,0.874918,
1130.14,2.58547,0.575887,
1134,2.56476,0.516855,
1137.85,2.55085,0.466907,
1141.71,2.54024,0.494762,
1145.57,2.53599,0.505302,
1149.42,2.53435,0.508352,
1153.28,2.53399,0.533926,
1157.14,2.54097,0.494049,
1161,2.54729,0.46861,
1164.85,2.55818,0.452804,
1168.71,2.5612,0.501509,
1172.57,2.56517,0.558445,
1176.42,2.57164,0.601898,
1180.28,2.58038,0.631206,
1184.14,2.58508,0.659949,
1188,2.58622,0.676617,
1191.85,2.59245,0.655349,
1195.71,2.60185,0.645919,
1199.57,2.61212,0.641258,
1203.42,2.61841,0.645087,
1207.28,2.62114,0.64201,
1211.14,2.62726,0.622762,
1215,2.62904,0.643996,
1218.85,2.6382,0.659309,
1222.71,2.65586,0.628531,
1226.57,2.66981,0.598315,
1230.42,2.67795,0.580814,
1234.28,2.6784,0.603173,
1238.14,2.69037,0.598345,
1242,2.71756,0.553203,
1245.85,2.73976,0.617233,
1249.71,2.78512,0.661135,
1253.57,2.84341,0.686969,
1257.42,2.88528,0.834565,
1261.28,2.97108,0.860798,
1265.14,2.99727,0.890683,
1269,2.93656,0.703542,
1272.85,2.81671,0.632476,
1276.71,2.77646,0.613022,
1280.57,2.77891,0.577079,
1284.42,2.78325,0.539775,
1288.28,2.78462,0.55945,
1292.14,2.78491,0.609666,
1296,2.78176,0.696905,
1299.85,2.77911,0.744165,
1303.71,2.77781,0.778966,
1307.57,2.78205,0.795247,
1311.42,2.79284,0.782593,
1315.28,2.80489,0.76879,
1319.14,2.81498,0.756174,
1323,2.81978,0.770408,
1326.85,2.82179,0.817311,
1330.71,2.82277,0.86586,
1334.57,2.82391,0.877347,
1338.42,2.81698,0.90848,
1342.28,2.80915,0.952827,
1346.14,2.79764,1.0016,
1350,2.77793,1.06422,
1353.85,2.7563,1.11708,
1357.71,2.73855,1.14831,
1361.57,2.72653,1.1657,
1365.42,2.71618,1.17641,
1369.28,2.70193,1.19354,
1373.14,2.69077,1.20355,
1377,2.68207,1.22104,
1380.85,2.66633,1.27527,
1384.71,2.6408,1.34519,
1388.57,2.62081,1.3932,
1392.42,2.60953,1.4279,
1396.28,2.59649,1.47105,
1400.14,2.58834,1.50422,
1403.99,2.58083,1.52953,
1407.85,2.56869,1.55787,
1411.71,2.56051,1.58659,
1415.57,2.56133,1.60858,
1419.42,2.56709,1.61598,
1423.28,2.56485,1.61931,
1427.14,2.55936,1.61906,
1430.99,2.55983,1.61588,
1434.85,2.56131,1.62837,
1438.71,2.56618,1.64276,
1442.57,2.57705,1.62738,
1446.42,2.5821,1.62064,
1450.28,2.58123,1.63373,
1454.14,2.58271,1.63239,
1457.99,2.58596,1.62976,
1461.85,2.58352,1.64516,
1465.71,2.57713,1.66264,
1469.57,2.57506,1.66937,
1473.42,2.57387,1.66856,
1477.28,2.56818,1.67761,
1481.14,2.56331,1.69265,
1484.99,2.55696,1.71695,
1488.85,2.54636,1.74874,
1492.71,2.53379,1.76788,
1496.57,2.5211,1.78401,
1500.42,2.5106,1.80213,
1504.28,2.4981,1.82814,
1508.14,2.47623,1.87085,
1511.99,2.44796,1.91107,
1515.85,2.42522,1.93644,
1519.71,2.41054,1.95897,
1523.57,2.4014,1.98089,
1527.42,2.38907,2.01064,
1531.28,2.37438,2.03585,
1535.14,2.36692,2.04884,
1538.99,2.36377,2.06296,
1542.85,2.35918,2.08266,
1546.71,2.35466,2.09272,
1550.57,2.35098,2.09274,
1554.42,2.34484,2.09839,
1558.28,2.33555,2.10999,
1562.14,2.32516,2.12836,
1565.99,2.31891,2.14154,
1569.85,2.31309,2.15219,
1573.71,2.30726,2.16604,
1577.57,2.29836,2.17764,
1581.42,2.28529,2.18897,
1585.28,2.28042,2.19166,
1589.14,2.28598,2.18816,
1592.99,2.29215,2.18581,
1596.85,2.29374,2.18806,
1600.71,2.29013,2.19358,
1604.57,2.29618,2.18193,
1608.42,2.31085,2.17168,
1612.28,2.32914,2.156,
1616.14,2.34006,2.14735,
1619.99,2.3488,2.13772,
1623.85,2.37228,2.11778,
1627.71,2.41031,2.08146,
1631.57,2.4423,2.05125,
1635.42,2.464,2.02688,
1639.28,2.48333,2.0068,
1643.14,2.50721,1.98067,
1646.99,2.53668,1.95499,
1650.85,2.56664,1.92026,
1654.71,2.58778,1.90193,
1658.57,2.60441,1.88548,
1662.42,2.62301,1.86413,
1666.28,2.64234,1.8421,
1670.14,2.65364,1.82956,
1673.99,2.65043,1.84169,
1677.85,2.6346,1.87356,
1681.71,2.61453,1.90635,
1685.57,2.59224,1.93905,
1689.42,2.56727,1.97525,
1693.28,2.54329,2.00862,
1697.14,2.51851,2.03845,
1700.99,2.49563,2.06063,
1704.85,2.47465,2.08372,
1708.71,2.45334,2.11076,
1712.57,2.44047,2.12858,
1716.42,2.42958,2.13934,
1720.28,2.41722,2.15175,
1724.14,2.41251,2.1571,
1727.99,2.40891,2.16558,
1731.85,2.40407,2.16715,
1735.71,2.40079,2.16033,
1739.57,2.3994,2.157,
1743.42,2.40106,2.15553,
1747.28,2.39996,2.16506,
1751.14,2.39559,2.17604,
1754.99,2.39422,2.17837,
1758.85,2.397,2.17105,
1762.71,2.40045,2.17105,
1766.57,2.40212,2.17213,
1770.42,2.40236,2.17002,
1774.28,2.40558,2.16635,
1778.14,2.4099,2.16025,
1781.99,2.41461,2.15933,
1785.85,2.42063,2.15685,
1789.71,2.42817,2.14459,
1793.56,2.43128,2.14212,
1797.42,2.43262,2.14491,
1801.28,2.43698,2.14022,
1805.14,2.43932,2.13992,
1808.99,2.44245,2.1386,
1812.85,2.44884,2.13037,
1816.71,2.45422,2.12688,
1820.56,2.4588,2.12582,
1824.42,2.46175,2.12801,
1828.28,2.46552,2.12631,
1832.14,2.47307,2.11206,
1835.99,2.47799,2.1082,
1839.85,2.48078,2.11055,
1843.71,2.485,2.10416,
1847.56,2.49071,2.09194,
1851.42,2.49649,2.08372,
1855.28,2.50097,2.08331,
1859.14,2.50342,2.08129,
1862.99,2.50748,2.07573,
1866.85,2.51192,2.06918,
1870.71,2.51481,2.06825,
1874.56,2.51783,2.06496,
1878.42,2.52306,2.05863,
1882.28,2.52891,2.05368,
1886.14,2.53402,2.0527,
1889.99,2.53749,2.04726,
1893.85,2.53932,2.04332,
1897.71,2.54353,2.04035,
1901.56,2.55328,2.02719,
1905.42,2.55816,2.02513,
1909.28,2.55956,2.02719,
1913.14,2.56472,2.01861,
1916.99,2.57003,2.01654,
1920.85,2.5737,2.02025,
1924.71,2.57746,2.01764,
1928.56,2.58274,2.00432,
1932.42,2.58742,1.99601,
1936.28,2.59216,1.99306,
1940.14,2.59678,1.99099,
1943.99,2.59828,1.99448,
1947.85,2.59874,1.9998,
1951.71,2.60612,1.99071,
1955.56,2.61584,1.97427,
1959.42,2.61942,1.96585,
1963.28,2.62069,1.96649,
1967.14,2.62398,1.96509,
1970.99,2.62835,1.96185,
1974.85,2.6346,1.95381,
1978.71,2.64104,1.94278,
1982.56,2.64818,1.93446,
1986.42,2.65372,1.93505,
1990.28,2.65823,1.93443,
1994.14,2.66233,1.9241,
1997.99,2.66796,1.90974,
2001.85,2.675,1.90458,
2005.71,2.68197,1.9072,
2009.56,2.68642,1.90619,
2013.42,2.68768,1.89862,
2017.28,2.69121,1.89052,
2021.14,2.69818,1.88464,
2024.99,2.70436,1.88698,
2028.85,2.70714,1.89208,
2032.71,2.71086,1.8847,
2036.56,2.71913,1.86961,
2040.42,2.73015,1.85753,
2044.28,2.73731,1.85694,
2048.14,2.74096,1.85827,
2051.99,2.74209,1.85719,
2055.85,2.7456,1.85083,
2059.71,2.74957,1.8488,
2063.56,2.7523,1.8523,
2067.42,2.75638,1.85118,
2071.28,2.76114,1.83967,
2075.14,2.76286,1.83022,
2078.99,2.76438,1.82197,
2082.85,2.76961,1.81833,
2086.71,2.77651,1.81935,
2090.56,2.78011,1.81433,
2094.42,2.77687,1.81504,
2098.28,2.77556,1.81343,
2102.14,2.78362,1.80307,
2105.99,2.79509,1.79464,
2109.85,2.80173,1.78765,
2113.71,2.80278,1.77525,
2117.56,2.80576,1.761,
2121.42,2.81507,1.75678,
2125.28,2.82203,1.76925,
2129.14,2.82218,1.77938,
2132.99,2.81939,1.77136,
2136.85,2.82265,1.75488,
2140.71,2.8319,1.75446,
2144.56,2.84033,1.76322,
2148.42,2.84363,1.76631,
2152.28,2.84245,1.76271,
2156.14,2.84615,1.7474,
2159.99,2.85773,1.73263,
2163.85,2.86777,1.72692,
2167.71,2.87124,1.72645,
2171.56,2.87153,1.72443,
2175.42,2.87304,1.71951,
2179.28,2.87824,1.71178,
2183.13,2.88254,1.71398,
2186.99,2.8859,1.72088,
2190.85,2.8895,1.71478,
2194.71,2.88781,1.70423,
2198.56,2.88482,1.7045,
2202.42,2.889,1.70478,
2206.28,2.89536,1.70489,
2210.13,2.89521,1.70358,
2213.99,2.88761,1.70275,
2217.85,2.88644,1.69327,
2221.71,2.89202,1.68746,
2225.56,2.89724,1.68959,
2229.42,2.89774,1.68139,
2233.28,2.89121,1.671,
2237.13,2.888,1.66963,
2240.99,2.89702,1.6675,
2244.85,2.90545,1.66218,
2248.71,2.90492,1.65996,
2252.56,2.90158,1.6574,
2256.42,2.9072,1.64282,
2260.28,2.91929,1.63316,
2264.13,2.9254,1.6407,
2267.99,2.92293,1.64682,
2271.85,2.92046,1.65051,
2275.71,2.92746,1.64616,
2279.56,2.93677,1.63641,
2283.42,2.94076,1.62998,
2287.28,2.94511,1.62406,
2291.13,2.95205,1.61624,
2294.99,2.95861,1.60871,
2298.85,2.95999,1.61202,
2302.71,2.96078,1.61693,
2306.56,2.96698,1.61329,
2310.42,2.97449,1.59436,
2314.28,2.97888,1.57745,
2318.13,2.97838,1.57932,
2321.99,2.97973,1.5885,
2325.85,2.98583,1.58517,
2329.71,2.99,1.56661,
2333.56,2.98997,1.55429,
2337.42,2.99197,1.5488,
2341.28,2.9988,1.54814,
2345.13,3.00696,1.54282,
2348.99,3.00469,1.541,
2352.85,2.99696,1.54379,
2356.71,3.00065,1.53952,
2360.56,3.01631,1.53016,
2364.42,3.025,1.52943,
2368.28,3.01787,1.53897,
2372.13,3.01281,1.54637,
2375.99,3.01958,1.55007,
2379.85,3.03228,1.5448,
2383.71,3.03673,1.5475,
2387.56,3.03484,1.54373,
2391.42,3.03608,1.52962,
2395.28,3.04282,1.52989,
2399.13,3.05168,1.52972,
2402.99,3.05309,1.52617,
2406.85,3.05219,1.51503,
2410.71,3.05615,1.49431,
2414.56,3.05785,1.49671,
2418.42,3.05744,1.50737,
2422.28,3.05639,1.51147,
2426.13,3.05521,1.50353,
2429.99,3.05277,1.49104,
2433.85,3.045,1.50276,
2437.71,3.04353,1.51199,
2441.56,3.05059,1.51056,
2445.42,3.05344,1.50328,
2449.28,3.04607,1.49106,
2453.13,3.03594,1.49765,
2456.99,3.04108,1.50596,
2460.85,3.05042,1.5119,
2464.71,3.04458,1.51041,
2468.56,3.03267,1.49934,
2472.42,3.03254,1.49005,
2476.28,3.04695,1.4879,
2480.13,3.05515,1.49333,
2483.99,3.04876,1.49591,
2487.85,3.04558,1.47278,
2491.71,3.05778,1.44977,
2495.56,3.07762,1.45073,
2499.42,3.08333,1.47236,
2503.28,3.07871,1.47754,
2507.13,3.08647,1.44411,
2510.99,3.10433,1.42313,
2514.85,3.11681,1.43745,
2518.71,3.11898,1.45375,
2522.56,3.11742,1.44828,
2526.42,3.119,1.43456,
2530.28,3.12764,1.4223,
2534.13,3.13623,1.42345,
2537.99,3.13849,1.43777,
2541.85,3.14417,1.42943,
2545.71,3.14686,1.41874,
2549.56,3.13945,1.43291,
2553.42,3.13849,1.43651,
2557.28,3.14678,1.43385,
2561.13,3.15271,1.42193,
2564.99,3.14317,1.41241,
2568.85,3.12565,1.41996,
2572.7,3.12277,1.4357,
2576.56,3.136,1.43025,
2580.42,3.13745,1.41315,
2584.28,3.11622,1.42207,
2588.13,3.10305,1.42673,
2591.99,3.11743,1.41004,
2595.85,3.13342,1.40137,
2599.7,3.12857,1.38728,
2603.56,3.11141,1.37406,
2607.42,3.10909,1.38109,
2611.28,3.12928,1.38266,
2615.13,3.13857,1.38618,
2618.99,3.12093,1.4037,
2622.85,3.10838,1.3913,
2626.7,3.11598,1.3743,
2630.56,3.13061,1.38339,
2634.42,3.13329,1.40614,
2638.28,3.12631,1.4001,
2642.13,3.13031,1.36427,
2645.99,3.14781,1.33291,
2649.85,3.15743,1.34257,
2653.7,3.15693,1.36317,
2657.56,3.16297,1.3534,
2661.42,3.17345,1.31052,
2665.28,3.17639,1.29387,
2669.13,3.17845,1.29574,
2672.99,3.18919,1.285,
2676.85,3.20157,1.25072,
2680.7,3.19061,1.28941,
2684.56,3.17073,1.34859,
2688.42,3.17832,1.31719,
2692.28,3.20228,1.26573,
2696.13,3.21923,1.23607,
2699.99,3.20666,1.26567,
2703.85,3.19678,1.2705,
2707.7,3.21488,1.25403,
2711.56,3.23557,1.25331,
2715.42,3.22871,1.27298,
2719.28,3.20102,1.30778,
2723.13,3.19293,1.31987,
2726.99,3.22785,1.25873,
2730.85,3.24942,1.23215,
2734.7,3.23034,1.26253,
2738.56,3.2134,1.27205,
2742.42,3.21995,1.27671,
2746.28,3.23854,1.27348,
2750.13,3.2428,1.2753,
2753.99,3.23222,1.27757,
2757.85,3.22792,1.26909,
2761.7,3.2308,1.28,
2765.56,3.2442,1.26206,
2769.42,3.24613,1.25501,
2773.28,3.24094,1.22954,
2777.13,3.24213,1.19241,
2780.99,3.2419,1.19967,
2784.85,3.22916,1.26888,
2788.7,3.21621,1.33836,
2792.56,3.22243,1.30041,
2796.42,3.22122,1.27226,
2800.28,3.21114,1.27055,
2804.13,3.21152,1.27408,
2807.99,3.21673,1.29958,
2811.85,3.20991,1.31388,
2815.7,3.1903,1.31869,
2819.56,3.18863,1.29227,
2823.42,3.20429,1.27531,
2827.28,3.21118,1.29292,
2831.13,3.20236,1.29792,
2834.99,3.18918,1.28644,
2838.85,3.19603,1.28229,
2842.7,3.21893,1.28282,
2846.56,3.23136,1.27941,
2850.42,3.22703,1.26241,
2854.28,3.22299,1.25823,
2858.13,3.23747,1.23349,
2861.99,3.24794,1.2356,
2865.85,3.23958,1.25438,
2869.7,3.23328,1.24805,
2873.56,3.23712,1.24798,
2877.42,3.24515,1.2611,
2881.28,3.25205,1.25677,
2885.13,3.25144,1.2682,
2888.99,3.26085,1.25357,
2892.85,3.27635,1.21885,
2896.7,3.2786,1.22793,
2900.56,3.27585,1.23597,
2904.42,3.27275,1.25756,
2908.28,3.27443,1.26936,
2912.13,3.28247,1.25383,
2915.99,3.29368,1.22535,
2919.85,3.2934,1.21951,
2923.7,3.29135,1.20349,
2927.56,3.28853,1.19229,
2931.42,3.28703,1.20404,
2935.28,3.27949,1.2196,
2939.13,3.27378,1.22455,
2942.99,3.27157,1.24828,
2946.85,3.27302,1.28196,
2950.7,3.2978,1.2664,
2954.56,3.33202,1.24025,
2958.42,3.35655,1.24041,
2962.27,3.36299,1.22984,
2966.13,3.35482,1.19821,
2969.99,3.33888,1.17893,
2973.85,3.31602,1.20233,
2977.7,3.29503,1.24496,
2981.56,3.282,1.29142,
2985.42,3.28071,1.28997,
2989.27,3.28557,1.24992,
2993.13,3.28847,1.20962,
2996.99,3.28999,1.20134,
3000.85,3.28981,1.20777,
3004.7,3.302,1.16885,
3008.56,3.31092,1.14866,
3012.42,3.30028,1.20072,
3016.27,3.28787,1.24886,
3020.13,3.29302,1.23117,
3023.99,3.30644,1.18367,
3027.85,3.3122,1.16825,
3031.7,3.30597,1.21134,
3035.56,3.29768,1.2566,
3039.42,3.29428,1.25871,
3043.27,3.30309,1.22021,
3047.13,3.31357,1.18579,
3050.99,3.31273,1.1803,
3054.85,3.30288,1.19636,
3058.7,3.30472,1.17955,
3062.56,3.30855,1.18533,
3066.42,3.31176,1.18494,
3070.27,3.30412,1.21065,
3074.13,3.30416,1.20276,
3077.99,3.30749,1.18652,
3081.85,3.31675,1.16545,
3085.7,3.31905,1.15794,
3089.56,3.31739,1.1711,
3093.42,3.31593,1.1901,
3097.27,3.31792,1.17789,
3101.13,3.31926,1.17652,
3104.99,3.31616,1.19214,
3108.85,3.3168,1.19443,
3112.7,3.3191,1.19892,
3116.56,3.31969,1.19996,
3120.42,3.31479,1.23543,
3124.27,3.32,1.2178,
3128.13,3.32782,1.1755,
3131.99,3.33124,1.13956,
3135.85,3.32697,1.14392,
3139.7,3.32292,1.16735,
3143.56,3.31989,1.18244,
3147.42,3.31989,1.19211,
3151.27,3.31975,1.19286,
3155.13,3.31845,1.18705,
3158.99,3.31861,1.18662,
3162.85,3.32201,1.16212,
3166.7,3.32653,1.14265,
3170.56,3.33153,1.13372,
3174.42,3.33064,1.17537,
3178.27,3.3286,1.20508,
3182.13,3.33051,1.1885,
3185.99,3.32933,1.18668,
3189.85,3.326,1.18813,
3193.7,3.32454,1.20048,
3197.56,3.32804,1.20712,
3201.42,3.33389,1.1681,
3205.27,3.33398,1.1477,
3209.13,3.33381,1.14735,
3212.99,3.33842,1.15898,
3216.85,3.34362,1.14757,
3220.7,3.35191,1.10607,
3224.56,3.35208,1.09854,
3228.42,3.34446,1.11203,
3232.27,3.33566,1.13724,
3236.13,3.33307,1.15333,
3239.99,3.33573,1.16021,
3243.85,3.33417,1.18247,
3247.7,3.33778,1.16984,
3251.56,3.33827,1.16896,
3255.42,3.33003,1.20323,
3259.27,3.33184,1.19807,
3263.13,3.34034,1.16059,
3266.99,3.34512,1.14076,
3270.85,3.34927,1.129,
3274.7,3.3458,1.14172,
3278.56,3.34296,1.16002,
3282.42,3.35415,1.14599,
3286.27,3.36941,1.10207,
3290.13,3.38513,1.05446,
3293.99,3.38032,1.11782,
3297.85,3.37316,1.21471,
3301.7,3.39457,1.26858,
3305.56,3.42976,1.28823,
3309.42,3.43108,1.17053,
3313.27,3.39349,1.17281,
3317.13,3.35508,1.24979,
3320.99,3.35004,1.19079,
3324.85,3.37106,1.09548,
3328.7,3.3784,1.08479,
3332.56,3.36249,1.14419,
3336.42,3.35768,1.15025,
3340.27,3.35876,1.14499,
3344.13,3.36209,1.12829,
3347.99,3.35712,1.14463,
3351.84,3.3506,1.16519,
3355.7,3.3487,1.16789,
3359.56,3.34693,1.19018,
3363.42,3.34985,1.18668,
3367.27,3.35981,1.16556,
3371.13,3.35797,1.18773,
3374.99,3.35648,1.19048,
3378.84,3.36398,1.15188,
3382.7,3.37529,1.09178,
3386.56,3.36776,1.1252,
3390.42,3.36069,1.16861,
3394.27,3.36515,1.15789,
3398.13,3.36277,1.16967,
3401.99,3.35944,1.17553,
3405.84,3.35817,1.17272,
3409.7,3.35591,1.19456,
3413.56,3.36786,1.17447,
3417.42,3.37035,1.17581,
3421.27,3.3671,1.16451,
3425.13,3.37129,1.12411,
3428.99,3.36481,1.14598,
3432.84,3.35691,1.17664,
3436.7,3.36215,1.15987,
3440.56,3.36502,1.1621,
3444.42,3.36084,1.18837,
3448.27,3.36954,1.16782,
3452.13,3.37883,1.13668,
3455.99,3.37313,1.14307,
3459.84,3.37145,1.15715,
3463.7,3.38076,1.12975,
3467.56,3.37927,1.13076,
3471.42,3.37819,1.12235,
3475.27,3.3798,1.10802,
3479.13,3.3841,1.09162,
3482.99,3.3774,1.12681,
3486.84,3.37339,1.15791,
3490.7,3.37244,1.19137,
3494.56,3.36954,1.21706,
3498.42,3.38101,1.14343,
3502.27,3.38244,1.13962,
3506.13,3.38017,1.17295,
3509.99,3.38409,1.14833,
3513.84,3.38764,1.1232,
3517.7,3.39527,1.08473,
3521.56,3.3989,1.06442,
3525.42,3.3858,1.12618,
3529.27,3.3871,1.13888,
3533.13,3.39933,1.11205,
3536.99,3.39786,1.12604,
3540.84,3.39261,1.14095,
3544.7,3.39141,1.13826,
3548.56,3.40351,1.0697,
3552.42,3.40513,1.06793,
3556.27,3.39887,1.12098,
3560.13,3.39421,1.14339,
3563.99,3.38612,1.16121,
3567.84,3.38314,1.1767,
3571.7,3.39677,1.12064,
3575.56,3.40398,1.0772,
3579.42,3.402,1.07782,
3583.27,3.39417,1.11531,
3587.13,3.39468,1.11434,
3590.99,3.39498,1.11154,
3594.84,3.38685,1.16011,
3598.7,3.38898,1.15509,
3602.56,3.39233,1.15419,
3606.42,3.39892,1.14611,
3610.27,3.4095,1.0914,
3614.13,3.4128,1.05901,
3617.99,3.4061,1.09441,
3621.84,3.39689,1.15221,
3625.7,3.40223,1.12277,
3629.56,3.40631,1.08982,
3633.42,3.40002,1.12916,
3637.27,3.40128,1.15189,
3641.13,3.41264,1.10412,
3644.99,3.41639,1.07809,
3648.84,3.41201,1.07657,
3652.7,3.40766,1.08267,
3656.56,3.40397,1.10666,
3660.42,3.41105,1.09515,
3664.27,3.41801,1.08644,
3668.13,3.41167,1.11512,
3671.99,3.40539,1.12701,
3675.84,3.41611,1.08312,
3679.7,3.42251,1.05958,
3683.56,3.42708,1.02445,
3687.42,3.4321,1.00991,
3691.27,3.43424,1.02722,
3695.13,3.433,1.05188,
3698.99,3.43212,1.06428,
3702.84,3.43213,1.09501,
3706.7,3.42999,1.13686,
3710.56,3.43624,1.10409,
3714.42,3.4437,1.05655,
3718.27,3.45101,1.04561,
3722.13,3.45414,1.03597,
3725.99,3.45452,1.03051,
3729.84,3.45814,1.03126,
3733.7,3.45207,1.05031,
3737.56,3.43545,1.09574,
3741.41,3.43458,1.11376,
3745.27,3.44396,1.09506,
3749.13,3.44563,1.09193,
3752.99,3.45074,1.0605,
3756.84,3.46286,1.02746,
3760.7,3.46804,1.02228,
3764.56,3.46609,1.00934,
3768.41,3.46275,1.03365,
3772.27,3.45596,1.08267,
3776.13,3.45355,1.07595,
3779.99,3.4568,1.05562,
3783.84,3.46107,1.04449,
3787.7,3.45235,1.1042,
3791.56,3.4492,1.11519,
3795.41,3.45253,1.0929,
3799.27,3.46398,1.05524,
3803.13,3.46648,1.04887,
3806.99,3.46635,1.0529,
3810.84,3.46951,1.05558,
3814.7,3.46221,1.0928,
3818.56,3.46539,1.07277,
3822.41,3.46857,1.05685,
3826.27,3.47326,1.00969,
3830.13,3.4729,0.989152,
3833.99,3.47151,1.00717,
3837.84,3.46839,1.06503,
3841.7,3.46423,1.07945,
3845.56,3.46525,1.04885,
3849.41,3.47517,1.00902,
3853.27,3.47936,1.0014,
3857.13,3.47122,1.03771,
3860.99,3.46703,1.0561,
3864.84,3.46813,1.0761,
3868.7,3.47266,1.06956,
3872.56,3.47822,1.02057,
3876.41,3.47871,1.01505,
3880.27,3.4766,1.05694,
3884.13,3.46132,1.1368,
3887.99,3.45988,1.13624,
3891.84,3.4652,1.12471,
3895.7,3.45922,1.12908,
3899.56,3.4665,1.06295,
3903.41,3.47884,1.02091,
3907.27,3.48897,0.992822,
3911.13,3.48548,1.01546,
3914.99,3.48601,1.02606,
3918.84,3.49002,1.01188,
3922.7,3.48462,0.993784,
3926.56,3.48179,0.990148,
3930.41,3.4835,1.01514,
3934.27,3.48559,1.02236,
3938.13,3.48287,1.00627,
3941.99,3.49151,0.946314,
3945.84,3.50102,0.9421,
3949.7,3.4921,1.01823,
3953.56,3.47982,1.06898,
3957.41,3.47691,1.07884,
3961.27,3.4792,1.08275,
3965.13,3.4874,1.03356,
3968.99,3.47936,1.07196,
3972.84,3.47563,1.10344,
3976.7,3.47503,1.10499,
3980.56,3.48226,1.05463,
3984.41,3.49181,1.03592,
3988.27,3.49025,1.07093,
3992.13,3.48825,1.05767,
3995.99,3.48757,1.03986,
3999.84,3.48996,1.03447,
4003.7,3.49072,1.03203,
4007.56,3.48523,1.04009,
4011.41,3.48201,1.06833,
4015.27,3.4886,1.05223,
4019.13,3.5014,0.984083,
4022.99,3.50031,0.984605,
4026.84,3.49423,1.01852,
4030.7,3.49429,1.01019,
4034.56,3.49062,1.0252,
4038.41,3.48547,1.05007,
4042.27,3.48205,1.0602,
4046.13,3.48402,1.0544,
4049.99,3.49263,1.01822,
4053.84,3.49315,1.03683,
4057.7,3.49382,1.05928,
4061.56,3.4959,1.05249,
4065.41,3.4957,1.05821,
4069.27,3.49467,1.07632,
4073.13,3.47722,1.15102,
4076.99,3.47965,1.13169,
4080.84,3.49309,1.06653,
4084.7,3.50289,1.01385,
4088.56,3.49861,1.0411,
4092.41,3.49876,1.04157,
4096.27,3.4994,1.02714,
4100.13,3.49628,1.03799,
4103.99,3.49845,1.03408,
4107.84,3.50296,1.01619,
4111.7,3.501,1.01054,
4115.56,3.49259,1.06272,
4119.41,3.49396,1.10226,
4123.27,3.50151,1.08429,
4127.13,3.49832,1.07801,
4130.99,3.49813,1.08939,
4134.84,3.50793,1.05721,
4138.7,3.51303,1.01727,
4142.56,3.51306,1.00276,
4146.41,3.5162,0.96371,
4150.27,3.51143,0.974223,
4154.13,3.50698,1.01234,
4157.98,3.50884,1.04871,
4161.84,3.5202,1.02778,
4165.7,3.52687,0.971719,
4169.56,3.52011,0.959919,
4173.41,3.51031,0.999397,
4177.27,3.50841,1.03454,
4181.13,3.51678,0.982745,
4184.98,3.51539,1.00153,
4188.84,3.52155,1.0048,
4192.7,3.52682,0.952208,
4196.56,3.52764,0.917738,
4200.41,3.52155,0.964562,
4204.27,3.52216,0.970982,
4208.13,3.5265,0.954306,
4211.98,3.52847,0.952942,
4215.84,3.52669,0.986521,
4219.7,3.5186,1.03587,
4223.56,3.50772,1.10742,
4227.41,3.52052,1.04523,
4231.27,3.51946,1.03552,
4235.13,3.51661,1.0068,
4238.98,3.52907,0.931817,
4242.84,3.52921,0.946781,
4246.7,3.51147,1.02105,
4250.56,3.50855,1.06311,
4254.41,3.51161,1.08305,
4258.27,3.52182,1.0109,
4262.13,3.53004,0.937584,
4265.98,3.52436,0.956946,
4269.84,3.50955,1.0476,
4273.7,3.51584,1.01995,
4277.56,3.52595,0.950461,
4281.41,3.52782,0.945368,
4285.27,3.52495,0.988535,
4289.13,3.52588,1.01598,
4292.98,3.53899,0.974924,
4296.84,3.53795,0.988599,
4300.7,3.52955,0.989049,
4304.56,3.52855,0.984384,
4308.41,3.53172,0.974628,
4312.27,3.52366,1.0128,
4316.13,3.52298,1.01347,
4319.98,3.537,0.961291,
4323.84,3.53821,0.965111,
4327.7,3.53734,0.955147,
4331.56,3.53868,0.932779,
4335.41,3.53227,0.978187,
4339.27,3.5199,1.04718,
4343.13,3.52385,1.01469,
4346.98,3.53787,0.943925,
4350.84,3.54603,0.92986,
4354.7,3.54532,0.958245,
4358.56,3.54577,0.950139,
4362.41,3.54156,0.967732,
4366.27,3.53596,0.980703,
4370.13,3.53155,0.984939,
4373.98,3.53872,0.96709,
4377.84,3.54158,0.973942,
4381.7,3.53925,0.988539,
4385.56,3.53639,1.01267,
4389.41,3.53644,1.00653,
4393.27,3.53675,0.982218,
4397.13,3.5316,1.00897,
4400.98,3.52914,1.03973,
4404.84,3.53581,0.997068,
4408.7,3.53814,0.982442,
4412.56,3.5383,0.999474,
4416.41,3.54837,0.963989,
4420.27,3.54409,0.994243,
4424.13,3.54277,0.981651,
4427.98,3.54056,0.986501,
4431.84,3.53097,1.05128,
4435.7,3.53174,1.05948,
4439.56,3.54254,1.01398,
4443.41,3.54804,0.966166,
4447.27,3.54231,0.954836,
4451.13,3.54145,0.953359,
4454.98,3.54716,0.953507,
4458.84,3.54469,0.987155,
4462.7,3.54022,1.00186,
4466.56,3.54636,0.980191,
4470.41,3.55015,0.985669,
4474.27,3.54608,0.986778,
4478.13,3.54355,0.963975,
4481.98,3.54841,0.941824,
4485.84,3.55,0.949993,
4489.7,3.54149,0.986989,
4493.56,3.5457,0.980287,
4497.41,3.55826,0.927309,
4501.27,3.56442,0.875686,
4505.13,3.55814,0.935928,
4508.98,3.55435,0.996938,
4512.84,3.54851,1.01399,
4516.7,3.54307,1.01823,
4520.56,3.55654,0.956315,
4524.41,3.56004,0.936722,
4528.27,3.55141,0.931478,
4532.13,3.55354,0.906252,
4535.98,3.56476,0.910054,
4539.84,3.56961,0.932425,
4543.7,3.56566,0.918718,
4547.55,3.57186,0.856965,
4551.41,3.56816,0.901723,
4555.27,3.55923,0.944226,
4559.13,3.55436,0.958237,
4562.98,3.54843,1.02095,
4566.84,3.54223,1.06453,
4570.7,3.54127,1.06152,
4574.55,3.5604,0.968488,
4578.41,3.5605,0.961796,
4582.27,3.5575,0.932297,
4586.13,3.55834,0.947116,
4589.98,3.56208,0.980786,
4593.84,3.55639,1.00123,
4597.7,3.55084,0.960698,
4601.55,3.56269,0.899934,
4605.41,3.57053,0.924483,
4609.27,3.569,0.936844,
4613.13,3.57102,0.900653,
4616.98,3.56704,0.942716,
4620.84,3.55496,1.0072,
4624.7,3.55528,0.989868,
4628.55,3.56249,0.976578,
4632.41,3.57384,0.93291,
4636.27,3.57068,0.951097,
4640.13,3.57732,0.938802,
4643.98,3.58064,0.952139,
4647.84,3.57488,0.95607,
4651.7,3.57987,0.868952,
4655.55,3.5763,0.891833,
4659.41,3.57286,0.965881,
4663.27,3.57392,0.946916,
4667.13,3.57017,0.938091,
4670.98,3.58134,0.914867,
4674.84,3.5858,0.917748,
4678.7,3.57509,0.955986,
4682.55,3.56883,0.997004,
4686.41,3.57097,0.978654,
4690.27,3.5787,0.880808,
4694.13,3.57719,0.861156,
4697.98,3.58039,0.888828,
4701.84,3.57485,0.953955,
4705.7,3.56514,0.99325,
4709.55,3.5679,0.967554,
4713.41,3.58218,0.894132,
4717.27,3.58526,0.870444,
4721.13,3.5743,0.934206,
4724.98,3.5777,0.942086,
4728.84,3.57909,0.944488,
4732.7,3.56866,0.963791,
4736.55,3.57301,0.933221,
4740.41,3.57959,0.911826,
4744.27,3.57025,0.958119,
4748.13,3.57441,0.931724,
4751.98,3.59204,0.857133,
4755.84,3.58139,0.93378,
4759.7,3.56302,1.01995,
4763.55,3.55545,1.04026,
4767.41,3.56913,0.962562,
4771.27,3.5833,0.862182,
4775.13,3.58544,0.880757,
4778.98,3.58925,0.904422,
4782.84,3.58266,0.931396,
4786.7,3.57054,0.987461,
4790.55,3.56975,1.00787,
4794.41,3.57426,0.981948,
4798.27,3.5764,0.935975,
4802.13,3.57934,0.929602,
4805.98,3.58247,0.946212,
4809.84,3.58941,0.89492,
4813.7,3.59879,0.828726,
4817.55,3.59919,0.856269,
4821.41,3.60157,0.85144,
4825.27,3.59584,0.859498,
4829.13,3.58616,0.903781,
4832.98,3.58411,0.92704,
4836.84,3.58905,0.908917,
4840.7,3.58627,0.92714,
4844.55,3.57148,1.00253,
4848.41,3.58863,0.919519,
4852.27,3.59431,0.851603,
4856.13,3.58144,0.920311,
4859.98,3.58503,0.963676,
4863.84,3.57645,1.02282,
4867.7,3.55519,1.08254,
4871.55,3.59057,0.920503,
4875.41,3.60424,0.85975,
4879.27,3.59885,0.872459,
4883.13,3.59061,0.934411,
4886.98,3.586,1.00014,
4890.84,3.58044,1.02012,
4894.7,3.57666,1.00197,
4898.55,3.56983,1.04941,
4902.41,3.57315,1.05079,
4906.27,3.57793,0.997785,
4910.13,3.59852,0.881648,
4913.98,3.61175,0.839895,
4917.84,3.61135,0.810869,
4921.7,3.59477,0.867392,
4925.55,3.57421,0.943037,
4929.41,3.57959,0.923842,
4933.27,3.59712,0.871789,
4937.12,3.59141,0.947848,
4940.98,3.58998,0.971861,
4944.84,3.5883,0.954163,
4948.7,3.58553,0.943664,
4952.55,3.59344,0.908404,
4956.41,3.59192,0.935219,
4960.27,3.58852,0.947464,
4964.12,3.5958,0.909127,
4967.98,3.60868,0.853518,
4971.84,3.60513,0.865182,
4975.7,3.60615,0.860566,
4979.55,3.61509,0.833395,
4983.41,3.61407,0.829358,
4987.27,3.60367,0.861321,
4991.12,3.59972,0.933401,
4994.98,3.60499,0.942223,
4998.84,3.59705,0.922324,
5002.7,3.60394,0.862673,
5006.55,3.60665,0.908095,
5010.41,3.6028,0.94112,
5014.27,3.60203,0.874863,
5018.12,3.59779,0.873842,
5021.98,3.59332,0.972854,
5025.84,3.59304,0.992773,
5029.7,3.59381,0.956046,
5033.55,3.59362,0.952444,
5037.41,3.59007,0.970471,
5041.27,3.58942,0.958799,
5045.12,3.60655,0.876116,
5048.98,3.62271,0.834433,
5052.84,3.62369,0.821327,
5056.7,3.62406,0.803925,
5060.55,3.61952,0.849936,
5064.41,3.60869,0.900081,
5068.27,3.59748,0.932296,
5072.12,3.59185,0.990769,
5075.98,3.61218,0.934636,
5079.84,3.62426,0.846626,
5083.7,3.60983,0.912955,
5087.55,3.60537,0.930394,
5091.41,3.61017,0.886584,
5095.27,3.6106,0.879026,
5099.12,3.62612,0.829256,
5102.98,3.6241,0.878036,
5106.84,3.6058,0.954309,
5110.7,3.59902,0.936412,
5114.55,3.60029,0.932083,
5118.41,3.61495,0.858303,
5122.27,3.61807,0.820951,
5126.12,3.6067,0.877176,
5129.98,3.60786,0.875004,
5133.84,3.60687,0.865981,
5137.7,3.61323,0.843473,
5141.55,3.61154,0.915049,
5145.41,3.60866,0.940862,
5149.27,3.61263,0.874349,
5153.12,3.62064,0.845858,
5156.98,3.63381,0.795527,
5160.84,3.63233,0.762266,
5164.7,3.63186,0.752633,
5168.55,3.63561,0.758209,
5172.41,3.63495,0.745713,
5176.27,3.6342,0.733518,
5180.12,3.62686,0.821672,
5183.98,3.61268,0.908541,
5187.84,3.61929,0.855525,
5191.7,3.61927,0.872181,
5195.55,3.61647,0.920769,
5199.41,3.61746,0.9004,
5203.27,3.60388,0.942671,
5207.12,3.5995,1.0112,
5210.98,3.59675,1.05581,
5214.84,3.61612,0.94219,
5218.7,3.60531,0.982145,
5222.55,3.60034,1.02544,
5226.41,3.59848,0.967142,
5230.27,3.61855,0.795971,
5234.12,3.62131,0.782541,
5237.98,3.637,0.745508,
5241.84,3.63175,0.77559,
5245.7,3.62547,0.81514,
5249.55,3.62658,0.850452,
5253.41,3.63437,0.80603,
5257.27,3.63296,0.806606,
5261.12,3.62169,0.891878,
5264.98,3.61937,0.925666,
5268.84,3.61766,0.892794,
5272.7,3.60765,0.897315,
5276.55,3.60868,0.934738,
5280.41,3.61333,0.947241,
5284.27,3.62073,0.881674,
5288.12,3.63284,0.816541,
5291.98,3.63556,0.812419,
5295.84,3.62734,0.798689,
5299.7,3.60709,0.899308,
5303.55,3.61844,0.918648,
5307.41,3.62783,0.862902,
5311.27,3.61885,0.878394,
5315.12,3.61419,0.922821,
5318.98,3.62549,0.868262,
5322.84,3.63065,0.835956,
5326.69,3.62478,0.883632,
5330.55,3.62982,0.867974,
5334.41,3.63346,0.827063,
5338.27,3.61854,0.87074,
5342.12,3.63501,0.815332,
5345.98,3.64189,0.809058,
5349.84,3.63869,0.786716,
5353.69,3.62805,0.822757,
5357.55,3.62489,0.839386,
5361.41,3.62519,0.837453,
5365.27,3.62357,0.885794,
5369.12,3.63031,0.900651,
5372.98,3.63816,0.84924,
5376.84,3.63169,0.837398,
5380.69,3.62852,0.822317,
5384.55,3.63499,0.817508,
5388.41,3.63238,0.873243,
5392.27,3.63334,0.865115,
5396.12,3.63997,0.827784,
5399.98,3.64111,0.835036,
5403.84,3.64241,0.816838,
5407.69,3.63019,0.907268,
5411.55,3.62322,0.969622,
5415.41,3.61807,0.960373,
5419.27,3.62911,0.86862,
5423.12,3.63388,0.834388,
5426.98,3.6389,0.804066,
5430.84,3.63473,0.831553,
5434.69,3.63369,0.832154,
5438.55,3.63153,0.836017,
5442.41,3.61968,0.906814,
5446.27,3.62956,0.881605,
5450.12,3.65002,0.775203,
5453.98,3.63376,0.84984,
5457.84,3.62225,0.887967,
5461.69,3.62536,0.88558,
5465.55,3.63767,0.839285,
5469.41,3.63993,0.796151,
5473.27,3.63883,0.828776,
5477.12,3.6404,0.861752,
5480.98,3.64505,0.79436,
5484.84,3.64663,0.747668,
5488.69,3.64065,0.790242,
5492.55,3.64595,0.765995,
5496.41,3.6348,0.808945,
5500.27,3.63204,0.845595,
5504.12,3.64354,0.835014,
5507.98,3.6428,0.840753,
5511.84,3.64854,0.791054,
5515.69,3.64259,0.832478,
5519.55,3.64676,0.798033,
5523.41,3.61785,0.950697,
5527.27,3.61791,0.972272,
5531.12,3.62638,0.951316,
5534.98,3.6465,0.8355,
5538.84,3.63117,0.924569,
5542.69,3.62993,0.923585,
5546.55,3.62776,0.906117,
5550.41,3.62406,0.848598,
5554.27,3.64268,0.71716,
5558.12,3.65641,0.656907,
5561.98,3.66057,0.685768,
5565.84,3.6402,0.820672,
5569.69,3.63714,0.865829,
5573.55,3.6308,0.929455,
5577.41,3.62676,0.936769,
5581.27,3.61932,0.951363,
5585.12,3.63779,0.886323,
5588.98,3.65146,0.804366,
5592.84,3.65167,0.740328,
5596.69,3.63348,0.840343,
5600.55,3.64079,0.782646,
5604.41,3.63382,0.787611,
5608.27,3.63886,0.759313,
5612.12,3.63608,0.831704,
5615.98,3.64061,0.849607,
5619.84,3.6289,0.920905,
5623.69,3.62414,0.966612,
5627.55,3.63777,0.913058,
5631.41,3.65902,0.735139,
5635.27,3.65207,0.744729,
5639.12,3.64969,0.814841,
5642.98,3.64449,0.865018,
5646.84,3.63811,0.856109,
5650.69,3.64777,0.813814,
5654.55,3.65357,0.835924,
5658.41,3.62642,0.9342,
5662.27,3.62146,0.923825,
5666.12,3.63794,0.848899,
5669.98,3.6549,0.755954,
5673.84,3.66,0.735529,
5677.69,3.65742,0.760004,
5681.55,3.64452,0.831357,
5685.41,3.62518,0.948973,
5689.27,3.6173,0.990526,
5693.12,3.63404,0.930629,
5696.98,3.64989,0.823429,
5700.84,3.65559,0.768185,
5704.69,3.64464,0.865534,
5708.55,3.64319,0.884136,
5712.41,3.64258,0.844241,
5716.26,3.63406,0.881405,
5720.12,3.62363,0.968431,
5723.98,3.63926,0.864993,
5727.84,3.64711,0.732627,
5731.69,3.64703,0.767075,
5735.55,3.6467,0.819634,
5739.41,3.6574,0.731275,
5743.26,3.66033,0.71345,
5747.12,3.6442,0.852665,
5750.98,3.63569,0.88497,
5754.84,3.62841,0.890067,
5758.69,3.63567,0.89671,
5762.55,3.64086,0.878965,
5766.41,3.62979,0.905847,
5770.26,3.62646,0.929295,
5774.12,3.63595,0.91031,
5777.98,3.63255,0.931398,
5781.84,3.63401,0.896071,
5785.69,3.65546,0.778922,
5789.55,3.65453,0.807732,
5793.41,3.6389,0.91611,
5797.26,3.63545,0.931727,
5801.12,3.64254,0.931086,
5804.98,3.643,0.931276,
5808.84,3.63944,0.923627,
5812.69,3.65007,0.861676,
5816.55,3.67744,0.671991,
5820.41,3.67045,0.697764,
5824.26,3.65004,0.827891,
5828.12,3.63888,0.925088,
5831.98,3.64034,0.894513,
5835.84,3.64773,0.826806,
5839.69,3.65289,0.82477,
5843.55,3.65786,0.815623,
5847.41,3.65675,0.774846,
5851.26,3.6356,0.902038,
5855.12,3.62607,1.00716,
5858.98,3.62571,0.998682,
5862.84,3.62936,0.95168,
5866.69,3.64821,0.87769,
5870.55,3.65688,0.855099,
5874.41,3.63909,0.947258,
5878.26,3.64651,0.864895,
5882.12,3.6475,0.847443,
5885.98,3.63751,0.919408,
5889.84,3.63605,0.953341,
5893.69,3.65086,0.892121,
5897.55,3.65764,0.825258,
5901.41,3.66228,0.772232,
5905.26,3.65242,0.825458,
5909.12,3.65734,0.811342,
5912.98,3.65838,0.808614,
5916.84,3.65464,0.822801,
5920.69,3.653,0.885667,
5924.55,3.67086,0.760801,
5928.41,3.67062,0.699067,
5932.26,3.67432,0.6892,
5936.12,3.66609,0.789574,
5939.98,3.65238,0.86149,
5943.84,3.64951,0.864964,
5947.69,3.67235,0.749425,
5951.55,3.67303,0.734554,
5955.41,3.66106,0.781357,
5959.26,3.65363,0.865462,
5963.12,3.65732,0.869123,
5966.98,3.66819,0.788008,
5970.84,3.66758,0.823401,
5974.69,3.66484,0.89335,
5978.55,3.66306,0.870211,
5982.41,3.65938,0.781394,
5986.26,3.66171,0.817032,
5990.12,3.65923,0.897,
5993.98,3.67121,0.813866,
5997.84,3.67735,0.768536,
6001.69,3.66904,0.826771,
6005.55,3.66427,0.82619,
6009.41,3.65767,0.842907,
6013.26,3.65442,0.900247,
6017.12,3.66445,0.845682,
6020.98,3.66877,0.75583,
6024.84,3.66807,0.724553,
6028.69,3.66994,0.753046,
6032.55,3.66445,0.833945,
6036.41,3.66886,0.79814,
6040.26,3.6729,0.805262,
6044.12,3.67026,0.830275,
6047.98,3.65892,0.843056,
6051.84,3.65277,0.882503,
6055.69,3.65781,0.871438,
6059.55,3.65748,0.837133,
6063.41,3.66814,0.737445,
6067.26,3.67462,0.744125,
6071.12,3.66792,0.84361,
6074.98,3.66434,0.845429,
6078.84,3.67078,0.759152,
6082.69,3.67092,0.792475,
6086.55,3.63897,0.945801,
6090.41,3.64446,0.894759,
6094.26,3.66111,0.862646,
6098.12,3.66918,0.856645,
6101.98,3.67434,0.758491,
6105.83,3.67676,0.686141,
6109.69,3.67214,0.721775,
6113.55,3.66983,0.723529,
6117.41,3.672,0.736536,
6121.26,3.67156,0.808498,
6125.12,3.66841,0.837651,
6128.98,3.66788,0.782756,
6132.83,3.66331,0.817689,
6136.69,3.67095,0.827622,
6140.55,3.66048,0.857628,
6144.41,3.65366,0.871058,
6148.26,3.6545,0.886498,
6152.12,3.65953,0.856422,
6155.98,3.66168,0.824452,
6159.83,3.65885,0.875244,
6163.69,3.66092,0.894356,
6167.55,3.66667,0.866994,
6171.41,3.67269,0.805992,
6175.26,3.67765,0.78931,
6179.12,3.6716,0.824845,
6182.98,3.66384,0.862446,
6186.83,3.65645,0.905361,
6190.69,3.66746,0.847472,
6194.55,3.68088,0.726119,
6198.41,3.68202,0.712095,
6202.26,3.68706,0.746815,
6206.12,3.68528,0.751944,
6209.98,3.66548,0.815243,
6213.83,3.67286,0.831658,
6217.69,3.66952,0.901004,
6221.55,3.65402,0.960153,
6225.41,3.65239,0.948397,
6229.26,3.66967,0.838888,
6233.12,3.6682,0.835761,
6236.98,3.67568,0.777987,
6240.83,3.69476,0.664834,
6244.69,3.70266,0.61525,
6248.55,3.69942,0.631512,
6252.41,3.68825,0.714605,
6256.26,3.67918,0.776392,
6260.12,3.67463,0.799782,
6263.98,3.64888,0.895772,
6267.83,3.64438,0.920959,
6271.69,3.64456,0.987733,
6275.55,3.67159,0.871715,
6279.41,3.67854,0.804618,
6283.26,3.67615,0.852892,
6287.12,3.6793,0.864913,
6290.98,3.67195,0.873026,
6294.83,3.67412,0.847521,
6298.69,3.68928,0.734833,
6302.55,3.68318,0.688108,
6306.41,3.67195,0.771081,
6310.26,3.66584,0.89029,
6314.12,3.67952,0.82956,
6317.98,3.66304,0.88791,
6321.83,3.6699,0.857389,
6325.69,3.67257,0.859195,
6329.55,3.66993,0.871865,
6333.41,3.67291,0.849219,
6337.26,3.69165,0.751367,
6341.12,3.69251,0.732285,
6344.98,3.68498,0.761248,
6348.83,3.66762,0.921596,
6352.69,3.68052,0.8562,
6356.55,3.67515,0.855621,
6360.41,3.66893,0.891874,
6364.26,3.67108,0.865234,
6368.12,3.66971,0.839096,
6371.98,3.67235,0.796125,
6375.83,3.66819,0.887091,
6379.69,3.68568,0.798444,
6383.55,3.67901,0.781515,
6387.41,3.68942,0.732721,
6391.26,3.70783,0.631998,
6395.12,3.69849,0.699226,
6398.98,3.67385,0.850631,
6402.83,3.66989,0.875861,
6406.69,3.67341,0.824158,
6410.55,3.67616,0.759807,
6414.41,3.67723,0.783684,
6418.26,3.68907,0.779652,
6422.12,3.6803,0.820781,
6425.98,3.69032,0.724686,
6429.83,3.69254,0.705666,
6433.69,3.68941,0.721785,
6437.55,3.66657,0.822825,
6441.41,3.65579,0.900056,
6445.26,3.66198,0.889922,
6449.12,3.66258,0.874003,
6452.98,3.67815,0.790785,
6456.83,3.68604,0.800296,
6460.69,3.69045,0.753004,
6464.55,3.66859,0.836866,
6468.41,3.65165,0.92514,
6472.26,3.65118,0.968739,
6476.12,3.67031,0.896148,
6479.98,3.67017,0.91003,
6483.83,3.67864,0.866195,
6487.69,3.67437,0.826643,
6491.55,3.6715,0.793551,
6495.4,3.67905,0.802621,
6499.26,3.67733,0.863991,
6503.12,3.70529,0.6849,
6506.98,3.68144,0.81725,
6510.83,3.67783,0.806847,
6514.69,3.6883,0.770675,
6518.55,3.65095,0.948838,
6522.4,3.65569,0.938882,
6526.26,3.66665,0.909603,
6530.12,3.68162,0.801736,
6533.98,3.68152,0.765734,
6537.83,3.68822,0.793001,
6541.69,3.69749,0.784155,
6545.55,3.69675,0.8025,
6549.4,3.6815,0.893844,
6553.26,3.67274,0.958924,
6557.12,3.68206,0.875654,
6560.98,3.69099,0.832981,
6564.83,3.69215,0.811346,
6568.69,3.68938,0.772072,
6572.55,3.67573,0.782424,
6576.4,3.68018,0.802046,
6580.26,3.68796,0.805905,
6584.12,3.68622,0.777601,
6587.98,3.68805,0.752718,
6591.83,3.69011,0.784829,
6595.69,3.68727,0.80865,
6599.55,3.67956,0.846283,
6603.4,3.68242,0.856986,
6607.26,3.69491,0.799578,
6611.12,3.70872,0.607558,
6614.98,3.70298,0.602299,
6618.83,3.69986,0.731206,
6622.69,3.68689,0.829912,
6626.55,3.68405,0.782175,
6630.4,3.68804,0.756881,
6634.26,3.69807,0.754369,
6638.12,3.67265,0.922521,
6641.98,3.67111,0.924814,
6645.83,3.68024,0.873344,
6649.69,3.69364,0.77201,
6653.55,3.68718,0.804938,
6657.4,3.6799,0.901596,
6661.26,3.68662,0.876444,
6665.12,3.68015,0.842348,
6668.98,3.68692,0.74056,
6672.83,3.6963,0.696801,
6676.69,3.69177,0.736177,
6680.55,3.68242,0.777855,
6684.4,3.69381,0.726466,
6688.26,3.69996,0.729941,
6692.12,3.68014,0.825818,
6695.98,3.69313,0.755133,
6699.83,3.69466,0.75529,
6703.69,3.70374,0.680485,
6707.55,3.69751,0.709629,
6711.4,3.68269,0.826231,
6715.26,3.68821,0.786501,
6719.12,3.6869,0.783738,
6722.98,3.67463,0.897061,
6726.83,3.67922,0.927004,
6730.69,3.69198,0.791206,
6734.55,3.69126,0.770141,
6738.4,3.69359,0.795687,
6742.26,3.69488,0.816637,
6746.12,3.69687,0.779757,
6749.98,3.67896,0.862265,
6753.83,3.67327,0.897134,
6757.69,3.69243,0.780697,
6761.55,3.69099,0.76491,
6765.4,3.68727,0.831493,
6769.26,3.68549,0.852186,
6773.12,3.68988,0.746838,
6776.98,3.69615,0.697688,
6780.83,3.6996,0.740142,
6784.69,3.69879,0.740514,
6788.55,3.69008,0.822203,
6792.4,3.68225,0.916774,
6796.26,3.68351,0.904746,
6800.12,3.68097,0.835322,
6803.98,3.68568,0.78231,
6807.83,3.6955,0.763717,
6811.69,3.69163,0.809614,
6815.55,3.68791,0.875334,
6819.4,3.68483,0.948144,
6823.26,3.69377,0.852566,
6827.12,3.70163,0.715689,
6830.98,3.69206,0.755241,
6834.83,3.67483,0.880364,
6838.69,3.67646,0.874463,
6842.55,3.68949,0.782189,
6846.4,3.70313,0.710924,
6850.26,3.70811,0.695417,
6854.12,3.69412,0.770115,
6857.98,3.68744,0.852969,
6861.83,3.68996,0.850086,
6865.69,3.70005,0.754355,
6869.55,3.71403,0.615423,
6873.4,3.70279,0.69872,
6877.26,3.68514,0.829707,
6881.12,3.68659,0.798057,
6884.98,3.70003,0.714942,
6888.83,3.70107,0.735788,
6892.69,3.68561,0.788805,
6896.55,3.68296,0.791882,
6900.4,3.69898,0.769746,
6904.26,3.72404,0.644872,
6908.12,3.70915,0.770977,
6911.97,3.69671,0.830358,
6915.83,3.69447,0.881249,
6919.69,3.69991,0.840467,
6923.55,3.69754,0.844841,
6927.4,3.70059,0.838017,
6931.26,3.68967,0.868009,
6935.12,3.68221,0.856228,
6938.97,3.68718,0.849402,
6942.83,3.69484,0.893155,
6946.69,3.68376,0.955846,
6950.55,3.67382,0.96127,
6954.4,3.69298,0.89027,
6958.26,3.70455,0.85273,
6962.12,3.68821,0.916818,
6965.97,3.69067,0.863744,
6969.83,3.6715,0.970353,
6973.69,3.69019,0.866471,
6977.55,3.70749,0.764545,
6981.4,3.6837,0.911007,
6985.26,3.68395,0.919059,
6989.12,3.69701,0.821327,
6992.97,3.70168,0.749792,
6996.83,3.70466,0.713652,
7000.69,3.69296,0.769318,
7004.55,3.68581,0.80287,
7008.4,3.70075,0.7016,
7012.26,3.72799,0.523714,
7016.12,3.72341,0.574338,
7019.97,3.72594,0.599137,
7023.83,3.71537,0.78535,
7027.69,3.7113,0.767732,
7031.55,3.7033,0.778995,
7035.4,3.6882,0.828606,
7039.26,3.67162,0.828305,
7043.12,3.68778,0.748838,
7046.97,3.70584,0.768528,
7050.83,3.69418,0.896387,
7054.69,3.68783,0.893216,
7058.55,3.69068,0.869122,
7062.4,3.69922,0.873347,
7066.26,3.69132,0.893917,
7070.12,3.69808,0.8147,
7073.97,3.70747,0.768435,
7077.83,3.70534,0.776986,
7081.69,3.7008,0.733253,
7085.55,3.70001,0.735009,
7089.4,3.7109,0.787972,
7093.26,3.70237,0.867425,
7097.12,3.70909,0.788071,
7100.97,3.71968,0.698655,
7104.83,3.70159,0.69971,
7108.69,3.69768,0.69003,
7112.55,3.67666,0.882919,
7116.4,3.70772,0.779937,
7120.26,3.71315,0.719971,
7124.12,3.70898,0.738764,
7127.97,3.712,0.770165,
7131.83,3.69482,0.829417,
7135.69,3.68192,0.873281,
7139.55,3.70699,0.812305,
7143.4,3.71933,0.77983,
7147.26,3.72386,0.683353,
7151.12,3.72135,0.666819,
7154.97,3.71436,0.778041,
7158.83,3.71063,0.759942,
7162.69,3.71877,0.649862,
7166.55,3.71257,0.740789,
7170.4,3.70918,0.823097,
7174.26,3.70858,0.793876,
7178.12,3.71251,0.747959,
7181.97,3.71541,0.755829,
7185.83,3.70556,0.801763,
7189.69,3.69076,0.868822,
7193.55,3.69717,0.82237,
7197.4,3.69615,0.86323,
7201.26,3.71913,0.782126,
7205.12,3.71176,0.876519,
7208.97,3.71279,0.87652,
7212.83,3.7163,0.782218,
7216.69,3.70971,0.786799,
7220.55,3.71332,0.823714,
7224.4,3.71168,0.838901,
7228.26,3.71632,0.726646,
7232.12,3.73116,0.575921,
7235.97,3.71458,0.689476,
7239.83,3.69612,0.781876,
7243.69,3.69135,0.818394,
7247.55,3.70193,0.826184,
7251.4,3.69521,0.903612,
7255.26,3.70127,0.770158,
7259.12,3.69392,0.80704,
7262.97,3.69607,0.802946,
7266.83,3.71283,0.731314,
7270.69,3.71632,0.832932,
7274.55,3.71822,0.791241,
7278.4,3.70925,0.797943,
7282.26,3.71662,0.717129,
7286.12,3.72954,0.712602,
7289.97,3.72554,0.757102,
7293.83,3.72173,0.666684,
7297.69,3.70999,0.739258,
7301.54,3.7108,0.808331,
7305.4,3.69314,0.991924,
7309.26,3.68394,0.969821,
7313.12,3.67665,0.973262,
7316.97,3.68986,0.897038,
7320.83,3.70724,0.719832,
7324.69,3.72632,0.522386,
7328.54,3.72633,0.73255,
7332.4,3.69488,0.962332,
7336.26,3.70669,0.817015,
7340.12,3.71276,0.724434,
7343.97,3.70615,0.824091,
7347.83,3.71513,0.801708,
7351.69,3.70362,0.826092,
7355.54,3.7314,0.644803,
7359.4,3.73925,0.627425,
7363.26,3.71742,0.758884,
7367.12,3.72838,0.661835,
7370.97,3.7153,0.774876,
7374.83,3.69434,0.873166,
7378.69,3.7,0.818059,
7382.54,3.72312,0.683812,
7386.4,3.73283,0.705739,
7390.26,3.70291,0.933991,
7394.12,3.70652,0.81773,
7397.97,3.70688,0.838018,
7401.83,3.67913,0.98033,
7405.69,3.71194,0.704356,
7409.54,3.75254,0.448987,
7413.4,3.73707,0.589246,
7417.26,3.70947,0.764106,
7421.12,3.68556,0.946529,
7424.97,3.72126,0.738743,
7428.83,3.7246,0.80235,
7432.69,3.70854,0.933969,
7436.54,3.70531,0.918003,
7440.4,3.72254,0.77346,
7444.26,3.71524,0.801346,
7448.12,3.69276,0.963501,
7451.97,3.70547,0.888242,
7455.83,3.69557,0.873185,
7459.69,3.69359,0.885895,
7463.54,3.69434,0.880564,
7467.4,3.70651,0.709957,
7471.26,3.70427,0.740799,
7475.12,3.71783,0.736539,
7478.97,3.72153,0.741008,
7482.83,3.70666,0.859384,
7486.69,3.71851,0.854053,
7490.54,3.72375,0.864871,
7494.4,3.72487,0.767439,
7498.26,3.72222,0.699278,
7502.12,3.69919,0.864205,
7505.97,3.70899,0.837285,
7509.83,3.71851,0.751134,
7513.69,3.71487,0.749298,
7517.54,3.71031,0.800816,
7521.4,3.7093,0.781398,
7525.26,3.71364,0.754638,
7529.12,3.72446,0.779316,
7532.97,3.72041,0.857735,
7536.83,3.70609,0.893766,
7540.69,3.713,0.846716,
7544.54,3.72415,0.782955,
7548.4,3.73119,0.712334,
7552.26,3.70805,0.831266,
7556.12,3.72868,0.770381,
7559.97,3.73524,0.736552,
7563.83,3.73761,0.667345,
7567.69,3.71276,0.761761,
7571.54,3.70452,0.809358,
7575.4,3.72153,0.780595,
7579.26,3.71042,0.864801,
7583.12,3.7202,0.825814,
7586.97,3.73219,0.666564,
7590.83,3.74062,0.580121,
7594.69,3.7407,0.660069,
7598.54,3.7385,0.622406,
7602.4,3.74128,0.480062,
7606.26,3.76611,0.27252,
7610.12,3.73833,0.601264,
7613.97,3.70806,0.836502,
7617.83,3.71078,0.832068,
7621.69,3.73186,0.755261,
7625.54,3.71532,0.852188,
7629.4,3.68599,0.98754,
7633.26,3.7184,0.74235,
7637.12,3.69492,0.921679,
7640.97,3.68823,1.01486,
7644.83,3.70644,0.891206,
7648.69,3.7133,0.85977,
7652.54,3.70515,0.9202,
7656.4,3.69996,0.919073,
7660.26,3.71367,0.784499,
7664.12,3.73188,0.671152,
7667.97,3.72736,0.832195,
7671.83,3.73569,0.800717,
7675.69,3.7383,0.75339,
7679.54,3.72377,0.830604,
7683.4,3.70517,0.879115,
7687.26,3.71122,0.859481,
7691.11,3.72578,0.802463,
7694.97,3.71751,0.820872,
7698.83,3.71023,0.861223,
7702.69,3.71468,0.886784,
7706.54,3.71005,0.927917,
7710.4,3.70645,0.916005,
7714.26,3.71733,0.826348,
7718.11,3.7089,0.885382,
7721.97,3.7143,0.840119,
7725.83,3.71904,0.798266,
7729.69,3.71718,0.81089,
7733.54,3.73508,0.717878,
7737.4,3.74447,0.626815,
7741.26,3.75943,0.506659,
7745.11,3.76443,0.554398,
7748.97,3.72038,0.839109,
7752.83,3.69445,0.963457,
7756.69,3.728,0.75668,
7760.54,3.75368,0.547594,
7764.4,3.75792,0.516163,
7768.26,3.75788,0.578579,
7772.11,3.7432,0.692416,
7775.97,3.71767,0.771619,
7779.83,3.72195,0.724905,
7783.69,3.71655,0.696219,
7787.54,3.70024,0.703203,
7791.4,3.73899,0.675767,
7795.26,3.69576,0.942493,
7799.11,3.7159,0.820023,
7802.97,3.74609,0.626307,
7806.83,3.74057,0.701766,
7810.69,3.73688,0.831543,
7814.54,3.71495,1.03057,
7818.4,3.74068,0.7828,
7822.26,3.70155,0.991768,
7826.11,3.69977,0.949231,
7829.97,3.72399,0.781866,
7833.83,3.74187,0.688919,
7837.69,3.76508,0.589943,
7841.54,3.7546,0.655734,
7845.4,3.74108,0.628227,
7849.26,3.73958,0.66889,
7853.11,3.75805,0.668894,
7856.97,3.75414,0.719011,
7860.83,3.7315,0.856395,
7864.69,3.70378,1.03683,
7868.54,3.73669,0.807031,
7872.4,3.76216,0.715063,
7876.26,3.74368,0.901099,
7880.11,3.74321,0.807536,
7883.97,3.74615,0.722247,
7887.83,3.74104,0.841885,
7891.69,3.74942,0.736398,
7895.54,3.7482,0.675873,
7899.4,3.73263,0.797898,
7903.26,3.71113,0.943498,
7907.11,3.67528,1.08548,
7910.97,3.70238,0.843934,
7914.83,3.7655,0.402264,
7918.69,3.74566,0.741075,
7922.54,3.71673,0.861451,
7926.4,3.71713,0.835784,
7930.26,3.72869,0.757249,
7934.11,3.74462,0.631388,
7937.97,3.72039,0.730814,
7941.83,3.77095,0.477804,
7945.69,3.75884,0.653753,
7949.54,3.75274,0.634503,
7953.4,3.7748,0.388463,
7957.26,3.74557,0.422853,
7961.11,3.72377,0.797877,
7964.97,3.71988,0.894508,
7968.83,3.6903,1.01194,
7972.69,3.68984,0.999305,
7976.54,3.71052,0.860397,
7980.4,3.73337,0.673781,
7984.26,3.74574,0.527712,
7988.11,3.75239,0.586945,
7991.97,3.74557,0.734378,
7995.83,3.75535,0.709515,
7999.69,3.73728,0.647767,
8003.54,3.72956,0.702359,
8007.4,3.75024,0.728466,
8011.26,3.72951,0.89932,
8015.11,3.70741,0.983611,
8018.97,3.72836,0.918944,
8022.83,3.73598,0.843018,
8026.69,3.71352,0.891012,
8030.54,3.71556,0.938276,
8034.4,3.73587,0.892179,
8038.26,3.73625,0.890088,
8042.11,3.74014,0.872044,