54.97,301.0623
62.08,290.9379
67.25,292.3875
71.38,301.2735
76.43,299.7016
82.63,291.0192
88.71,303.6005
90.77,311.2493
96.97,297.8492
100.07,305.2601
109.25,301.8732
112.35,310.7166
116.36,296.7841
118.43,298.449
123.59,307.3727
127.73,313.7264
132.77,313.4208
140,309.9958
146.09,321.3132
150.22,314.5341
157.45,321.309
163.53,320.1989
165.6,312.2421
173.74,315.4387
176.84,326.4277
179.94,327.6833
188.09,332.3416
195,322.9576
200,338.0357
201,331.7975
201.4,319.3181
203,331.0531
204,328.9733
205,327.6355
206,326.031
207,323.4524
208,320.4858
209,317.729
210,315.2509
211,312.2642
212,309.1384
213,306.5446
214,305.1241
215,306.1657
216,309.5716
217,314.4258
218,318.4416
219,321.1503
220,323.8262
221,327.47
222,332.3484
223,338.2593
224,344.0491
225,348.9713
226,352.8629
227,357.0063
228,363.1176
229,370.7618
230,378.3852
231,384.2964
232,387.533
233,388.5397
234,388.8463
235,389.9912
236,392.0056
237,393.7396
238,393.4699
239,389.6436
240,383.8553
241,377.5114
242,372.1
243,367.7549
244,364.3782
245,360.4769
246,355.7433
247,349.433
248,342.6672
249,337.0616
250,333.7676
251,332.8473
252,333.4271
253,334.0531
254,334.1961
255,333.3186
256,330.9774
257,327.4935
258,322.6053
259,316.9325
260,311.9196
261,308.4645
262,307.3778
263,308.4314
264,310.7162
265,313.649
266,317.2061
267,320.5892
268,323.8702
269,327.0605
270,330.0163
271,333.3284
272,336.558
273,339.9023
274,343.0963
275,345.5607
276,347.3752
277,348.5811
278,349.1038
279,350.0334
280,351.9353
281,355.4647
282,360.176
283,364.894
284,368.3947
285,369.6963
286,369.7034
287,369.5242
288,370.0893
289,371.7451
290,373.2453
291,373.1765
292,370.5878
293,366.0255
294,360.6975
295,356.1375
296,352.5714
297,350.2028
298,348.1331
299,346.3075
300,343.9044
301,340.7106
302,335.575
303,327.7867
304,318.2026
305,307.7342
306,297.7444
307,289.2598
308,282.8304
309,277.6601
310,272.3538
311,266.3933
312,259.1293
313,251.472
314,244.2214
315,238.4711
316,233.733
317,229.8129
318,226.7261
319,224.5135
320,224.0041
321,225.5753
322,229.2035
323,234.6826
324,241.9946
325,250.4939
326,259.5739
327,269.2737
328,279.6122
329,290.8047
330,302.8389
331,315.8913
332,329.4749
333,343.1406
334,356.5157
335,370.3312
336,385.605
337,402.1751
338,419.857
339,437.8971
340,454.0195
341,465.7208
342,470.4398
343,466.9733
344,456.4918
345,441.8863
346,427.4326
347,417.1291
348,411.2796
349,410.386
350,413.7531
351,420.7852
352,430.4812
353,441.8408
354,453.2771
355,463.7517
356,472.6949
357,479.7896
358,485.2774
359,488.3591
360,488.9863
361,487.144
362,483.4558
363,478.6754
364,473.5205
365,469.2286
366,466.3406
367,465.8988
368,467.3529
369,469.0598
370,469.9453
371,468.6355
372,464.6908
373,457.3473
374,447.0488
375,435.8215
376,426.8527
377,423.411
378,427.7428
379,437.1268
380,444.8833
381,448.9015
382,451.381
383,454.6377
384,459.1852
385,463.0575
386,463.821
387,460.5215
388,455.5489
389,451.9469
390,452.3168
391,456.1161
392,460.3919
393,463.9676
394,465.8091
395,467.0569
396,469.4466
397,473.7032
398,480.0735
399,487.7684
400,496.1268
401,505.0928
402,513.7587
403,521.7259
404,528.627
405,534.543
406,539.7061
407,543.9125
408,547.1793
409,549.1335
410,549.9066
411,550.0585
412,550.6234
413,551.3397
414,552.7929
415,554.3422
416,556.8836
417,560.7485
418,566.1729
419,572.2734
420,577.6023
421,580.1213
422,579.1964
423,576.3003
424,573.3533
425,570.2205
426,566.8751
427,562.9752
428,559.1356
429,556.9301
430,557.9487
431,563.1783
432,572.2182
433,583.0826
434,594.0735
435,605.1549
436,614.5565
437,621.5542
438,625.3629
439,626.835
440,628.0767
441,630.2632
442,633.9872
443,638.345
444,642.1972
445,644.6631
446,646.6251
447,649.3388
448,653.0313
449,657.5969
450,661.0631
451,661.3895
452,657.4949
453,649.5689
454,639.8475
455,631.849
456,626.3463
457,622.7354
458,619.7631
459,616.2042
460,611.9271
461,606.3729
462,599.4371
463,590.8685
464,581.2607
465,571.378
466,562.8802
467,556.6421
468,553.2263
469,551.5776
470,550.5862
471,549.2798
472,547.5322
473,544.6486
474,541.2719
475,538.4703
476,539.0645
477,544.9855
478,556.9479
479,572.9436
480,591.56
481,611.0314
482,630.7296
483,649.9594
484,667.4482
485,682.9388
486,696.5412
487,710.6931
488,727.006
489,745.5662
490,764.9679
491,783.8229
492,801.7328
493,818.3324
494,834.0853
495,848.6716
496,861.5968
497,872.3312
498,879.3005
499,883.3268
500,884.8865
501,885.2024
502,884.5074
503,883.4335
504,881.7201
505,879.4897
506,877.5193
507,877.004
508,878.0017
509,879.0002
510,879.231
511,878.3999
512,878.6072
513,880.4485
514,883.7772
515,887.1671
516,888.5547
517,887.8295
518,885.1275
519,881.8851
520,878.3932
521,874.1796
522,868.9878
523,863.6079
524,858.556
525,855.0937
526,853.9483
527,854.0269
528,854.9854
529,855.4238
530,856.0032
531,857.3555
532,859.6188
533,862.8513
534,866.14
535,869.2154
536,872.8018
537,877.0869
538,882.5768
539,888.6122
540,894.0433
541,897.6351
542,900.2711
543,903.8293
544,909.601
545,917.548
546,927.8216
547,939.522
548,952.0215
549,964.3992
550,974.7097
551,980.7491
552,981.4841
553,978.4762
554,973.3783
555,968.1171
556,963.2713
557,958.6003
558,953.5447
559,947.2929
560,939.4668
561,930.5894
562,921.7382
563,914.5146
564,911.1389
565,911.8652
566,915.7766
567,921.4137
568,926.1732
569,928.8573
570,929.0146
571,927.2437
572,924.6335
573,922.5146
574,922.1097
575,923.0595
576,924.5006
577,925.1373
578,924.2978
579,921.8228
580,918.3505
581,914.5468
582,910.6389
583,907.1899
584,903.8069
585,901.3575
586,900.1519
587,900.3936
588,901.1234
589,901.9909
590,903.023
591,904.0606
592,905.315
593,906.5698
594,907.6801
595,908.779
596,910.5934
597,913.9608
598,919.7851
599,928.4491
600,937.7442
601,946.4687
602,953.9484
603,960.2111
604,966.1185
605,971.0645
606,975.7326
607,980.0244
608,983.5202
609,986.3547
610,987.3401
611,986.8453
612,984.4423
613,981.1244
614,976.8219
615,972.7488
616,969.9929
617,967.991
618,969.0073
619,970.9365
620,976.8098
621,982.7928
622,992.1251
623,1001.262
624,1011.938
625,1022.357
626,1033.159
627,1043.386
628,1052.799
629,1060.661
630,1065.789
631,1067.883
632,1065.689
633,1060.62
634,1052.171
635,1043.713
636,1035.153
637,1029.998
638,1027.054
639,1028.024
640,1030.795
641,1034.695
642,1038.968
643,1042.133
644,1045.114
645,1046.619
646,1048.12
647,1049.751
648,1051.589
649,1054.519
650,1057.316
651,1061.422
652,1065.711
653,1070.987
654,1076.391
655,1082.693
656,1088.774
657,1094.899
658,1100.667
659,1106.317
660,1111.648
661,1116.714
662,1121.705
663,1126.423
664,1131.076
665,1135.442
666,1139.56
667,1143.476
668,1147.57
669,1151.455
670,1155.895
671,1160.131
672,1164.043
673,1167.947
674,1170.853
675,1173.58
676,1174.944
677,1175.987
678,1175.388
679,1174.642
680,1172.547
681,1170.227
682,1166.974
683,1164.28
684,1161.666
685,1159.953
686,1159.168
687,1159.01
688,1159.518
689,1159.653
690,1159.622
691,1158.5
692,1156.707
693,1154.544
694,1152.344
695,1150.892
696,1150.071
697,1151.228
698,1153.128
699,1156.568
700,1160.052
715.01,1204.312
730.02,1223.272
745.02,1213.754
760.03,1252.487
775.04,1279.935
790.05,1314.754
805.05,1321.372
820.06,1354.877
835.07,1357.856
850.08,1398.873
865.09,1384.097
880.09,1403.594
895.1,1439.435
900,1436.693
910,1450.395
920,1462.387
930,1473.784
940,1484.684
950,1495.135
960,1505.158
970,1514.795
980,1524.06
990,1532.983
1000,1541.574
1010,1549.862
1020,1557.865
1030,1565.594
1040,1573.073
1050,1580.317
1060,1587.342
1070,1594.161
1080,1600.793
1090,1607.254
1100,1613.549
1110,1619.699
1120,1625.715
1130,1631.611
1140,1637.403
1150,1643.102
1160,1648.711
1170,1654.257
1180,1659.742
1190,1665.176
1200,1670.58
1210,1675.958
1220,1681.317
1230,1686.676
1240,1692.04
1250,1697.422
1260,1702.827
1270,1708.27
1280,1713.756
1290,1719.297
1300,1724.908
1310,1730.593
1320,1736.357
1330,1742.215
1340,1748.169
1350,1754.237
1360,1760.419
1370,1766.725
1380,1773.163
1390,1779.747
1400,1786.473
1410,1793.359
1420,1800.41
1430,1807.632
1440,1815.029
1450,1822.62
1460,1830.404
1470,1838.396
1480,1846.616
1490,1855.104
1500,1864.274
1510.42,1877.869
1525.43,1890.421
1540.44,1902.178
1555.44,1913.163
1570.45,1935.176
1585.46,1931.401
1600.47,1946.526
1615.47,1952.402
1630.48,1971.301
1645.49,1975.144
1660.5,1988.993
1675.51,2012.058
1690.51,2019.121
1705.52,2036.209
1720.53,2051.095
1735.54,2065.725
1750.54,2079.852
1765.55,2094.508
1780.56,2110.281
1795.57,2122.945
1810.57,2137.142
1825.58,2152.335
1840.59,2169.574
1855.6,2176.901
1870.61,2186.123
1885.61,2204.854
1900.62,2212.709
1915.63,2229.133
1930.64,2239.721
1945.65,2254.64
1960.65,2270.197
1975.66,2275.808
1990.67,2301.989
2005.68,2310.985
2020.68,2322.978
2035.69,2339.002
2050.7,2349.483
2065.71,2361.414
2080.72,2373.231
2095.72,2385.794
2110.73,2406.867
2125.74,2418.801
2140.75,2427.588
2155.75,2448.488
2170.76,2458.323
2185.77,2473.616
2200.78,2479.136
2215.78,2503.525
2230.79,2513.456
2245.8,2525.621
2260.81,2543.062
2275.82,2563.846
2290.82,2565.027
2305.83,2588.073
2320.84,2598.76
2335.85,2618.195
2350.85,2623.06
2365.86,2642.734
2380.87,2655.09
2395.88,2665.641
2410.89,2689.892
2425.89,2696.798
2440.9,2722.84
2455.91,2734.79
2470.92,2742.98
2485.93,2757.82
2500.93,2780.861
2515.94,2793.576
2530.95,2809.382
2545.96,2827.017
2560.96,2837.386
2575.97,2858.109
2590.98,2871.548
2605.99,2891.185
2621,2904.995
2636,2919.027
2651.01,2941.758
2666.02,2957.634
2681.03,2966.1
2696.03,2985.576
2711.04,3008.508
2726.05,3023.778
2741.06,3041.203
2756.06,3061.838
2771.07,3077.901
2786.08,3094.296
2800,3114.537
2810,3125.93
2820,3137.622
2830,3149.335
2840,3161.058
2850,3172.795
2860,3184.531
2870,3196.272
2880,3208.027
2890,3219.785
2900,3231.556
2910,3243.345
2920,3255.131
2930,3266.957
2940,3278.809
2950,3290.661
2960,3302.555
2970,3314.474
2980,3326.411
2990,3338.394
3000,3350.413
3010,3362.459
3020,3374.552
3030,3386.673
3040,3398.853
3050,3411.059
3060,3423.336
3070,3435.65
3080,3448.02
3090,3460.444
3100,3472.926
3110,3485.456
3120,3498.052
3130,3510.717
3140,3523.445
3150,3536.235
3160,3549.086
3170,3562.02
3180,3575.028
3190,3588.106
3200,3601.26
3210,3614.49
3220,3627.803
3230,3641.208
3240,3654.687
3250,3668.258
3260,3681.913
3270,3695.659
3280,3709.507
3290,3723.44
3300,3737.46
3310,3751.598
3320,3765.822
3330,3780.156
3340,3794.587
3350,3809.125
3360,3823.762
3370,3838.532
3380,3853.395
3390,3868.369
3400,3883.457
3410,3898.672
3420,3914.002
3430,3929.448
3440,3945
3450,3960.698
3460,3976.505
3470,3992.442
3480,4008.5
3490,4024.694
3500,4041.014
3510,4057.45
3520,4074.03
3530,4090.734
3540,4107.567
3550,4124.523
3560,4141.601
3570,4158.793
3580,4176.08
3590,4193.375
3600,4209.97
3611.51,4223.607
3626.52,4254.571
3641.52,4289.917
3656.53,4317.057
3671.54,4330.915
3686.55,4376.298
3701.55,4410.767
3716.56,4417.082
3731.57,4452.151
3746.58,4485.746
3761.59,4520.671
3776.59,4536.907
3791.6,4602.45
3806.61,4612.411
3821.62,4621.923
3836.63,4662.595
3851.63,4666.27
3866.64,4706.821
3881.65,4738.346
3896.66,4774.761
3911.66,4800.915
3926.67,4844.213
3941.68,4865.992
3956.69,4898.74
3971.7,4907.005
3986.7,4944.578
4001.71,4968.349
4016.72,4995.286
4031.73,5033.627
4046.73,5042.452
4061.74,5079.227
4076.75,5102.868
4091.76,5145.257
4106.77,5166.475
4121.77,5228.597
4136.78,5240.226
4151.79,5281.006
4166.8,5283.384
4181.8,5340.016
4196.81,5385.77
4211.82,5401.913
4226.83,5426.058
4241.83,5481.843
4256.84,5482.812
4271.85,5535.653
4286.86,5546.573
4301.87,5582.035
4316.87,5622.31
4331.88,5664.199
4346.89,5688.627
4361.9,5737.36
4376.9,5778.621
4391.91,5781.98
4406.92,5810.896
4421.93,5855.656
4436.94,5888.11
4451.94,5953.506
4466.95,5967.29
4481.96,6036.443
4496.97,6042.332
4511.98,6111.927
4526.98,6141.866
4541.99,6185.477
4557,6242.565
4572.01,6240.334
4587.01,6284.017
4602.02,6300.408
4617.03,6376.02
4632.04,6369.196
4647.04,6372.208
4662.05,6455.223
4677.06,6524.968
4692.07,6577.007
4707.08,6589.031
4722.08,6620.991
4737.09,6678.528
4752.1,6689.511
4767.11,6749.19
4782.12,6747.309
4797.12,6831.007
4812.13,6875.487
4827.14,6838.101
4842.15,6906.538
4857.15,6925.028
4872.16,7002.05
4887.17,7009.247
4902.18,7121.877
4917.19,7179.757
4932.19,7258.767
4947.2,7266.269
4962.21,7234.359
4977.22,7232.504
4992.22,7299.553
5007.23,7390.314
5022.24,7365.487
5037.25,7388.476
5052.25,7459.085
5067.26,7486.846
5082.27,7510.175
5097.28,7546.192
5112.29,7557.938
5127.29,7583.206
5142.3,7724.005
5157.31,7741.357
5172.32,7683.684
5187.33,7745.651
5202.33,7790.525
5217.34,7892.364
5232.35,7884.652
5247.36,7864.021
5262.36,7868.83
5277.37,8001.521
5292.38,7988.173
5307.39,7970.83
5322.4,8124.83
5337.4,8075.739
5352.41,8090.244
5367.42,8209.415
5382.43,8230.229
5397.43,8342.958
5412.44,8222.661
5427.45,8346.48
5442.46,8311.969
5457.46,8350.658
5472.47,8348.27
5487.48,8449.933
5502.49,8445.979
5517.5,8480.615
5532.5,8600.765
5547.51,8611.447
5562.52,8473.099
5577.53,8598.851
5592.54,8572.574
5607.54,8616.45
5622.55,8724.543
5637.56,8691.908
5652.57,8706.056
5667.57,8780.656
5682.58,8797.87
5697.59,8955.729
5712.6,8871.439
5727.6,8946.491
5742.61,8936.187
5757.62,8970.163
5772.63,9050.392
5787.64,9067.363
5802.64,9198.24
5817.65,9211.607
5832.66,9240.892
5847.67,9273.591
5862.67,9307.927
5877.68,9342.776
5892.69,9376.352
5907.7,9411.678
5922.71,9447.328
5937.71,9482.999
5952.72,9519.023
5967.73,9555.241
5982.74,9592.256
5997.75,9631.259
6012.75,9675.9
6027.76,9719.24
6042.77,9761.296
6057.78,9803.549
6072.78,9844.508
6087.79,9885.084
6102.8,9925.006
6117.81,9963.706
6132.81,10001.99
6147.82,10039.79
6162.83,10077.2
6177.84,10114.29
6192.85,10150.69
6207.85,10187
6222.86,10222.9
6237.87,10257.86
6252.88,10292.04
6267.88,10326.41
6282.89,10360.64
6297.9,10394.64
6312.91,10428.91
6327.92,10462.34
6342.92,10494.96
6357.93,10527.09
6372.94,10558.57
6387.95,10589.79
6402.96,10620.81
6417.96,10651.05
6432.97,10680.89
6447.98,10710.03
6462.99,10739.44
6477.99,10768.89
6493,10798.25
6508.01,10827.55
6523.02,10856.53
6538.02,10884.91
6553.03,10913.59
6568.04,10941.85
6583.05,10969.43
6598.06,10997.11
6613.06,11023.08
6628.07,11048.33
6643.08,11073.3
6658.09,11098.57
6673.1,11125.2
6688.1,11150.82
6703.11,11176.6
6718.12,11203.31
6733.13,11228.31
6748.13,11252.85
6763.14,11276.85
6778.15,11299.97
6793.16,11321.64
6808.17,11343.5
6823.17,11365.55
6838.18,11388.92
6853.19,11410.92
6868.2,11432.13
6883.2,11452.84
6898.21,11473.96
6913.22,11495.53
6928.23,11518.85
6943.23,11542.11
6958.24,11563.49
6973.25,11582.48
6988.26,11600.81
7003.27,11618.66
7018.27,11636.79
7033.28,11656.2
7048.29,11676.24
7063.3,11695.81
7078.31,11714.05
7093.31,11730.76
7108.32,11747.65
7123.33,11764.6
7138.34,11781.81
7153.34,11797.74
7168.35,11815.1
7183.36,11832.61
7198.37,11849.12
7213.38,11867.7
7228.38,11883.91
7243.39,11897.9
7258.4,11910.08
7273.41,11923.31
7288.41,11939.02
7303.42,11957.05
7318.43,11976.67
7333.44,11992.88
7348.44,12005.47
7363.45,12015.94
7378.46,12026.04
7393.47,12039.33
7408.48,12053.36
7423.48,12067.26
7438.49,12080.76
7453.5,12095.43
7468.51,12108.25
7483.52,12118.66
7498.52,12125.94
7513.53,12132.26
7528.54,12138.99
7543.55,12146.94
7558.55,12157.25
7573.56,12168.7
7588.57,12178.26
7603.58,12185.08
7618.58,12189.2
7633.59,12191.53
7648.6,12191.22
7663.61,12192.86
7678.62,12201.5
7693.62,12215.47
7708.63,12225.63
7723.64,12232.37
7738.65,12236.15
7753.65,12243.08
7768.66,12255.19
7783.67,12261.95
7798.68,12255.83
7813.69,12242.5
7828.69,12242.81
7843.7,12250.97
7858.71,12262.51
7873.72,12269.18
7888.73,12266.73
7903.73,12260.24
7918.74,12255.67
7933.75,12258.81
7948.76,12264.42
7963.76,12266.12
7978.77,12261.35
7993.78,12255.42
8008.79,12254.67
8023.79,12254.91
8038.8,12252.62
8053.81,12245.37
8068.82,12238.01
8083.83,12233.83
8098.83,12234.17
8113.84,12234.64
8128.85,12231.1
8143.86,12228.61
8158.87,12225.43
8173.87,12213.27
8188.88,12209.4
8203.89,12210.65
8218.9,12214.21
8233.9,12211.66
8248.91,12203.03
8263.92,12193.15
8278.93,12185.89
8293.93,12182.51
8308.94,12177
8323.95,12173.18
8338.96,12173.35
8353.97,12177.97
8368.97,12181.68
8383.98,12185.45
8398.99,12188.44
8414,12189.7
8429,12194.21
8444.01,12202.34
8459.02,12207.49
8474.03,12196.29
8489.04,12178.94
8504.04,12153.83
8519.05,12128.03
8534.06,12117.34
8549.07,12110.16
8564.07,12103.77
8579.08,12099.66
8594.09,12103.74
8609.1,12110.5
8624.11,12118.84
8639.11,12125.92
8654.12,12130.55
8669.13,12138.51
8684.14,12150.56
8699.14,12165.48
8714.15,12181.06
8729.16,12202.04
8744.17,12223.49
8759.18,12241.82
8774.18,12254.76
8789.19,12272.97
8804.2,12296.94
8819.21,12324.98
8834.21,12353.34
8849.22,12382.97
8864.23,12411.8
8879.24,12440.5
8894.25,12472.12
8909.25,12502.72
8924.26,12536.88
8939.27,12574.21
8954.28,12609.27
8969.28,12643.01
8984.29,12678.49
8999.3,12714.54
9014.31,12748.72
9029.32,12787.25
9044.32,12829.23
9059.33,12872.3
9074.34,12912.25
9089.35,12950.15
9104.35,12989.92
9119.36,13034.09
9134.37,13082.39
9149.38,13130.58
9164.39,13176.72
9179.39,13221.54
9194.4,13268.5
9209.41,13316.38
9224.42,13364.11
9239.42,13412.06
9254.43,13460.99
9269.44,13512.17
9284.45,13563.74
9299.46,13613.48
9314.46,13660.67
9329.47,13710.31
9344.48,13761.58
9359.49,13813.02
9374.49,13863.72
9389.5,13915.18
9404.51,13966.36
9419.52,14015.72
9434.53,14062.88
9449.53,14112.72
9464.54,14165.79
9479.55,14220.95
9494.56,14275.11
9509.56,14328.03
9524.57,14380.7
9539.58,14433.77
9554.59,14485.42
9569.6,14534.07
9584.6,14584.73
9599.61,14637.76
9614.62,14692.65
9629.63,14749.24
9644.63,14810.06
9659.64,14871.31
9674.65,14927.06
9689.66,14982.71
9704.67,15038.73
9719.67,15093.23
9734.68,15143.79
9749.69,15193.22
9764.7,15242.81
9779.7,15292.25
9794.71,15339.8
9809.72,15384.94
9824.73,15427.89
9839.74,15469.91
9854.74,15511.83
9869.75,15551.32
9884.76,15590.55
9899.77,15629.14
9914.77,15665.85
9929.78,15701.85
9944.79,15736.28
9959.8,15768.72
9974.81,15800.36
9989.81,15832.39
10004.82,15862.54
10019.83,15890.67
10034.84,15918.82
10049.84,15947.53
10064.85,15975.23
10079.86,16001.86
10094.87,16027.29
10109.88,16052.73
10124.88,16076.16
10139.89,16096.59
10154.9,16115.72
10169.91,16135.55
10184.91,16155
10199.92,16172.41
10214.93,16186.38
10229.94,16199.79
10244.95,16210.3
10259.95,16219.75
10274.96,16230.29
10289.97,16238.92
10304.98,16246.36
10319.98,16252.7
10334.99,16257.39
10350,16258.7
10365.01,16258.17
10380.02,16256.97
10395.02,16254.56
10410.03,16248.37
10425.04,16242.75
10440.05,16236.82
10455.05,16230.26
10470.06,16223.99
10485.07,16215.4
10500.08,16205.66
10515.09,16195.21
10530.09,16182.83
10545.1,16167.62
10560.11,16150.99
10575.12,16132.95
10590.12,16113.08
10605.13,16091.77
10620.14,16067.46
10635.15,16040.37
10650.16,16012.61
10665.16,15984.86
10680.17,15956.5
10695.18,15926.28
10710.19,15893.78
10725.19,15859.57
10740.2,15823.67
10755.21,15787.01
10770.22,15750.19
10785.23,15711.86
10800.23,15672.27
10815.24,15631.53
10830.25,15589.8
10845.26,15547.49
10860.26,15504.92
10875.27,15460.19
10890.28,15412
10905.29,15363.66
10920.3,15315.96
10935.3,15266.7
10950.31,15216.05
10965.32,15166.58
10980.33,15114.92
10995.33,15060.19
11010.34,15004.55
11025.35,14948.64
11040.36,14895.1
11055.37,14841.47
11070.37,14783.54
11085.38,14725.04
11100.39,14666.73
11115.4,14609.96
11130.4,14554.05
11145.41,14497.32
11160.42,14439.47
11175.43,14382.68
11190.44,14330.06
11205.44,14278.62
11220.45,14222.55
11235.46,14159.1
11250.47,14093.9
11265.47,14030.54
11280.48,13967.67
11295.49,13906.18
11310.5,13847.5
11325.51,13788.61
11340.51,13725.99
11355.52,13657.57
11370.53,13589.1
11385.54,13525.25
11400.54,13468.81
11415.55,13416.25
11430.56,13362.63
11445.57,13313.16
11460.58,13263.17
11475.58,13206.97
11490.59,13147.53
11505.6,13088.91
11520.61,13025.27
11535.61,12958.38
11550.62,12896.61
11565.63,12839.41
11580.64,12785.19
11595.65,12730.89
11610.65,12675.03
11625.66,12616
11640.67,12552.49
11655.68,12491.09
11670.68,12437.45
11685.69,12384.81
11700.7,12330.83
11715.71,12279.75
11730.72,12232.86
11745.72,12184.39
11760.73,12133.08
11775.74,12074.97
11790.75,12015.08
11805.75,11964.08
11820.76,11919.49
11835.77,11870.01
11850.78,11814.35
11865.79,11764.56
11880.79,11722.69
11895.8,11679.97
11910.81,11630.66
11925.82,11582.32
11940.82,11533.13
11955.83,11483.87
11970.84,11440.11
11985.85,11400.95
12000.86,11360.78
12015.86,11312.41
12030.87,11258.52
12045.88,11207.86
12060.89,11159.06
12075.89,11112.33
12090.9,11065.53
12105.91,11013.81
12120.92,10964.8
12135.93,10920.97
12150.93,10876.58
12165.94,10830.84
12180.95,10781.76
12195.96,10730.21
12210.96,10681.76
12225.97,10638.66
12240.98,10593.61
12255.99,10544.83
12271,10498.02
12286,10454.34
12301.01,10416.04
12316.02,10377.65
12331.03,10331.77
12346.03,10282.26
12361.04,10237.97
12376.05,10200.79
12391.06,10158.59
12406.07,10107.96
12421.07,10055.52
12436.08,10006.88
12451.09,9961.232
12466.1,9915.651
12481.1,9871.787
12496.11,9824.411
12511.12,9772.823
12526.13,9726.515
12541.14,9682.791
12556.14,9637.146
12571.15,9591.208
12586.16,9550.292
12601.17,9513.955
12616.17,9476.072
12631.18,9432.584
12646.19,9385.344
12661.2,9335.672
12676.21,9286.849
12691.21,9238.693
12706.22,9189.571
12721.23,9143.372
12736.24,9099.485
12751.24,9055.844
12766.25,9014.067
12781.26,8975.157
12796.27,8937.366
12811.28,8896.071
12826.28,8852.012
12841.29,8806.928
12856.3,8765.22
12871.31,8727.494
12886.31,8688.136
12901.32,8645.978
12916.33,8600.422
12931.34,8555.832
12946.35,8516.778
12961.35,8478.225
12976.36,8437.787
12991.37,8398.452
13006.38,8360.786
13021.38,8321.608
13036.39,8282.528
13051.4,8247.253
13066.41,8213.791
13081.42,8178.578
13096.42,8140.971
13111.43,8103.808
13126.44,8067.652
13141.45,8033.836
13156.45,8000.309
13171.46,7964.479
13186.47,7929.154
13201.48,7894.565
13216.49,7860.407
13231.49,7828.096
13246.5,7797.307
13261.51,7763.814
13276.52,7729.326
13291.52,7698.534
13306.53,7669.487
13321.54,7638.735
13336.55,7608.525
13351.56,7579.819
13366.56,7548.012
13381.57,7514.466
13396.58,7482.286
13411.59,7452.667
13426.59,7423.965
13441.6,7392.729
13456.61,7360.297
13471.62,7330.244
13486.63,7301.398
13501.63,7273.994
13516.64,7249.234
13531.65,7226.528
13546.66,7202.984
13561.66,7178.675
13576.67,7153.959
13591.68,7128.407
13606.69,7101.695
13621.7,7077.861
13636.7,7056.347
13651.71,7033.098
13666.72,7009.154
13681.73,6982.493
13696.73,6954.309
13711.74,6928.045
13726.75,6903.152
13741.76,6881.277
13756.77,6858.045
13771.77,6830.171
13786.78,6801.934
13801.79,6774.112
13816.8,6748.019
13831.8,6723.319
13846.81,6698.794
13861.82,6675.913
13876.83,6651.691
13891.83,6625.752
13906.84,6602.469
13921.85,6580.317
13936.86,6554.636
13951.87,6525.51
13966.87,6498.926
13981.88,6473.546
13996.89,6447.828
14011.9,6420.473
14026.91,6392.004
14041.91,6363.132
14056.92,6336.239
14071.93,6311.23
14086.94,6285.467
14101.94,6259.815
14116.95,6233.606
14131.96,6205.89
14146.97,6178.451
14161.98,6154.232
14176.98,6130.74
14191.99,6104.465
14207,6076.837
14222.01,6050.147
14237.01,6025.18
14252.02,6000.812
14267.03,5976.182
14282.04,5952.251
14297.04,5931.31
14312.05,5910.784
14327.06,5887.929
14342.07,5863.315
14357.08,5836.177
14372.08,5808.501
14387.09,5782.862
14402.1,5760.973
14417.11,5737.31
14432.12,5711.831
14447.12,5690.095
14462.13,5666.912
14477.14,5641.973
14492.15,5618.792
14507.15,5596.543
14522.16,5571.426
14537.17,5547.066
14552.18,5526.049
14567.19,5505.222
14582.19,5485.338
14597.2,5465.628
14612.21,5443.902
14627.22,5420.782
14642.22,5400.688
14657.23,5381.407
14672.24,5360.983
14687.25,5341.434
14702.25,5320.25
14717.26,5299.898
14732.27,5282.598
14747.28,5266.105
14762.29,5250.798
14777.29,5234.538
14792.3,5214.144
14807.31,5191.796
14822.32,5173.898
14837.33,5162.508
14852.33,5149.951
14867.34,5130.835
14882.35,5110.089
14897.36,5094.008
14912.36,5082.482
14927.37,5070.961
14942.38,5058.161
14957.39,5043.579
14972.4,5028.205
14987.4,5013.109
15002.41,4998.698
15017.42,4984.401
15032.43,4970.54
15047.43,4959.239
15062.44,4950.063
15077.45,4940.839
15092.46,4929.745
15107.46,4918.495
15122.47,4909.015
15137.48,4898.89
15152.49,4885.878
15167.5,4872.508
15182.5,4859.927
15197.51,4849.224
15212.52,4836.058
15227.53,4818.792
15242.54,4805.577
15257.54,4795.637
15272.55,4783.057
15287.56,4768.047
15302.57,4752.922
15317.57,4739.626
15332.58,4729.497
15347.59,4721.464
15362.6,4713.361
15377.6,4704.365
15392.61,4692.495
15407.62,4676.913
15422.63,4657.203
15437.64,4637.5
15452.64,4625.502
15467.65,4615.839
15482.66,4591.555
15497.67,4555.783
15512.67,4522.635
15527.68,4494.277
15542.69,4477.613
15557.7,4466.813
15572.71,4449.728
15587.71,4428.812
15602.72,4408.992
15617.73,4384.68
15632.74,4358.022
15647.75,4337.854
15662.75,4317.935
15677.76,4297.019
15692.77,4277.106
15707.78,4258.096
15722.78,4240.343
15737.79,4230.607
15752.8,4228.337
15767.81,4226.239
15782.81,4223.648
15797.82,4147.652
15812.83,4048.823
15827.84,4031.175
15842.85,4030.55
15857.85,4019.186
15872.86,4001.384
15887.87,3983.925
15902.88,3967.713
15917.88,3948.206
15932.89,3927.659
15947.9,3912.42
15962.91,3898.029
15977.92,3881.311
15992.92,3863.144
16007.93,3846.514
16022.94,3832.452
16037.95,3816.852
16052.96,3796.451
16067.96,3775.132
16082.97,3755.904
16097.98,3736.005
16112.99,3716.768
16127.99,3702.154
16143,3690.04
16158.01,3675.149
16173.02,3658.079
16188.02,3645.427
16203.03,3636.813
16218.04,3625.397
16233.05,3610.249
16248.06,3596.246
16263.06,3579.563
16278.07,3560.202
16293.08,3544.474
16308.09,3532.878
16323.09,3517.346
16338.1,3496.489
16353.11,3475.951
16368.12,3458.052
16383.13,3441.604
16398.13,3426.836
16413.14,3413.226
16428.15,3399.523
16443.16,3384.119
16458.16,3372.803
16473.17,3364.656
16488.18,3350.724
16503.19,3331.432
16518.2,3316.278
16533.2,3305.253
16548.21,3289.7
16563.22,3274.147
16578.23,3262.156
16593.23,3250.146
16608.24,3233.512
16623.25,3215.226
16638.26,3194.998
16653.27,3174.497
16668.27,3157.073
16683.28,3143.254
16698.29,3143.147
16713.3,3150.41
16728.3,3146.838
16743.31,3130.868
16758.32,3106.097
16773.33,3088.049
16788.34,3083.166
16803.34,3083.321
16818.35,3078.032
16833.36,3063.909
16848.37,3048.504
16863.38,3035.558
16878.38,3025.03
16893.39,3012.835
16908.4,2999.584
16923.41,2989.353
16938.41,2977.948
16953.42,2963.082
16968.43,2948.413
16983.44,2933.577
16998.45,2918.11
17013.45,2903.941
17028.46,2892.988
17043.47,2884.48
17058.48,2874.632
17073.48,2860.835
17088.49,2846.704
17103.5,2835.191
17118.51,2826.288
17133.52,2819.302
17148.52,2811.336
17163.53,2796.877
17178.54,2779.246
17193.54,2766.179
17208.55,2757.399
17223.56,2748.432
17238.57,2737.766
17253.58,2725.486
17268.58,2712.284
17283.59,2699.515
17298.6,2687.679
17313.61,2677.755
17328.62,2669.43
17343.62,2660.171
17358.63,2649.552
17373.64,2640.078
17388.65,2634.292
17403.65,2632.69
17418.66,2628.05
17433.67,2619.551
17448.68,2614.115
17463.69,2609.735
17478.69,2599.253
17493.7,2585.558
17508.71,2577.227
17523.72,2570.952
17538.72,2566.108
17553.73,2563.259
17568.74,2562.346
17583.75,2561.977
17598.76,2558.497
17613.76,2554.274
17628.77,2554.713
17643.78,2557.533
17658.79,2559.773
17673.79,2561.192
17688.8,2562.434
17703.81,2560.802
17718.82,2564.611
17733.83,2572.796
17748.83,2577.991
17763.84,2587.986
17778.85,2599.338
17793.86,2609.225
17808.87,2619.327
17823.87,2626.876
17838.88,2631.09
17853.89,2633.285
17868.9,2637.325
17883.9,2645.849
17898.91,2653.157
17913.92,2655.263
17928.93,2657.522
17943.94,2664.231
17958.94,2676.192
17973.95,2692.155
17988.96,2706.554
18003.96,2712.955
18018.97,2718.818
18033.98,2730.094
18048.99,2742.556
18064,2756.561
18079,2770.141
18094.01,2784.129
18109.02,2800.491
18124.03,2816.495
18139.04,2829.821
18154.04,2840.723
18169.05,2850.628
18184.06,2858.859
18199.07,2864.346
18214.07,2868.029
18229.08,2871.602
18244.09,2874.673
18259.1,2885.368
18274.11,2894.769
18289.11,2895.464
18304.12,2904.258
18319.13,2915.131
18334.14,2917.654
18349.14,2917.063
18364.15,2920.281
18379.16,2924.864
18394.17,2926.142
18409.18,2923.76
18424.18,2917.171
18439.19,2908.633
18454.2,2899.321
18469.21,2887.663
18484.21,2874.447
18499.22,2862.478
18514.23,2852.622
18529.24,2841.772
18544.25,2828.269
18559.25,2811.59
18574.26,2801.038
18589.27,2802.331
18604.28,2807.434
18619.29,2803.896
18634.29,2792.347
18649.3,2781.865
18664.31,2769.213
18679.32,2751.266
18694.32,2732.14
18709.33,2715.02
18724.34,2695.807
18739.35,2682.273
18754.36,2671.348
18769.36,2653.499
18784.37,2631.454
18799.38,2618.158
18814.38,2608.628
18829.39,2592.968
18844.4,2578.616
18859.41,2556.697
18874.42,2532.316
18889.42,2520.043
18904.43,2519.676
18919.44,2516.279
18934.45,2509.555
18949.46,2499.803
18964.46,2476.343
18979.47,2444.391
18994.48,2416.198
19009.49,2394.52
19024.49,2376.154
19039.5,2351.735
19054.51,2320.306
19069.52,2306.279
19084.53,2320.658
19099.53,2327.685
19114.54,2341.769
19129.55,2367.131
19144.56,2388.853
19159.56,2345.502
19174.57,2263.826
19189.58,2368.563
20000,2310.988
20020,2300.187
20040,2311.31
20060,2334.237
20080,2346.846
20100,2356.743
20120,2359.601
20140,2353.086
20160,2343.561
20180,2342.68
20200,2339.478
20220,2335.556
20240,2337.166
20260,2341.17
20280,2338.72
20300,2333.467
20320,2335.88
20340,2344.126
20360,2354.788
20380,2365.87
20400,2369.006
20420,2364.912
20440,2360.81
20460,2356.999
20480,2349.78
20500,2344.284
20520,2340.846
20540,2332.221
20560,2325.51
20580,2325.647
20600,2327.163
20620,2326.858
20640,2326.596
20660,2328.269
20680,2330.818
20700,2332.761
20720,2334.674
20740,2336.536
20760,2337.672
20780,2333.121
20800,2321.09
20820,2307.739
20840,2300.154
20860,2298.119
20880,2301.52
20900,2305.598
20920,2304.483
20940,2301.16
20960,2295.638
20980,2288.667
21000,2281.928
21020,2275.71
21040,2273.687
21060,2276.384
21080,2276.603
21100,2269.223
21120,2260.574
21140,2256.577
21160,2252.266
21180,2240.788
21200,2226.46
21220,2219.048
21240,2218.172
21260,2218.095
21280,2217.15
21300,2216.221
21320,2215.317
21340,2214.731
21360,2214.679
21380,2214.727
21400,2210.454
21420,2201.032
21440,2193.375
21460,2193.383
21480,2193.899
21500,2188.99
21520,2183.45
21540,2179.217
21560,2176.071
21580,2172.643
21600,2167.475
21620,2162.94
21640,2162.231
21660,2163.17
21680,2162.863
21700,2161.714
21720,2161.698
21740,2165.405
21760,2168.184
21780,2161.505
21800,2151.023
21820,2146.965
21840,2150.29
21860,2154.305
21880,2154.805
21900,2154.685
21920,2155.781
21940,2157.882
21960,2160.683
21980,2165.761
22000,2169.804
22020,2166.162
22040,2159.281
22060,2157.164
22080,2160.782
22100,2165.414
22120,2169.986
22140,2174.412
22160,2173.499
22180,2167.176
22200,2162.517
22220,2164.681
22240,2169.248
22260,2173.944
22280,2179.887
22300,2185.576
22320,2193.097
22340,2199.774
22360,2197.774
22380,2189.754
22400,2183.794
22420,2184.332
22440,2187.235
22460,2190.392
22480,2195.087
22500,2197.723
22520,2194.583
22540,2189.239
22560,2185.554
22580,2182.008
22600,2179.877
22620,2181.443
22640,2184.795
22660,2186.906
22680,2187.926
22700,2190.293
22720,2199.019
22740,2210.643
22760,2216
22780,2211.012
22800,2203.58
22820,2202.626
22840,2203.675
22860,2204.297
22880,2203.146
22900,2201.139
22920,2200.266
22940,2200.534
22960,2200.582
22980,2199.439
23000,2197.375
23020,2195.511
23040,2193.646
23060,2191.803
23080,2190.881
23100,2190.579
23120,2190.424
23140,2190.313
23160,2190.204
23180,2189.783
23200,2188.529
23220,2187.295
23240,2187.984
23260,2191.111
23280,2193.99
23300,2193.662
23320,2191.615
23340,2188.319
23360,2181.262
23380,2173.434
23400,2172.03
23420,2180.512
23440,2190.56
23460,2191.955
23480,2189.365
23500,2185.09
23520,2179.985
23540,2173.521
23560,2168.556
23580,2166.812
23600,2166.384
23620,2165.417
23640,2165.795
23660,2165.739
23680,2160.786
23700,2149.651
23720,2140.012
23740,2141.174
23760,2150.347
23780,2157.449
23800,2154.88
23820,2147.828
23840,2141.974
23860,2140.264
23880,2139.721
23900,2136.31
23920,2127.606
23940,2117.01
23960,2110.734
23980,2108.427
24000,2107.323
24020,2105.069
24040,2103.316
24060,2100.948
24080,2095.985
24100,2087.802
24120,2080.826
24140,2080.525
24160,2086.312
24180,2090.742
24200,2087.653
24220,2080.113
24240,2072.858
24260,2069.578
24280,2068.401
24300,2065.962
24320,2059.744
24340,2050.933
24360,2044.076
24380,2041.571
24400,2041.489
24420,2041.112
24440,2039.648
24460,2038.173
24480,2036.51
24500,2035.019
24520,2033.926
24540,2031.225
24560,2025.554
24580,2017.799
24600,2010.057
24620,2002.121
24640,1993.187
24660,1986.694
24680,1985.306
24700,1987.719
24720,1987.998
24740,1983.007
24760,1974.766
24780,1965.887
24800,1957.424
24820,1947.712
24840,1938.078
24860,1928.493
24880,1917.378
24900,1907.823
24920,1902.74
24940,1902.907
24960,1903.166
24980,1898.368
25000,1887.887
25020,1876.972
25040,1873.057
25060,1876.628
25080,1882.341
25100,1881.707
25120,1875.745
25140,1867.403
25160,1861.078
25180,1856.859
25200,1853.545
25220,1849.342
25240,1843.805
25260,1837.455
25280,1830.683
25300,1822.854
25320,1812.407
25340,1802.995
25360,1798.462
25380,1799.807
25400,1802.145
25420,1798.887
25440,1790.656
25460,1780.603
25480,1774.306
25500,1772.65
25520,1773.946
25540,1771.616
25560,1761.651
25580,1743.543
25600,1727.446
25620,1721.912
25640,1727.385
25660,1735.588
25680,1735.473
25700,1730.324
25720,1722.508
25740,1716.355
25760,1712.744
25780,1710.994
25800,1707.261
25820,1698.92
25840,1682.545
25860,1665.237
25880,1656.09
25900,1653.336
25920,1653.613
25940,1649.069
25960,1637.073
25980,1617.422
26000,1601.949
26020,1598.741
26040,1611.812
26060,1628.129
26080,1628.44
26100,1615.089
26120,1592.587
26140,1575.789
26160,1568.617
26180,1569.896
26200,1572.428
26220,1568.739
26240,1560.988
26260,1551.181
26280,1544.059
26300,1540.486
26320,1540.222
26340,1539.676
26360,1536.209
26380,1530.684
26400,1524.136
26420,1519.06
26440,1515.81
26460,1514.133
26480,1512.818
26500,1510.784
26520,1510.974
26540,1511.331
26560,1505.771
26580,1492.925
26600,1470.936
26620,1449.952
26640,1438.253
26660,1432.234
26680,1429.418
26700,1425.266
26720,1419.92
26740,1414.751
26760,1408.76
26780,1400.264
26800,1388.306
26820,1373.783
26840,1361.604
26860,1353.014
26880,1346.714
26900,1341.791
26920,1336.745
26940,1332.466
26960,1329.84
26980,1326.723
27000,1321.922
27020,1317.175
27040,1311.952
27060,1304.792
27080,1294.984
27100,1278.782
27120,1262.287
27140,1252.688
27160,1246.491
27180,1243.791
27200,1241.602
27220,1238.12
27240,1235.32
27260,1232.942
27280,1229.871
27300,1225.947
27320,1220.543
27340,1215.738
27360,1214.464
27380,1217.97
27400,1231.316
27420,1241.68
27440,1236.372
27460,1217.379
27480,1184.636
27500,1155.64
27520,1137.987
27540,1122.367
27560,1109.062
27580,1102.479
27600,1103.761
27620,1119.153
27640,1139.752
27660,1149.922
27680,1153.645
27700,1155.164
27720,1153.272
27740,1145.333
27760,1130.574
27780,1103.155
27800,1075.313
27820,1059.039
27840,1047.054
27860,1038.71
27880,1030.702
27900,1020.451
27920,1005.958
27940,986.2516
27960,972.8699
27980,971.6705
28000,981.1107
28020,1000.137
28040,1018.413
28060,1033.364
28080,1053.384
28100,1077.558
28120,1094.481
28140,1100.901
28160,1098.817
28180,1090.61
28200,1082.851
28220,1076.507
28240,1068.296
28260,1058.609
28280,1050.408
28300,1044.21
28320,1042.506
28340,1041.847
28360,1029.651
28380,1000.447
28400,933.9024
28420,844.968
28440,798.2632
28460,803.2065
28480,857.5818
28500,948.3212
28520,1018.241
28540,1051.097
28560,1053.545
28580,1031.287
28600,1033.474
28620,1082.52
28640,1186.818
28660,1358.471
28680,1509.989
28700,1575.141
28720,1578.707
28740,1498.924
28760,1404.687
28780,1357.21
28800,1317.796
28820,1276.298
28840,1238.095
28860,1210.394
28880,1186.597
28900,1161.722
28920,1139.89
28940,1127.515
28960,1122.286
28980,1129.909
29000,1143.217
29020,1146.855
29040,1141.732
29060,1125.939
29080,1102.231
29100,1085.999
29120,1081.386
29140,1085.775
29160,1100.805
29180,1116.055
29200,1124.36
29220,1131.708
29240,1143.109
29260,1153.193
29280,1154.745
29300,1151.375
29320,1140.412
29340,1124.992
29360,1112.286
29380,1100.974
29400,1087.264
29420,1070.98
29440,1058.299
29460,1051.872
29480,1050.44
29500,1059.585
29520,1068.542
29540,1065.222
29560,1055.397
29580,1033.216
29600,1005.12
29620,986.0778
29640,974.6605
29660,968.2053
29680,966.597
29700,965.5367
29720,962.5718
29740,959.5868
29760,957.2345
29780,955.2088
29800,952.86
29820,950.4365
29840,948.8885
29860,948.2758
29880,947.0822
29900,944.9433
29920,942.4858
29940,941.0616
29960,939.1059
29980,934.3715
30000,927.5601
30020,916.5325
30040,902.0444
30060,890.8953
30080,884.8115
30100,881.8593
30120,885.0923
30140,889.2863
30160,888.1275
30180,884.7363
30200,878.5312
30220,869.8702
30240,861.9402
30260,855.7202
30280,849.5925
30300,841.514
30320,833.9619
30340,831.1111
30360,832.0296
30380,838.3292
30400,852.5647
30420,864.9962
30440,868.313
30460,867.3198
30480,859.9211
30500,848.3279
30520,839.8918
30540,835.1503
30560,832.2253
30580,833.4547
30600,835.2274
30620,832.7812
30640,828.2227
30660,821.5236
30680,812.4649
30700,802.0691
30720,790.8485
30740,777.049
30760,754.8289
30780,727.1358
30800,709.4078
30820,704.3818
30840,708.015
30860,728.4667
30880,755.0676
30900,768.7795
30920,773.9324
30940,773.3994
30960,762.7087
30980,750.1951
31000,745.7737
31020,744.2689
31040,745.8552
31060,751.934
31080,757.8237
31100,759.7631
31120,760.2081
31140,758.9565
31160,756.2133
31180,753.9664
31200,753.6049
31220,754.7206
31240,759.8557
31260,767.9355
31280,771.0732
31300,767.1259
31320,757.5371
31340,736.4771
31360,708.4716
31380,689.1928
31400,679.7242
31420,676.0131
31440,681.5595
31460,691.8984
31480,696.85
31500,696.5499
31520,693.1671
31540,685.0913
31560,674.6534
31580,666.8306
31600,661.0184
31620,656.1541
31640,652.3782
31660,649.2043
31680,645.3516
31700,641.019
31720,636.3301
31740,630.6287
31760,624.3956
31780,618.5934
31800,612.9173
31820,606.9221
31840,598.6738
31860,589.3977
31880,583.0164
31900,579.5056
31920,578.0421
31940,579.8766
31960,584.1182
31980,586.6444
32000,587.1277
32020,586.9295
32040,586.4507
32060,585.8441
32080,584.0115
32100,580.3232
32120,574.8965
32140,566.2974
32160,553.0715
32180,541.2159
32200,534.767
32220,530.4746
32240,528.0308
32260,527.9421
32280,528.5887
32300,528.4575
32320,528.4621
32340,528.8851
32360,530.4193
32380,532.153
32400,532.5444
32420,531.941
32440,530.4363
32460,527.3948
32480,523.4164
32500,520.3727
32520,518.3428
32540,516.8287
32560,515.98
32580,515.9941
32600,514.7673
32620,510.9024
32640,504.8854
32660,495.6723
32680,476.7583
32700,457.582
32720,449.4082
32740,445.4019
32760,444.587
32780,447.7131
32800,453.2839
32820,457.8358
32840,461.3336
32860,464.3884
32880,466.4612
32900,466.9142
32920,468.0573
32940,471.5821
32960,475.9682
32980,480.7211
33000,484.5595
33020,488.4436
33040,494.3626
33060,501.3711
33080,508.5611
33100,514.1442
33120,517.5364
33140,523.8737
33160,535.6563
33180,550.4297
33200,567.8434
33220,588.9615
33240,612.1518
33260,634.3785
33280,656.6051
33300,679.0533
33320,701.0388
33340,722.0275
33360,745.1308
33380,772.6243
33400,803.3393
33420,837.819
33440,880.3196
33460,929.0319
33480,973.8686
33500,1016.435
33520,1059.361
33540,1104.627
33560,1156.274
33580,1211.209
33600,1260.669
33620,1309.166
33640,1357.987
33660,1409.984
33680,1466.964
33700,1523.708
33720,1576.912
33740,1629.148
33760,1681.288
33780,1735.257
33800,1791.621
33820,1846.624
33840,1901.125
33860,1956.288
33880,2013.541
33900,2078.022
33920,2148.12
33940,2210.352
33960,2269.219
33980,2325.305
34000,2377.902
34020,2425.873
34040,2471.25
34060,2517.223
34080,2562.3
34100,2606.035
34120,2648.104
34140,2688.083
34160,2726.422
34180,2763.396
34200,2798.3
34220,2830.382
34240,2857.316
34260,2878.775
34280,2900.495
34300,2922.899
34320,2944.364
34340,2964.532
34360,2982.69
34380,2998.61
34400,3012.587
34420,3024.127
34440,3032.596
34460,3036.663
34480,3031.558
34500,3019.783
34520,3011.499
34540,3003.691
34560,2994.351
34580,2982.179
34600,2962.114
34620,2937.509
34640,2917.646
34660,2898.915
34680,2879.667
34700,2858.668
34720,2831.582
34740,2801.609
34760,2776.74
34780,2753.811
34800,2731.48
34820,2708.945
34840,2684.146
34860,2658.332
34880,2634.847
34900,2612.566
34920,2590.671
34940,2568.604
34960,2545.12
34980,2520.669
35000,2497.748
35020,2475.672
35040,2453.66
35060,2431.268
35080,2406.805
35100,2380.922
35120,2356.937
35140,2335.343
35160,2314.828
35180,2294.936
35200,2275.724
35220,2257.058
35240,2238.183
35260,2218.608
35280,2198.305
35300,2176.837
35320,2152.592
35340,2123.21
35360,2095.071
35380,2073.74
35400,2055.521
35420,2039.952
35440,2027.157
35460,2020.518
35480,2015.899
35500,2006.335
35520,1994.737
35540,1981.64
35560,1966.854
35580,1948.19
35600,1927.102
35620,1909.197
35640,1894.785
35660,1882.142
35680,1871.02
35700,1862.154
35720,1855.833
35740,1849.643
35760,1842.068
35780,1834.313
35800,1826.673
35820,1819.467
35840,1813.75
35860,1808.075
35880,1800.37
35900,1791.557
35920,1781.814
35940,1770.816
35960,1757.297
35980,1741.472
36000,1726.831
36020,1714.729
36040,1703.697
36060,1693.267
36080,1683.226
36100,1673.674
36120,1664.402
36140,1655.575
36160,1646.99
36180,1638.38
36200,1629.753
36220,1620.219
36240,1609.785
36260,1600.433
36280,1593.183
36300,1587.263
36320,1582.434
36340,1578.952
36360,1578.56
36380,1579.439
36400,1577.897
36420,1574.917
36440,1570.939
36460,1565.953
36480,1559.697
36500,1550.757
36520,1541.984
36540,1536.275
36560,1531.706
36580,1528.109
36600,1525.424
36620,1524.407
36640,1524.772
36660,1524.69
36680,1523.873
36700,1522.746
36720,1521.478
36740,1520.094
36760,1518.361
36780,1516.57
36800,1515.323
36820,1514.598
36840,1514.066
36860,1513.528
36880,1513.232
36900,1512.557
36920,1512.111
36940,1512.814
36960,1514.24
36980,1516.455
37000,1519.573
37020,1524.137
37040,1531.353
37060,1538.99
37080,1544.506
37100,1549.608
37120,1554.667
37140,1560.183
37160,1567.106
37180,1576.526
37200,1584.733
37220,1588.87
37240,1590.841
37260,1590.787
37280,1588.401
37300,1581.719
37320,1569.472
37340,1558.596
37360,1553.586
37380,1551.04
37400,1550.512
37420,1552.069
37440,1556.82
37460,1565.408
37480,1573.476
37500,1578.019
37520,1581.071
37540,1583.156
37560,1584.375
37580,1584.029
37600,1581.651
37620,1579.545
37640,1579.46
37660,1580.252
37680,1581.807
37700,1584.243
37720,1587.907
37740,1593.634
37760,1599.488
37780,1603.382
37800,1606.715
37820,1609.663
37840,1612.22
37860,1614.812
37880,1618.09
37900,1620.989
37920,1622.422
37940,1623.065
37960,1622.798
37980,1621.484
38000,1618.989
38020,1613.211
38040,1606.321
38060,1602.547
38080,1600.356
38100,1599.125
38120,1599.015
38140,1599.989
38160,1602.959
38180,1607.484
38200,1610.89
38220,1612.834
38240,1614.201
38260,1615.206
38280,1616.016
38300,1617.039
38320,1618.659
38340,1619.418
38360,1618.245
38380,1615.917
38400,1612.304
38420,1607.106
38440,1599.603
38460,1585.141
38480,1569.205
38500,1560.661
38520,1555.54
38540,1552.914
38560,1552.634
38580,1555.001
38600,1562.505
38620,1574.462
38640,1583.939
38660,1589.052
38680,1592.471
38700,1594.683
38720,1595.635
38740,1595.217
38760,1592.024
38780,1588.227
38800,1586.735
38820,1586.02
38840,1585.913
38860,1586.43
38880,1587.804
38900,1591.02
38920,1595.896
38940,1599.366
38960,1600.233
38980,1599.687
39000,1597.819
39020,1594.492
39040,1589.216
39060,1578.696
39080,1566.541
39100,1559.418
39120,1555.006
39140,1552.21
39160,1550.903
39180,1551.24
39200,1553.92
39220,1560.293
39240,1566.66
39260,1569.489
39280,1571.197
39300,1572.168
39320,1572.335
39340,1571.68
39360,1569.801
39380,1566.87
39400,1564.501
39420,1563.43
39440,1562.881
39460,1562.801
39480,1563.534
39500,1565.176
39520,1569.546
39540,1575.335
39560,1578.325
39580,1578.816
39600,1577.912
39620,1575.734
39640,1572.201
39660,1567.067
39680,1558.378
39700,1548.361
39720,1540.506
39740,1533.435
39760,1526.48
39780,1519.317
39800,1511.576
39820,1502.65
39840,1489.004
39860,1475.196
39880,1467.319
39900,1462.053
39920,1458.906
39940,1457.749
39960,1458.791
39980,1462.62
40000,1473.745
40020,1486.158
40040,1492.057
40060,1496.058
40080,1498.875
40100,1500.689
40120,1501.67
40140,1502.162
40160,1502.456
40180,1502.224
40200,1500.981
40220,1498.995
40240,1496.202
40260,1492.714
40280,1488.438
40300,1482.881
40320,1474.349
40340,1464.764
40360,1457.458
40380,1451.251
40400,1445.383
40420,1439.579
40440,1433.877
40460,1427.731
40480,1419.592
40500,1410.882
40520,1404.924
40540,1401.343
40560,1399.191
40580,1398.656
40600,1399.964
40620,1403.446
40640,1411.972
40660,1425.077
40680,1435.015
40700,1439.378
40720,1441.353
40740,1441.441
40760,1439.799
40780,1436.416
40800,1430.648
40820,1421.414
40840,1411.735
40860,1404.242
40880,1396.888
40900,1389.553
40920,1382.041
40940,1373.885
40960,1364.997
40980,1353.926
41000,1341.963
41020,1331.856
41040,1322.636
41060,1313.713
41080,1304.801
41100,1295.668
41120,1285.694
41140,1273.032
41160,1257.481
41180,1244.691
41200,1237.067
41220,1232.137
41240,1229.641
41260,1229.411
41280,1231.831
41300,1237.796
41320,1253.192
41340,1270.904
41360,1279.957
41380,1284.988
41400,1287.615
41420,1288.156
41440,1286.759
41460,1283.548
41480,1277.627
41500,1268.494
41520,1259.35
41540,1252.012
41560,1244.908
41580,1237.495
41600,1229.453
41620,1220.62
41640,1210.323
41660,1195.417
41680,1178.358
41700,1166.02
41720,1158.006
41740,1152.416
41760,1148.893
41780,1147.377
41800,1148.061
41820,1151.626
41840,1162.295
41860,1174.415
41880,1180.082
41900,1183.155
41920,1184.811
41940,1185.154
41960,1184.281
41980,1182.392
42000,1178.837
42020,1172.446
42040,1165.987
42060,1161.823
42080,1158.419
42100,1155.353
42120,1152.522
42140,1149.862
42160,1147.214
42180,1144.547
42200,1141.642
42220,1139.18
42240,1137.66
42260,1136.597
42280,1135.943
42300,1135.974
42320,1136.579
42340,1137.989
42360,1141.165
42380,1146.435
42400,1150.873
42420,1152.763
42440,1153.565
42460,1153.462
42480,1152.667
42500,1151.113
42520,1148.543
42540,1144.212
42560,1137.625
42580,1132.09
42600,1129.248
42620,1127.559
42640,1127.036
42660,1127.45
42680,1128.911
42700,1131.714
42720,1136.917
42740,1145.936
42760,1154.345
42780,1159.023
42800,1162.355
42820,1164.923
42840,1167.199
42860,1169.235
42880,1171.365
42900,1174.653
42920,1181.951
42940,1188.178
42960,1187.772
42980,1183.949
43000,1176.948
43020,1166.832
43040,1153.126
43060,1134.909
43080,1110.248
43100,1067.384
43120,1019.998
43140,990.2344
43160,970.5681
43180,956.69
43200,947.5475
43220,942.746
43240,942.3923
43260,947.2974
43280,962.8025
43300,986.9285
43320,1005.025
43340,1013.719
43360,1018.524
43380,1020.471
43400,1019.94
43420,1017.212
43440,1012.147
43460,1003.678
43480,988.6905
43500,973.1062
43520,962.9398
43540,954.1741
43560,946.1801
43580,938.6139
43600,931.1724
43620,923.5782
43640,915.3517
43660,904.3972
43680,891.9395
43700,883.0366
43720,877.8738
43740,874.8766
43760,873.7567
43780,874.4532
43800,877.1188
43820,881.9151
43840,889.6613
43860,905.0853
43880,921.5159
43900,931.1056
43920,938.5441
43940,944.6776
43960,949.9656
43980,954.632
44000,959.1545
44020,963.6659
44040,969.2256
44060,976.436
44080,981.9039
44100,983.9771
44120,984.3127
44140,983.0816
44160,980.2735
44180,975.9667
44200,969.9395
44220,961.7278
44240,949.0828
44260,933.3123
44280,919.809
44300,908.5115
44320,897.689
44340,886.8548
44360,875.6047
44380,863.5399
44400,850.0741
44420,834.1842
44440,810.2916
44460,784.2503
44480,766.6431
44500,754.7418
44520,746.04
44540,739.5974
44560,735.0233
44580,731.7734
44600,729.4296
44620,727.2542
44640,720.9042
44660,715.8629
44680,719.9986
44700,730.3128
44720,745.6959
44740,765.9729
44760,791.6411
44780,823.5286
44800,863.4767
44820,915.4488
44840,1002.581
44860,1102.941
44880,1170.245
44900,1218.296
44920,1253.924
44940,1278.605
44960,1292.618
44980,1295.105
45000,1283.789
45020,1253.703
45040,1177.538
45060,1080.786
45080,1019.754
45100,983.248
45120,958.9228
45140,943.5859
45160,935.9127
45180,935.5139
45200,942.8127
45220,959.7198
45240,997.825
45260,1051.454
45280,1091.017
45300,1111.648
45320,1123.089
45340,1127.173
45360,1124.292
45380,1114.109
45400,1095.707
45420,1066.672
45440,1017.067
45460,938.1847
45480,867.8336
45500,829.2941
45520,802.8061
45540,784.6266
45560,773.1335
45580,767.2863
45600,766.7072
45620,771.4901
45640,782.1982
45660,804.9732
45680,831.9795
45700,851.7435
45720,869.4623
45740,887.0946
45760,905.5288
45780,925.549
45800,947.8755
45820,973.6703
45840,1005.218
45860,1051.947
45880,1115.299
45900,1168.619
45920,1199.053
45940,1217.396
45960,1224.102
