1.5,23263.27
2,22504.69
2.5,21963.63
3,21529.31
3.5,21157.73
4,20828.12
4.5,20528.68
5,20252.03
5.5,19993.3
6,19748.92
6.5,19517.36
7,19296.27
7.5,19084.42
8,18880.18
8.5,18683.58
9,18493.54
9.5,18309.07
10,18130.25
10.5,17956.27
11,17786.61
11.5,17621.33
12,17459.78
12.5,17302.06
13,17147.6
13.5,16996.4
14,16848.36
14.5,16703.09
15,16560.61
15.5,16420.51
16,16282.97
16.5,16147.75
17,16014.88
17.5,15884.14
18,15755.34
18.5,15628.65
19,15503.85
19.5,15380.85
20,15259.52
20.5,15139.83
21,15021.89
21.5,14905.51
22,14790.57
22.5,14677.1
23,14565.17
23.5,14454.47
24,14345.2
24.5,14237.22
25,14130.44
25.5,14024.89
26,13920.58
26.5,13817.37
27,13715.32
27.5,13614.28
28,13514.35
28.5,13415.51
29,13317.52
29.5,13220.62
30,13124.58
30.5,13029.47
31,12935.37
31.5,12842.14
32,12749.71
32.5,12658.13
33,12567.31
33.5,12477.26
34,12388.04
34.5,12299.68
35,12211.8
35.5,12124.69
36,12038.29
36.5,11952.62
37,11867.56
37.5,11783.03
38,11699.21
38.5,11615.91
39,11533.19
39.5,11450.97
40,11369.22
40.5,11287.99
41,11207.19
41.5,11126.89
42,11046.99
42.5,10967.43
43,10888.2
43.5,10809.26
44,10730.68
44.5,10652.28
45,10574.11
45.5,10496.08
46,10418.09
46.5,10340.1
47,10262.21
47.5,10184.17
48,10106.01
48.5,10027.48
49,9948.422
49.5,9868.927
50,9788.665
50.5,9707.447
51,9624.939
51.5,9540.79
52,9454.434
52.5,9365.103
53,9271.809
53.5,9172.542
54,9064.176
54.5,8939.904
55,8706.077
56,8700.056
57,8861.153
58,8838.617
59,8621.005
60,8332.821
61,8117.307
62,8038.621
63,8083.047
64,8216.997
65,8539.469
66,8727.032
67,8675.415
68,8629.22
69,8624.563
70,8625.041
71,8593.801
72,8541.825
73,8522.086
74,8580.705
75,8731.953
76,8980.572
77,9336.173
78,9757.927
79,10087.35
80,10083.18
81,9605.229
82,8764.921
83,7833.132
84,7041.126
85,6471.883
86,6106.48
87,5895.854
88,5775.303
89,5721.287
90,5737.912
91,5822.819
92,5949.786
93,6068.756
94,6121.211
95,6075.824
96,5952.213
97,5820.3
98,5763.134
99,5790.937
100,5857.2
101,5896.972
102,5866.378
103,5763.29
104,5619.785
105,5475.77
106,5347.793
107,5236.791
108,5150.554
109,5095.509
110,5088.992
111,5037.811
112,4949.86
113,4841.797
114,4725.45
115,4621.647
116,4550.615
117,4522.945
118,4535.521
119,4573.208
120,4614.956
121,4650.192
122,4680.4
123,4709.063
124,4737.818
125,4766.678
126,4790.476
127,4795.864
128,4769.71
129,4709.964
130,4621.777
131,4526.304
132,4430.201
133,4337.558
134,4254.196
135,4189.005
136,4149.917
137,4136.912
138,4140.276
139,4146.653
140,4145.687
141,4136.131
142,4126.198
143,4117.167
144,4100.472
145,4053.887
146,3953.705
147,3792.464
148,3593.099
149,3405.534
150,3277.204
151,3233.571
152,3266.467
153,3333.479
154,3392.2
155,3415.791
156,3398.749
157,3350.885
158,3286.798
159,3216.854
160,3143.043
161,3062.001
162,2974.446
163,2894.148
164,2833.046
165,2791.884
166,2813.857
167,2862.457
168,2908.465
169,2928.961
170,2908.979
171,2846.957
172,2760.275
173,2674.655
174,2609.147
175,2558.91
176,2508.57
177,2442.418
178,2353.702
179,2249.717
180,2147.929
181,2065.965
182,2012.838
183,1988.983
184,1984.825
185,1990.618
186,1999.281
187,2006.167
188,2007.113
189,1994.177
190,1960.554
191,1906.55
192,1842.497
193,1786.511
194,1753.768
195,1749.275
196,1762.858
197,1783.211
198,1800.838
199,1811.158
200,1813.207
201,1806.922
202,1792.924
203,1773.494
204,1752.196
205,1735.182
206,1729.488
207,1736.855
208,1752.973
209,1771.154
210,1785.765
211,1795.256
212,1801.909
213,1809.727
214,1822.488
215,1841.373
216,1866.49
217,1896.494
218,1930.862
219,1969.234
220,2011.443
221,2056.179
222,2102.077
223,2147.745
224,2191.37
225,2231.461
226,2265.072
227,2290.431
228,2305.571
229,2307.76
230,2294.659
231,2264.566
232,2219.796
233,2167.712
234,2116.474
235,2069.921
236,2027.292
237,1985.24
238,1938.508
239,1887.848
240,1837.864
241,1795.304
242,1765.108
243,1750.01
244,1749.228
245,1758.763
246,1772.97
247,1785.761
248,1790.969
249,1786.668
250,1774.438
251,1757.251
252,1737.995
253,1719.981
254,1706.435
255,1700.627
256,1704.59
257,1717.465
258,1736.775
259,1756.149
260,1768.656
261,1769.393
262,1759.582
263,1744.798
264,1731.201
265,1723.126
266,1721.092
267,1722.732
268,1725.878
269,1729.062
270,1732.117
271,1737.24
272,1745.212
273,1754.701
274,1764.048
275,1772.096
276,1778.393
277,1783.707
278,1789.611
279,1797.279
280,1808.139
281,1820.649
282,1832.753
283,1843.275
284,1852.5
285,1860.291
286,1866.486
287,1870.605
288,1871.728
289,1868.907
290,1860.996
291,1846.825
292,1825.448
293,1797.808
294,1768.324
295,1741.148
296,1718.737
297,1701.568
298,1687.154
299,1671.685
300,1652.711
301,1629.367
302,1603.434
303,1576.406
304,1551.108
305,1526.608
306,1501.836
307,1475.761
308,1448.933
309,1422.689
310,1398.156
311,1375.781
312,1354.299
313,1332.96
314,1311.462
315,1290.038
316,1268.561
317,1247.425
318,1227.04
319,1208.179
320,1191.553
321,1177.363
322,1165.415
323,1155.091
324,1145.925
325,1137.778
326,1130.568
327,1125.337
328,1123.148
329,1124.022
330,1127.257
331,1132.019
332,1137.608
333,1143.099
334,1147.837
335,1152.061
336,1156.594
337,1162.304
338,1170.093
339,1180.152
340,1192.47
341,1206.222
342,1220.234
343,1233.541
344,1244.881
345,1253.978
346,1260.915
347,1267.032
348,1273.714
349,1282.365
350,1294.245
351,1311.062
352,1335.582
353,1372.094
354,1426.059
355,1502.539
356,1606.016
357,1735.274
358,1873.031
359,1989.765
360,2045.961
361,2011.979
362,1894.198
363,1736.95
364,1591.361
365,1484.475
366,1416.236
367,1373.726
368,1344.034
369,1319.221
370,1297.583
371,1280.128
372,1268.342
373,1262.555
374,1261.963
375,1265.659
376,1273.103
377,1284.549
378,1300.824
379,1320.919
380,1340.269
381,1350.756
382,1346.046
383,1326.681
384,1300.668
385,1278.218
386,1264.978
387,1259.551
388,1257.255
389,1252.171
390,1242.099
391,1228.885
392,1214.887
393,1202.858
394,1193.935
395,1187.556
396,1182.171
397,1176.158
398,1169.319
399,1162.328
400,1155.852
401,1149.299
402,1141.032
403,1129.97
404,1116.395
405,1101.832
406,1088.233
407,1077.12
408,1068.932
409,1062.83
410,1057.964
411,1053.596
412,1050.21
413,1047.846
414,1046.147
415,1044.611
416,1042.988
417,1041.586
418,1041.201
419,1042.867
420,1047.12
421,1053.599
422,1061.191
423,1068.414
424,1074.586
425,1079.21
426,1082.224
427,1084.115
428,1085.421
429,1085.928
430,1084.693
431,1081.06
432,1075.568
433,1071.262
434,1070.169
435,1072.821
436,1078.02
437,1084.636
438,1091.998
439,1099.18
440,1104.429
441,1105.477
442,1100.493
443,1091.101
444,1080.662
445,1072.015
446,1066.427
447,1063.734
448,1062.921
449,1062.459
450,1060.773
451,1057.039
452,1051.874
453,1047.497
454,1046.389
455,1047.323
456,1045.746
457,1037.306
458,1020.587
459,998.7836
460,977.9087
461,963.0878
462,956.2861
463,956.4695
464,960.6904
465,965.9053
466,970.4235
467,973.3154
468,974.5653
469,974.1732
470,971.9578
471,968.1165
472,963.9408
473,961.7027
474,963.6288
475,970.5911
476,979.4698
477,985.7502
478,987.163
479,985.0042
480,982.3382
481,981.7546
482,984.3889
483,990.0045
484,997.5843
485,1005.937
486,1013.888
487,1019.66
488,1023.099
489,1025.662
490,1029.892
491,1037.755
492,1049.513
493,1063.663
494,1077.743
495,1089.658
496,1098.332
497,1103.364
498,1104.23
499,1101.125
500,1095.486
501,1089.841
502,1087.146
503,1089.279
504,1095.926
505,1104.591
506,1111.514
507,1113.38
508,1110.092
509,1104.843
510,1100.877
511,1098.971
512,1098.28
513,1097.755
514,1096.847
515,1095.642
516,1094.759
517,1095
518,1096.521
519,1098.698
520,1100.43
521,1100.744
522,1099.558
523,1097.468
524,1095.028
525,1092.453
526,1089.466
527,1085.52
528,1080.702
529,1076.224
530,1074.163
531,1075.803
532,1080.332
533,1085.581
534,1089.523
535,1091.144
536,1090.805
537,1089.759
538,1089.237
539,1089.623
540,1090.084
541,1089.782
542,1088.654
543,1087.812
544,1088.673
545,1092.028
546,1097.438
547,1103.546
548,1108.896
549,1112.752
550,1115.668
551,1118.807
552,1123.037
553,1127.68
554,1131.37
555,1133.067
556,1132.763
557,1131.429
558,1130.54
559,1131.45
560,1134.667
561,1139.868
562,1145.629
563,1150.545
564,1153.727
565,1155.284
566,1156.074
567,1156.79
568,1157.617
569,1158.329
570,1158.427
571,1157.386
572,1155.065
573,1152.183
574,1150.009
575,1149.498
576,1150.983
577,1154.247
578,1158.566
579,1163.159
580,1167.605
581,1172.005
582,1176.582
583,1181.484
584,1187.32
585,1195.423
586,1207.202
587,1223.966
588,1246.705
589,1275.773
590,1311.074
591,1352.103
592,1397.54
593,1444.795
594,1489.765
595,1524.79
596,1542.396
597,1538.145
598,1511.862
599,1468.064
600,1414.4
601,1359.351
602,1309.722
603,1269.244
604,1238.951
605,1218.107
606,1204.846
607,1195.95
608,1188.977
609,1182.287
610,1174.857
611,1166.248
612,1156.518
613,1146.177
614,1136.201
615,1127.567
616,1120.92
617,1116.699
618,1114.471
619,1113.287
620,1112.082
621,1110.171
622,1107.403
623,1104.143
624,1101.011
625,1098.513
626,1096.514
627,1094.67
628,1092.936
629,1091.813
630,1091.698
631,1092.338
632,1093.385
633,1094.955
634,1098.31
635,1102.928
636,1098.261
637,1091.544
638,1088.177
639,1086.602
640,1085.725
641,1085.738
642,1086.776
643,1088.084
644,1090.079
645,1090.982
646,1091.232
647,1090.016
648,1087.193
649,1084.427
650,1080.947
651,1079.48
652,1079.201
653,1081.304
654,1085.261
655,1090.2
656,1095.917
657,1100.888
658,1105.149
659,1107.767
660,1109.153
661,1109.409
662,1109.061
663,1108.419
664,1107.816
665,1107.405
666,1107.185
667,1107
668,1107.043
669,1107.131
670,1107.827
671,1109.079
672,1111.059
673,1114.086
674,1117.056
675,1120.654
676,1122.985
677,1124.585
678,1124.738
679,1123.633
680,1121.81
681,1119.303
682,1117.38
683,1115.917
684,1115.49
685,1115.842
686,1116.874
687,1118.161
688,1119.246
689,1119.802
690,1119.422
691,1118.166
692,1115.831
693,1113.184
694,1110.105
695,1107.653
696,1105.626
697,1104.745
698,1104.765
699,1105.546
700,1113.042
715.01,1123.882
730.02,1129.417
745.02,1133.468
760.03,1126.271
775.04,1128.053
790.05,1131.08
805.05,1128.273
820.06,1134.215
835.07,1142.532
850.08,1150.2
865.09,1152.398
880.09,1150.233
895.1,1150.692
910.11,1151.157
925.12,1152.832
940.12,1153.878
955.13,1159.875
970.14,1163.107
985.15,1163.716
1000.16,1162.139
1015.16,1159.716
1030,1159.458
1040,1159.962
1050,1160.662
1060,1161.495
1070,1162.411
1080,1163.378
1090,1164.383
1100,1165.401
1110,1166.427
1120,1167.446
1130,1168.448
1140,1169.424
1150,1170.375
1160,1171.287
1170,1172.159
1180,1172.988
1190,1173.767
1200,1174.49
1210,1175.162
1220,1175.766
1230,1176.307
1240,1176.777
1250,1177.179
1260,1177.501
1270,1177.74
1280,1177.893
1290,1177.962
1300,1177.934
1310,1177.805
1320,1177.568
1330,1177.215
1340,1176.729
1350,1176.107
1360,1175.324
1370,1174.352
1380,1173.13
1390.36,1171.355
1405.36,1167.714
1420.37,1165.764
1435.38,1166.913
1450.39,1165.738
1465.4,1159.908
1480.4,1157.348
1495.41,1154.537
1510.42,1150.896
1525.43,1150.621
1540.44,1149.306
1555.44,1147.828
1570.45,1146.683
1585.46,1145.406
1600.47,1144.081
1615.47,1139.96
1630.48,1134.121
1645.49,1131.793
1660.5,1128.791
1675.51,1124.832
1690.51,1123.215
1705.52,1121.169
1720.53,1120.636
1735.54,1120.414
1750.54,1117.899
1765.55,1115.59
1780.56,1114.597
1795.57,1113.875
1810.57,1112.592
1825.58,1110.562
1840.59,1108.735
1855.6,1107.13
1870.61,1104.142
1885.61,1102.349
1900.62,1100.115
1915.63,1096.891
1930.64,1093.946
1945.65,1091.77
1960.65,1090.836
1975.66,1086.812
1990.67,1083.86
2005.68,1083.386
2020.68,1082.147
2035.69,1081.282
2050.7,1079.337
2065.71,1077.246
2080.72,1076.688
2095.72,1075.421
2110.73,1071.914
2125.74,1068.923
2140.75,1067.27
2155.75,1065.438
2170.76,1062.864
2185.77,1060.804
2200.78,1059.552
2215.78,1056.773
2230.79,1054.676
2245.8,1053.397
2260.81,1051.208
2275.82,1049.054
2290.82,1046.974
2305.83,1045.837
2320.84,1044.484
2335.85,1042.123
2350.85,1040.423
2365.86,1039.601
2380.87,1037.311
2395.88,1033.923
2410.89,1031.649
2425.89,1029.521
2440.9,1027.898
2455.91,1026.289
2470.92,1023.521
2485.93,1020.718
2500.93,1019.318
2515.94,1018.333
2530.95,1015.651
2545.96,1013.536
2560.96,1012.242
2575.97,1009.465
2590.98,1007.231
2605.99,1005.582
2621,1002.829
2636,999.9655
2651.01,997.7703
2666.02,995.9406
2681.03,993.369
2696.03,990.773
2711.04,989.2333
2726.05,987.9808
2741.06,986.0725
2756.06,982.4976
2771.07,980.594
2786.08,979.7314
2801.09,975.8845
2816.1,973.9177
2831.1,974.0979
2846.11,972.2226
2861.12,968.4199
2876.13,966.7375
2891.14,965.7102
2906.14,962.935
2921.15,963.0214
2936.16,960.5071
2951.17,956.8646
2966.17,954.2557
2981.18,951.3558
2996.19,949.0295
3011.2,947.1935
3026.21,945.9273
3041.21,943.491
3056.22,941.1824
3071.23,938.3194
3086.24,934.9965
3101.24,935.3075
3116.25,935.4293
3131.26,933.1964
3146.27,931.6903
3161.27,930.1559
3176.28,927.7087
3191.29,926.302
3206.3,926.6115
3221.31,928.2264
3236.31,927.782
3251.32,923.9377
3266.33,922.6519
3281.34,921.1798
3296.34,917.7739
3311.35,915.7386
3326.36,913.9389
3341.37,910.6485
3356.38,909.2289
3371.38,908.1708
3386.39,905.1569
3401.4,900.6114
3416.41,898.1093
3431.42,895.7453
3446.42,894.0305
3461.43,892.7419
3476.44,889.727
3491.45,888.5744
3506.45,887.892
3521.46,887.5569
3536.47,887.5842
3551.48,886.179
3566.49,885.1293
3581.49,882.8528
3596.5,880.6292
3611.51,878.9182
3626.52,877.4127
3641.52,876.8901
3656.53,875.504
3671.54,873.2852
3686.55,870.6337
3701.55,870.6954
3716.56,869.8679
3731.57,867.5675
3746.58,865.9402
3761.59,864.6762
3776.59,861.3956
3791.6,858.5962
3806.61,856.9066
3821.62,855.3701
3836.63,852.3049
3851.63,848.9379
3866.64,847.9157
3881.65,846.916
3896.66,844.2574
3911.66,842.2396
3926.67,841.7401
3941.68,840.8536
3956.69,839.8627
3971.7,839.8645
3986.7,839.2503
4001.71,837.7974
4016.72,835.6006
4031.73,830.9661
4046.73,827.9191
4061.74,827.4575
4076.75,824.3368
4091.76,820.684
4106.77,817.757
4121.77,814.127
4136.78,813.2414
4151.79,812.6385
4166.8,808.9564
4181.8,806.0905
4196.81,805.8718
4211.82,805.5631
4226.83,803.3923
4241.83,800.1964
4256.84,798.7516
4271.85,796.7674
4286.86,793.1504
4301.87,790.4189
4316.87,786.6645
4331.88,780.5815
4346.89,778.0099
4361.9,776.0085
4376.9,773.6115
4391.91,772.4562
4406.92,772.2589
4421.93,770.5992
4436.94,764.1476
4451.94,763.817
4466.95,762.7723
4481.96,758.9798
4496.97,758.3104
4511.98,755.4312
4526.98,752.3118
4541.99,747.1002
4557,744.1221
4572.01,742.632
4587.01,738.9981
4602.02,738.9157
4617.03,738.8051
4632.04,735.8565
4647.04,732.5191
4662.05,733.6268
4677.06,734.0298
4692.07,729.1548
4707.08,725.7757
4722.08,725.2654
4737.09,722.2766
4752.1,718.7999
4767.11,716.3041
4782.12,715.527
4797.12,714.4316
4812.13,713.1926
4827.14,715.1752
4842.15,711.046
4857.15,706.0638
4872.16,704.8949
4887.17,703.2591
4902.18,699.7263
4917.19,699.0083
4932.19,699.0979
4947.2,692.8363
4962.21,693.8997
4977.22,695.8032
4992.22,692.6511
5007.23,690.5855
5022.24,687.3491
5037.25,687.461
5052.25,688.942
5067.26,689.2283
5082.27,684.2629
5097.28,681.3584
5112.29,677.5937
5127.29,675.6392
5142.3,672.6047
5157.31,665.9002
5172.32,667.0051
5187.33,669.9473
5202.33,664.7925
5217.34,663.5422
5232.35,666.5628
5247.36,657.1085
5262.36,652.0087
5277.37,657.1229
5292.38,656.6136
5307.39,656.7479
5322.4,654.3467
5337.4,648.4722
5352.41,647.3013
5367.42,645.2001
5382.43,639.3452
5397.43,637.5421
5412.44,641.8996
5427.45,643.2952
5442.46,639.9896
5457.46,637.5327
5472.47,637.5791
5487.48,631.4529
5500,627.1006
5510,627.7366
5520,626.7568
5530,625.6017
5540,624.3782
5550,623.1161
5560,621.8307
5570,620.5358
5580,619.2305
5590,617.92
5600,616.6011
5610,615.2889
5620,613.9694
5630,612.6463
5640,611.3263
5650,610.0064
5660,608.6842
5670,607.3624
5680,606.0416
5690,604.7227
5700,603.4031
5710,602.0842
5720,600.7664
5730,599.4505
5740,598.1363
5750,596.8223
5760,595.512
5770,594.2029
5780,592.8943
5790,591.5865
5800,590.2849
5810,588.9816
5820,587.6838
5830,586.3856
5840,585.0901
5850,583.7949
5860,582.5078
5870,581.2192
5880,579.9323
5890,578.6491
5900,577.3672
5910,576.0911
5920,574.8148
5930,573.5416
5940,572.2728
5950,571.0036
5960,569.7395
5970,568.4777
5980,567.2184
5990,565.9628
6000,564.7083
6010,563.4562
6020,562.2104
6030,560.9655
6040,559.7222
6050,558.4838
6060,557.2462
6070,556.0141
6080,554.7852
6090,553.5559
6100,552.3319
6110,551.1086
6120,549.8909
6130,548.6752
6140,547.4611
6150,546.2535
6160,545.0463
6170,543.8417
6180,542.6403
6190,541.4426
6200,540.2462
6210,539.0552
6220,537.8654
6230,536.6797
6240,535.4961
6250,534.3151
6260,533.137
6270,531.9602
6280,530.7897
6290,529.6218
6300,528.4539
6310,527.2904
6320,526.1304
6330,524.9714
6340,523.8156
6350,522.6633
6360,521.5145
6370,520.3643
6380,519.2219
6390,518.0778
6400,516.939
6410,515.8014
6420,514.668
6430,513.5352
6440,512.4055
6450,511.2785
6460,510.154
6470,509.0317
6480,507.9108
6490,506.7931
6500,505.6776
6510,504.5658
6520,503.4528
6530,502.3454
6540,501.2391
6550,500.1335
6560,499.0291
6570,497.9282
6580,496.8304
6590,495.7316
6600,494.6369
6610,493.5417
6620,492.4492
6630,491.36
6640,490.2693
6650,489.1829
6660,488.0942
6670,487.009
6680,485.926
6690,484.847
6700,483.818
6703.11,483.4724
6718.12,481.736
6733.13,480.0592
6748.13,478.4472
6763.14,476.8731
6778.15,475.3322
6793.16,473.79
6808.17,472.201
6823.17,470.5446
6838.18,468.8042
6853.19,467.0486
6868.2,465.3459
6883.2,463.7137
6898.21,462.1536
6913.22,460.6114
6928.23,459.0379
6943.23,457.4378
6958.24,455.8112
6973.25,454.159
6988.26,452.487
7003.27,450.814
7018.27,449.1326
7033.28,447.4644
7048.29,445.8668
7063.3,444.3832
7078.31,442.9773
7093.31,441.5273
7108.32,440.0032
7123.33,438.4498
7138.34,436.9425
7153.34,435.4753
7168.35,433.9615
7183.36,432.4061
7198.37,430.8446
7213.38,429.3534
7228.38,427.9501
7243.39,426.6271
7258.4,425.2726
7273.41,423.7266
7288.41,422.0449
7303.42,420.3907
7318.43,418.9043
7333.44,417.5708
7348.44,416.2128
7363.45,414.7415
7378.46,413.1847
7393.47,411.7316
7408.48,410.4336
7423.48,409.1375
7438.49,407.7068
7453.5,406.1269
7468.51,404.563
7483.52,403.0769
7498.52,401.707
7513.53,400.443
7528.54,399.247
7543.55,398.066
7558.55,396.8719
7573.56,395.5828
7588.57,394.1462
7603.58,392.7149
7618.58,391.3471
7633.59,390.0468
7648.6,388.7965
7663.61,387.5175
7678.62,386.2369
7693.62,385.0499
7708.63,383.9369
7723.64,382.9006
7738.65,381.5006
7753.65,379.5399
7768.66,378.0161
7783.67,376.9452
7798.68,376.1393
7813.69,375.1671
7828.69,374.0171
7843.7,372.4865
7858.71,370.7743
7873.72,369.5312
7888.73,368.6844
7903.73,367.848
7918.74,366.7137
7933.75,365.2553
7948.76,363.8989
7963.76,362.7571
7978.77,361.8596
7993.78,360.9701
8008.79,359.8603
8023.79,358.6435
8038.8,357.5308
8053.81,356.7337
8068.82,355.8674
8083.83,354.8947
8098.83,353.9139
8113.84,353.1171
8128.85,352.2089
8143.86,351.2292
8158.87,350.2422
8173.87,349.2776
8188.88,348.1242
8203.89,346.937
8218.9,345.8686
8233.9,345.0266
8248.91,344.1708
8263.92,343.2059
8278.93,342.0388
8293.93,340.7777
8308.94,339.8201
8323.95,338.9665
8338.96,338.0119
8353.97,336.7831
8368.97,335.6865
8383.98,334.7536
8398.99,334.0047
8414,333.2357
8429,332.0759
8444.01,330.6568
8459.02,329.2229
8474.03,328.2873
8489.04,327.42
8504.04,326.58
8519.05,325.6935
8534.06,324.6476
8549.07,323.4623
8564.07,322.1997
8579.08,320.982
8594.09,320.0686
8609.1,319.2234
8624.11,318.3157
8639.11,317.2142
8654.12,315.9022
8669.13,314.7836
8684.14,313.7741
8699.14,312.7796
8714.15,311.5645
8729.16,310.3994
8744.17,309.412
8759.18,308.6664
8774.18,307.8279
8789.19,306.7538
8804.2,305.4707
8819.21,304.06
8834.21,302.9734
8849.22,302.1221
8864.23,301.3308
8879.24,300.4388
8894.25,299.3542
8909.25,298.2354
8924.26,297.1651
8939.27,296.2704
8954.28,295.7712
8969.28,295.0694
8984.29,294.2328
8999.3,293.2904
9014.31,292.2343
9029.32,291.1544
9044.32,290.2075
9059.33,289.5539
9074.34,289.105
9089.35,288.5531
9104.35,287.8466
9119.36,286.9074
9134.37,285.741
9149.38,284.8775
9164.39,284.2031
9179.39,283.6151
9194.4,282.9487
9209.41,282.2336
9224.42,281.5443
9239.42,280.9549
9254.43,280.2956
9269.44,279.5418
9284.45,278.7269
9299.46,277.9023
9314.46,277.5215
9329.47,277.226
9344.48,276.7733
9359.49,275.88
9374.49,275.1622
9389.5,274.7505
9404.51,274.4401
9419.52,273.9807
9434.53,273.6904
9449.53,273.3777
9464.54,273.0211
9479.55,272.596
9494.56,272.2147
9509.56,271.7985
9524.57,271.3572
9539.58,270.9014
9554.59,270.8324
9569.6,270.8031
9584.6,270.6849
9599.61,270.3061
9614.62,270.0788
9629.63,270.0182
9644.63,270.1428
9659.64,270.4959
9674.65,270.6938
9689.66,270.6945
9704.67,270.5967
9719.67,270.5511
9734.68,270.4488
9749.69,270.4297
9764.7,270.5494
9779.7,270.8987
9794.71,271.0903
9809.72,271.1582
9824.73,271.1891
9839.74,271.3117
9854.74,271.5094
9869.75,271.6861
9884.76,271.8345
9899.77,271.9469
9914.77,272.2196
9929.78,272.5756
9944.79,273.0248
9959.8,273.6027
9974.81,274.2763
9989.81,274.9446
10004.82,275.54
10019.83,275.9495
10034.84,276.4973
10049.84,277.0184
10064.85,277.4958
10079.86,277.9149
10094.87,278.5915
10109.88,279.2578
10124.88,279.9039
10139.89,280.5714
10154.9,281.3023
10169.91,282.0938
10184.91,282.9215
10199.92,283.7496
10214.93,284.545
10229.94,285.2009
10244.95,285.8322
10259.95,286.6549
10274.96,287.6435
10289.97,288.6375
10304.98,289.6431
10319.98,290.7308
10334.99,291.7298
10350,292.6385
10365.01,293.5044
10380.02,294.4046
10395.02,295.2566
10410.03,296.1405
10425.04,297.1062
10440.05,298.2291
10455.05,299.3561
10470.06,300.4007
10485.07,301.3821
10500.08,302.3511
10515.09,303.3379
10530.09,304.3665
10545.1,305.4464
10560.11,306.5907
10575.12,307.7582
10590.12,308.8078
10605.13,309.7067
10620.14,310.3989
10635.15,311.2826
10650.16,312.291
10665.16,313.3369
10680.17,314.2874
10695.18,315.3844
10710.19,316.4543
10725.19,317.4953
10740.2,318.5665
10755.21,319.5603
10770.22,320.4643
10785.23,321.3137
10800.23,322.1652
10815.24,322.9753
10830.25,323.8864
10845.26,324.8524
10860.26,325.7658
10875.27,326.7086
10890.28,327.5642
10905.29,328.3207
10920.3,328.9733
10935.3,329.7685
10950.31,330.4848
10965.32,331.128
10980.33,331.7508
10995.33,332.5934
11010.34,333.4981
11025.35,334.3982
11040.36,335.2419
11055.37,336.0642
11070.37,336.8283
11085.38,337.5201
11100.39,338.1091
11115.4,338.7635
11130.4,339.5116
11145.41,340.2261
11160.42,340.6835
11175.43,341.3044
11190.44,342.3229
11205.44,343.4152
11220.45,344.0745
11235.46,344.3865
11250.47,344.7096
11265.47,345.026
11280.48,345.1945
11295.49,345.6317
11310.5,346.1997
11325.51,346.7852
11340.51,347.2732
11355.52,347.7175
11370.53,348.3953
11385.54,349.2739
11400.54,350.2755
11415.55,351.2119
11430.56,351.7544
11445.57,352.0668
11460.58,352.4341
11475.58,352.7791
11490.59,352.882
11505.6,352.8786
11520.61,352.9901
11535.61,353.1139
11550.62,353.3827
11565.63,353.9078
11580.64,354.8665
11595.65,355.4893
11610.65,356.0914
11625.66,356.5172
11640.67,356.3981
11655.68,356.7912
11670.68,357.1763
11685.69,357.4869
11700.7,357.7563
11715.71,358.5861
11730.72,359.4232
11745.72,360.0638
11760.73,360.3858
11775.74,360.4097
11790.75,360.3616
11805.75,360.3859
11820.76,360.6293
11835.77,360.8028
11850.78,360.9484
11865.79,361.3177
11880.79,362.28
11895.8,362.7063
11910.81,362.5804
11925.82,362.2978
11940.82,362.2939
11955.83,362.4988
11970.84,363.1007
11985.85,363.7209
12000.86,363.853
12015.86,363.6868
12030.87,363.7048
12045.88,363.8215
12060.89,363.8738
12075.89,363.1047
12090.9,362.2943
12105.91,361.7578
12120.92,361.7165
12135.93,361.7516
12150.93,361.4981
12165.94,361.0488
12180.95,360.5476
12195.96,360.271
12210.96,360.1935
12225.97,360.1703
12240.98,360.0437
12255.99,359.9678
12271,359.8071
12286,359.6133
12301.01,359.488
12316.02,359.2062
12331.03,359.0278
12346.03,358.8547
12361.04,358.51
12376.05,357.7964
12391.06,357.1879
12406.07,356.7487
12421.07,356.481
12436.08,355.7217
12451.09,354.7375
12466.1,353.8508
12481.1,353.3459
12496.11,353.6055
12511.12,353.8412
12526.13,353.9268
12541.14,353.9105
12556.14,353.5053
12571.15,353.1748
12586.16,352.9164
12601.17,352.6164
12616.17,352.2488
12631.18,351.5786
12646.19,350.7679
12661.2,350.0331
12676.21,349.6996
12691.21,349.4818
12706.22,349.1106
12721.23,348.3361
12736.24,347.7136
12751.24,347.4637
12766.25,347.3315
12781.26,347.0034
12796.27,346.6363
12811.28,346.4455
12826.28,346.3654
12841.29,346.2909
12856.3,346.4854
12871.31,346.5703
12886.31,346.466
12901.32,346.182
12916.33,345.5693
12931.34,344.6359
12946.35,343.7179
12961.35,343.187
12976.36,342.9071
12991.37,342.829
13006.38,342.8812
13021.38,343.0035
13036.39,343.1855
13051.4,343.1675
13066.41,342.9749
13081.42,342.6851
13096.42,342.5757
13111.43,342.4986
13126.44,342.4853
13141.45,342.6436
13156.45,342.6048
13171.46,342.3758
13186.47,342.1088
13201.48,341.9504
13216.49,341.759
13231.49,341.4004
13246.5,340.7632
13261.51,339.7145
13276.52,338.9637
13291.52,338.5532
13306.53,338.2439
13321.54,337.8097
13336.55,337.6269
13351.56,337.8894
13366.56,338.2947
13381.57,338.4936
13396.58,338.5008
13411.59,338.615
13426.59,338.6699
13441.6,338.3876
13456.61,338.3112
13471.62,338.2335
13486.63,338.0317
13501.63,337.6569
13516.64,337.5856
13531.65,337.4847
13546.66,337.4828
13561.66,337.8737
13576.67,338.2148
13591.68,338.4989
13606.69,338.6762
13621.7,338.6389
13636.7,338.1823
13651.71,337.776
13666.72,337.4634
13681.73,337.159
13696.73,337.017
13711.74,336.6733
13726.75,336.2674
13741.76,336.0635
13756.77,335.8995
13771.77,335.919
13786.78,336.0041
13801.79,335.9717
13816.8,335.5962
13831.8,335.228
13846.81,335.043
13861.82,335.1337
13876.83,335.1008
13891.83,335.2184
13906.84,335.403
13921.85,335.4536
13936.86,335.4303
13951.87,335.2772
13966.87,335.0408
13981.88,334.7882
13996.89,334.7175
14011.9,334.4483
14026.91,334.0243
14041.91,333.609
14056.92,333.1523
14071.93,332.6084
14086.94,331.9818
14101.94,331.2774
14116.95,330.867
14131.96,330.603
14146.97,330.4602
14161.98,330.5057
14176.98,330.4667
14191.99,330.4659
14207,330.4319
14222.01,330.2187
14237.01,330.2197
14252.02,330.3795
14267.03,330.4525
14282.04,330.2281
14297.04,329.798
14312.05,329.4068
14327.06,329.18
14342.07,329.1947
14357.08,329.2573
14372.08,329.2644
14387.09,329.2775
14402.1,329.3601
14417.11,329.0667
14432.12,328.6158
14447.12,328.2613
14462.13,328.1581
14477.14,328.5583
14492.15,329.1875
14507.15,329.7286
14522.16,329.9578
14537.17,329.809
14552.18,329.8292
14567.19,330.0793
14582.19,330.463
14597.2,330.6938
14612.21,330.8779
14627.22,331.2086
14642.22,331.8137
14657.23,331.7726
14672.24,331.5318
14687.25,331.3456
14702.25,331.2106
14717.26,330.7931
14732.27,330.6122
14747.28,330.7021
14762.29,330.9008
14777.29,330.9995
14792.3,331.5149
14807.31,332.4349
14822.32,333.5775
14837.33,334.3701
14852.33,334.805
14867.34,335.0226
14882.35,335.0789
14897.36,335.0274
14912.36,334.8312
14927.37,334.6501
14942.38,334.6603
14957.39,334.9453
14972.4,335.412
14987.4,335.9334
15002.41,336.4306
15017.42,337.0956
15032.43,337.606
15047.43,337.9587
15062.44,338.2531
15077.45,338.2719
15092.46,338.6326
15107.46,339.3785
15122.47,340.3482
15137.48,341.198
15152.49,342.3902
15167.5,343.5005
15182.5,343.9695
15197.51,344.4198
15212.52,344.514
15227.53,344.4623
15242.54,344.6131
15257.54,344.3673
15272.55,343.8692
15287.56,343.1749
15302.57,342.2286
15317.57,341.6894
15332.58,341.8752
15347.59,342.4085
15362.6,342.9402
15377.6,343.2045
15392.61,343.8901
15407.62,344.5584
15422.63,344.5603
15437.64,343.9502
15452.64,342.9355
15467.65,342.6617
15482.66,344.0767
15497.67,344.8388
15512.67,343.8335
15527.68,342.5896
15542.69,342.4648
15557.7,342.6801
15572.71,342.6756
15587.71,342.493
15602.72,342.2364
15617.73,342.3887
15632.74,342.2651
15647.75,341.8914
15662.75,341.5267
15677.76,340.9811
15692.77,340.9907
15707.78,341.2118
15722.78,341.1187
15737.79,340.9482
15752.8,341.5349
15767.81,342.7145
15782.81,343.4369
15797.82,333.3863
15812.83,330.6614
15827.84,334.1727
15842.85,336.2589
15857.85,336.5841
15872.86,336.7047
15887.87,336.6955
15902.88,336.33
15917.88,336.6786
15932.89,337.0691
15947.9,337.6186
15962.91,338.8555
15977.92,341.2533
15992.92,342.9328
16007.93,343.621
16022.94,343.6703
16037.95,343.4246
16052.96,342.3382
16067.96,341.0483
16082.97,340.271
16097.98,339.6094
16112.99,339.9151
16127.99,341.2318
16143,343.2752
16158.01,345.3937
16173.02,347.6054
16188.02,349.4067
16203.03,350.2584
16218.04,350.3369
16233.05,349.832
16248.06,349.3028
16263.06,349.1075
16278.07,348.0393
16293.08,347.22
16308.09,347.1201
16323.09,347.671
16338.1,348.7255
16353.11,349.6145
16368.12,350.283
16383.13,350.8773
16398.13,351.6333
16413.14,351.9064
16428.15,351.9965
16443.16,352.3963
16458.16,353.3456
16473.17,353.9931
16488.18,354.8228
16503.19,356.4889
16518.2,358.5551
16533.2,360.1884
16548.21,361.0371
16563.22,360.9833
16578.23,360.3933
16593.23,360.5488
16608.24,361.362
16623.25,362.576
16638.26,365.25
16653.27,367.2361
16668.27,368.8171
16683.28,370.8264
16698.29,371.9678
16713.3,372.5738
16728.3,372.2705
16743.31,370.6946
16758.32,369.9933
16773.33,369.8842
16788.34,369.9792
16803.34,370.3427
16818.35,371.0801
16833.36,371.8727
16848.37,372.8353
16863.38,374.1914
16878.38,376.2438
16893.39,377.9809
16908.4,379.3709
16923.41,380.5696
16938.41,380.6489
16953.42,380.3098
16968.43,380.1209
16983.44,380.183
16998.45,380.0964
17013.45,380.3034
17028.46,380.8923
17043.47,381.701
17058.48,381.9839
17073.48,382.926
17088.49,384.5445
17103.5,386.2721
17118.51,386.4737
17133.52,386.5531
17148.52,387.7122
17163.53,390.1089
17178.54,391.8583
17193.54,393.3825
17208.55,394.8706
17223.56,395.9833
17238.57,395.5782
17253.58,395.1942
17268.58,395.4468
17283.59,396.1828
17298.6,396.5898
17313.61,396.3451
17328.62,396.6471
17343.62,398.1601
17358.63,399.2223
17373.64,400.8235
17388.65,402.8871
17403.65,404.9378
17418.66,407.148
17433.67,408.6353
17448.68,409.2987
17463.69,409.4051
17478.69,409.8045
17493.7,410.5054
17508.71,411.2224
17523.72,411.9006
17538.72,412.8289
17553.73,415.1062
17568.74,418.1531
17583.75,421.1759
17598.76,422.9807
17613.76,425.0974
17628.77,427.2419
17643.78,428.6968
17658.79,429.0027
17673.79,429.0052
17688.8,430.1989
17703.81,433.2196
17718.82,437.2
17733.83,439.6983
17748.83,441.7135
17763.84,444.1236
17778.85,445.7185
17793.86,446.9444
17808.87,448.0232
17823.87,448.813
17838.88,448.8179
17853.89,449.0826
17868.9,450.265
17883.9,452.4977
17898.91,455.4589
17913.92,458.6848
17928.93,463.0025
17943.94,468.5513
17958.94,472.9982
17973.95,475.8727
17988.96,477.9495
18003.96,479.3601
18018.97,478.593
18033.98,479.1182
18048.99,480.2211
18064,480.9888
18079,482.523
18094.01,484.1035
18109.02,486.319
18124.03,489.5651
18139.04,493.2835
18154.04,495.48
18169.05,496.4488
18184.06,496.6624
18199.07,496.1967
18214.07,496.0808
18229.08,495.6145
18244.09,494.8535
18259.1,496.7113
18274.11,499.6318
18289.11,502.6998
18304.12,505.9294
18319.13,510.0865
18334.14,512.375
18349.14,514.0565
18364.15,516.1453
18379.16,518.1719
18394.17,519.7349
18409.18,520.3794
18424.18,520.238
18439.19,520.9504
18454.2,520.4332
18469.21,521.1672
18484.21,524.0891
18499.22,525.9964
18514.23,528.9288
18529.24,530.6761
18544.25,530.3863
18559.25,530.601
18574.26,532.9388
18589.27,536.248
18604.28,539.1821
18619.29,538.4319
18634.29,539.6916
18649.3,543.0419
18664.31,547.4606
18679.32,551.7395
18694.32,565.8013
18700,560.0058
18720,537.5328
18740,528.3133
18760,524.0156
18780,521.8443
18800,521.1031
18820,520.2693
18840,519.3446
18860,520.0035
18880,519.8531
18900,516.7785
18920,515.4844
18940,516.5957
18960,516.8654
18980,516.5381
19000,516.556
19020,516.7467
19040,517.0161
19060,517.0317
19080,516.4897
19100,516.0787
19120,515.4808
19140,516.4995
19160,517.9985
19180,517.9818
19200,517.3038
19220,517.7103
19240,517.8197
19260,515.4134
19280,514.0659
19300,516.2795
19320,517.5574
19340,516.8137
19360,515.2603
19380,512.4043
19400,511.5534
19420,511.8824
19440,512.1415
19460,512.3871
19480,513.8307
19500,515.4696
19520,514.0975
19540,512.1815
19560,513.0627
19580,514.4057
19600,514.1276
19620,513.9655
19640,515.0766
19660,515.7824
19680,515.1716
19700,514.9391
19720,515.6259
19740,515.5752
19760,514.0638
19780,513.3519
19800,513.2142
19820,513.4399
19840,514.9931
19860,515.3528
19880,513.7555
19900,514.1431
19920,516.2427
19940,517.8716
19960,518.8449
19980,520.7128
20000,523.7961
20020,525.2484
20040,525.1545
20060,525.9587
20080,527.8586
20100,527.8848
20120,525.9024
20140,523.7257
20160,524.3902
20180,525.5599
20200,526.3485
20220,527.7975
20240,529.9135
20260,532.1686
20280,534.7246
20300,536.9599
20320,539.1562
20340,540.5088
20360,540.9297
20380,540.8215
20400,540.0858
20420,539.5869
20440,540.0366
20460,539.7184
20480,537.4086
20500,536.9402
20520,539.1414
20540,542.3743
20560,543.9234
20580,544.569
20600,544.7985
20620,544.6668
20640,544.6501
20660,544.4796
20680,545.0256
20700,546.6644
20720,547.0695
20740,546.1101
20760,544.5269
20780,542.3748
20800,539.5465
20820,537.668
20840,537.3965
20860,537.8633
20880,538.8046
20900,539.5911
20920,540.797
20940,540.7778
20960,539.5531
20980,539.0513
21000,540.0016
21020,539.9849
21040,537.1213
21060,533.486
21080,532.6382
21100,533.5814
21120,533.3844
21140,532.0972
21160,531.5861
21180,532.0443
21200,532.1473
21220,531.3306
21240,530.3954
21260,530.3012
21280,530.7438
21300,531.1504
21320,531.7614
21340,531.9567
21360,531.7372
21380,531.626
21400,532.045
21420,532.4177
21440,531.0609
21460,527.7711
21480,526.2974
21500,527.1263
21520,527.113
21540,524.8929
21560,522.809
21580,524.5888
21600,530.2519
21620,530.6559
21640,525.7739
21660,523.2151
21680,524.6854
21700,527.3213
21720,528.0928
21740,527.3197
21760,527.9396
21780,530.1509
21800,531.6652
21820,531.7833
21840,531.318
21860,531.1924
21880,531.193
21900,531.3912
21920,531.8738
21940,532.1985
21960,531.8974
21980,530.981
22000,530.7794
22020,531.1095
22040,531.5167
22060,531.9337
22080,532.3493
22100,532.4297
22120,531.8893
22140,532.1982
22160,533.4465
22180,535.0766
22200,536.51
22220,538.2813
22240,539.048
22260,538.6118
22280,538.0201
22300,538.6034
22320,540.1432
22340,541.4972
22360,542.8009
22380,543.994
22400,544.6452
22420,544.7765
22440,545.2583
22460,546.1346
22480,547.0981
22500,547.6666
22520,547.7966
22540,548.3455
22560,549.4936
22580,550.7414
22600,550.897
22620,549.7731
22640,549.634
22660,550.978
22680,553.1494
22700,553.8854
22720,553.2859
22740,553.1183
22760,554.1358
22780,556.353
22800,557.2413
22820,557.0314
22840,556.3217
22860,555.3517
22880,553.5508
22900,552.8763
22920,553.4967
22940,554.774
22960,555.3297
22980,555.1702
23000,555.3673
23020,556.5732
23040,559.1154
23060,560.3223
23080,560.3254
23100,559.8756
23120,559.7066
23140,559.8778
23160,559.5911
23180,558.426
23200,555.7772
23220,555.0147
23240,556.1136
23260,558.1936
23280,559.7242
23300,561.4182
23320,562.52
23340,561.7524
23360,559.1628
23380,557.3107
23400,556.547
23420,556.2378
23440,556.018
23460,555.9697
23480,555.9221
23500,554.8661
23520,552.4093
23540,550.5002
23560,550.8398
23580,553.0007
23600,555.0505
23620,556.7042
23640,558.8865
23660,559.9882
23680,560.3177
23700,560.4047
23720,559.8194
23740,558.5385
23760,556.9821
23780,556.0602
23800,555.5329
23820,554.9758
23840,554.1708
23860,552.872
23880,552.0075
23900,551.9102
23920,552.3018
23940,552.8082
23960,553.4151
23980,554.4003
24000,554.988
24020,555.2939
24040,555.6287
24060,555.4509
24080,554.6815
24100,553.422
24120,553.9954
24140,556.5393
24160,559.9476
24180,559.9787
24200,557.1531
24220,553.4447
24240,551.7432
24260,551.5221
24280,551.4376
24300,550.2099
24320,547.6
24340,545.1542
24360,544.8785
24380,546.3514
24400,548.2114
24420,549.4448
24440,550.7354
24460,551.6364
24480,551.2928
24500,549.7734
24520,548.2054
24540,547.5602
24560,547.3811
24580,547.4915
24600,548.0407
24620,549.1844
24640,550.3426
24660,550.7701
24680,550.8217
24700,550.6725
24720,550.1944
24740,549.4464
24760,548.5023
24780,547.4016
24800,545.9194
24820,544.2478
24840,543.7349
24860,544.2487
24880,545.3599
24900,545.312
24920,544.2687
24940,542.4443
24960,541.9601
24980,542.6979
25000,545.2121
25020,545.2739
25040,543.1881
25060,539.2018
25080,536.3314
25100,534.7297
25120,533.3202
25140,532.5151
25160,532.3782
25180,532.8568
25200,533.317
25220,533.2234
25240,532.6542
25260,532.0014
25280,531.9738
25300,532.3611
25320,532.9493
25340,534.3362
25360,536.6354
25380,541.1486
25400,542.6933
25420,541.4319
25440,537.9943
25460,535.218
25480,533.9306
25500,532.9879
25520,532.5553
25540,533.369
25560,535.6648
25580,539.1077
25600,539.2525
25620,536.5794
25640,530.4342
25660,527.8253
25680,528.8588
25700,532.831
25720,535.9388
25740,536.1837
25760,534.7047
25780,532.4262
25800,530.2028
25820,527.7496
25840,523.9751
25860,521.8268
25880,521.14
25900,521.4003
25920,521.4597
25940,520.6978
25960,519.2882
25980,517.5621
26000,516.563
26020,516.1176
26040,515.9543
26060,515.8063
26080,515.6061
26100,515.1561
26120,515.1036
26140,516.3035
26160,518.7543
26180,523.0327
26200,524.6327
26220,523.8688
26240,521.7808
26260,519.3524
26280,517.0027
26300,513.9933
26320,510.0591
26340,509.1933
26360,511.2454
26380,517.0743
26400,520.3907
26420,518.7793
26440,513.4002
26460,505.4552
26480,501.8862
26500,502.0493
26520,505.1839
26540,507.1417
26560,506.2704
26580,503.3696
26600,498.9131
26620,496.9247
26640,497.2017
26660,499.3094
26680,501.0594
26700,501.1732
26720,500.2234
26740,498.2761
26760,497.6993
26780,498.6629
26800,501.7856
26820,504.2444
26840,502.3616
26860,496.9218
26880,486.254
26900,479.3533
26920,477.3067
26940,477.769
26960,479.8374
26980,480.5305
27000,480.0539
27020,479.4724
27040,478.3598
27060,476.3174
27080,473.3057
27100,467.8946
27120,464.777
27140,464.261
27160,464.9945
27180,466.5996
27200,467.8102
27220,468.588
27240,468.6524
27260,469.6564
27280,473.2414
27300,479.3892
27320,491.0854
27340,498.199
27360,498.682
27380,495.2782
27400,487.8239
27420,483.375
27440,482.0057
27460,481.788
27480,481.9578
27500,480.8544
27520,478.2905
27540,472.7625
27560,468.4437
27580,469.581
27600,475.1707
27620,486.7294
27640,496.207
27660,500.543
27680,502.3869
27700,502.4527
27720,502.4811
27740,502.7379
27760,502.8379
27780,502.7932
27800,501.8503
27820,499.807
27840,495.7198
27860,489.6339
27880,490.4956
27900,498.8882
27920,516.2999
27940,537.7676
27960,542.0012
27980,531.3246
28000,507.5836
28020,479.5717
28040,464.797
28060,460.2798
28080,460.2951
28100,463.2032
28120,467.5876
28140,474.031
28160,486.8146
28180,498.6538
28200,499.9684
28220,492.9089
28240,477.1561
28260,459.5542
28280,447.2296
28300,436.7873
28320,418.9587
28340,404.3423
28360,407.9048
28380,428.0572
28400,467.8814
28420,512.4996
28440,540.2963
28460,555.2646
28480,559.0519
28500,563.1635
28520,584.7034
28540,621.6551
28560,673.1827
28580,732.7037
28600,785.835
28620,838.5551
28640,906.0229
28660,971.1124
28680,975.2855
28700,944.8211
28720,893.1271
28740,825.8047
28760,789.4574
28780,768.8644
28800,751.077
28820,733.4948
28840,718.9556
28860,705.9108
28880,692.3926
28900,674.3752
28920,663.8617
28940,660.7007
28960,661.5633
28980,668.2863
29000,672.4427
29020,671.1409
29040,667.0601
29060,660.6066
29080,653.9123
29100,649.2937
29120,645.7112
29140,641.7924
29160,637.9207
29180,637.1884
29200,639.1701
29220,643.3983
29240,653.1348
29260,656.0023
29280,652.6618
29300,646.2566
29320,634.3041
29340,625.467
29360,623.0022
29380,624.2039
29400,628.939
29420,634.8044
29440,636.5091
29460,635.2742
29480,632.6184
29500,628.4713
29520,625.1568
29540,622.4125
29560,619.342
29580,614.4916
29600,611.558
29620,612.2664
29640,615.6124
29660,622.4822
29680,631.2666
29700,633.272
29720,629.7833
29740,623.0126
29760,609.2933
29780,601.4721
29800,600.8788
29820,603.9205
29840,611.6767
29860,620.3719
29880,623.5193
29900,622.7834
29920,620.1577
29940,614.7827
29960,610.5699
29980,607.44
30000,603.9931
30020,598.7256
30040,594.1417
30060,594.1101
30080,597.7891
30100,604.5627
30120,619.4929
30140,625.4208
30160,621.6727
30180,612.8671
30200,595.9561
30220,576.9785
30240,569.8213
30260,571.9521
30280,578.9921
30300,593.038
30320,605.9805
30340,615.9957
30360,626.0594
30380,638.4366
30400,653.3534
30420,661.7619
30440,664.8977
30460,665.9504
30480,665.8875
30500,663.7252
30520,658.6224
30540,650.7657
30560,639.688
30580,619.8406
30600,608.3621
30620,606.271
30640,608.3132
30660,614.5153
30680,624.3665
30700,630.6815
30720,634.1519
30740,637.2953
30760,641.6684
30780,644.8925
30800,644.0704
30820,640.1108
30840,633.5959
30860,622.064
30880,612.8197
30900,607.9599
30920,604.8275
30940,602.0084
30960,597.0172
30980,596.9234
31000,602.2145
31020,611.0796
31040,625.3525
31060,645.9637
31080,655.8813
31100,656.069
31120,651.5927
31140,640.6273
31160,626.5443
31180,621.5983
31200,624.2249
31220,630.8353
31240,643.6101
31260,657.1412
31280,663.4869
31300,664.978
31320,664.3661
31340,662.0152
31360,658.2766
31380,653.2701
31400,646.6359
31420,637.6072
31440,621.823
31460,609.5928
31480,607.389
31500,611.6157
31520,620.4374
31540,637.7263
31560,652.4579
31580,658.9158
31600,660.8875
31620,660.281
31640,655.5325
31660,652.2476
31680,653.1039
31700,656.4191
31720,661.5461
31740,670.4639
31760,677.5727
31780,679.9321
31800,679.4935
31820,677.1349
31840,671.5429
31860,666.2733
31880,663.7341
31900,662.5975
31920,661.8391
31940,660.7714
31960,660.3278
31980,661.6242
32000,664.3116
32020,668.1589
32040,674.1009
32060,680.587
32080,684.1339
32100,685.5208
32120,685.953
32140,685.5425
32160,684.318
32180,683.0341
32200,681.5847
32220,679.5756
32240,676.5042
32260,671.1177
32280,668.9996
32300,670.1536
32320,672.8235
32340,676.963
32360,683.9332
32380,689.5322
32400,693.0398
32420,695.9391
32440,698.8138
32460,702.7679
32480,705.6066
32500,705.5557
32520,703.4189
32540,699.6814
32560,693.4936
32580,685.6848
32600,680.8048
32620,678.1758
32640,676.1035
32660,674.1428
32680,671.2106
32700,670.1365
32720,671.028
32740,672.9554
32760,675.9396
32780,681.0937
32800,685.5302
32820,687.1707
32840,686.8925
32860,685.1048
32880,680.4912
32900,673.3001
32920,672.4548
32940,677.6935
32960,686.3365
32980,698.7533
33000,720.2111
33020,735.4509
33040,740.3568
33060,739.8746
33080,735.1559
33100,723.2825
33120,708.064
33140,703.8123
33160,708.8153
33180,718.4138
33200,732.4984
33220,755.3388
33240,773.7122
33260,784.9265
33280,793.3806
33300,800.3248
33320,805.72
33340,810.1764
33360,815.9497
33380,822.7796
33400,829.9805
33420,837.4647
33440,845.1128
33460,853.2424
33480,861.9941
33500,871.4443
33520,881.7299
33540,893.4182
33560,907.2927
33580,917.421
33600,924.445
33620,930.1855
33640,934.8166
33660,937.6911
33680,940.6207
33700,945.9711
33720,952.9318
33740,960.8174
33760,969.7593
33780,981.3308
33800,990.3569
33820,996.1101
33840,1000.32
33860,1003.485
33880,1005.434
33900,1005.319
33920,1008.278
33940,1013.678
33960,1020.206
33980,1027.907
34000,1037.775
34020,1048.565
34040,1054.411
34060,1057.039
34080,1058.309
34100,1058.539
34120,1057.805
34140,1056.337
34160,1054.367
34180,1051.77
34200,1048.376
34220,1043.959
34240,1037.214
34260,1031.869
34280,1029.37
34300,1028.212
34320,1027.63
34340,1027.493
34360,1028.026
34380,1028.083
34400,1027.463
34420,1026.479
34440,1025.21
34460,1023.607
34480,1021.274
34500,1019.473
34520,1018.22
34540,1017.084
34560,1015.91
34580,1014.626
34600,1013.142
34620,1011.46
34640,1009.478
34660,1007.032
34680,1003.877
34700,999.5143
34720,990.89
34740,987.9695
34760,991.0118
34780,997.0732
34800,1005.627
34820,1016.996
34840,1034.822
34860,1046.7
34880,1051.562
34900,1053.331
34920,1053.11
34940,1050.917
34960,1044.87
34980,1041.287
35000,1041.671
35020,1043.824
35040,1046.801
35060,1050.374
35080,1054.437
35100,1058.927
35120,1063.821
35140,1069.157
35160,1074.851
35180,1080.973
35200,1088.062
35220,1095.15
35240,1100.451
35260,1104.616
35280,1108.201
35300,1111.202
35320,1113.241
35340,1114.326
35360,1117.994
35380,1123.499
35400,1129.799
35420,1136.766
35440,1144.405
35460,1153.162
35480,1161.454
35500,1169.258
35520,1177.14
35540,1185.374
35560,1194.268
35580,1205.414
35600,1214.129
35620,1218.19
35640,1219.487
35660,1218.857
35680,1216.081
35700,1209.438
35720,1200.534
35740,1200.77
35760,1206.878
35780,1215.398
35800,1225.823
35820,1237.891
35840,1251.936
35860,1265.828
35880,1279.698
35900,1294.259
35920,1309.831
35940,1326.792
35960,1346.755
35980,1366.271
36000,1379.774
36020,1390.029
36040,1398.945
36060,1406.895
36080,1414.039
36100,1420.366
36120,1426.362
36140,1432.005
36160,1436.862
36180,1440.776
36200,1443.529
36220,1443.739
36240,1444.426
36260,1451.313
36280,1461.583
36300,1473.405
36320,1486.492
36340,1500.811
36360,1517.128
36380,1532.038
36400,1545.647
36420,1558.979
36440,1572.342
36460,1585.843
36480,1599.548
36500,1613.151
36520,1626.65
36540,1640.162
36560,1653.715
36580,1667.275
36600,1680.726
36620,1693.44
36640,1707.558
36660,1724.984
36680,1744.344
36700,1765.093
36720,1787.345
36740,1811.532
36760,1840.58
36780,1861.216
36800,1874.366
36820,1884.413
36840,1892.511
36860,1899.052
36880,1904.035
36900,1905.942
36920,1913.476
36940,1923.291
36960,1933.671
36980,1944.312
37000,1955.06
37020,1965.711
37040,1976.206
37060,1988.607
37080,2001.837
37100,2015.446
37120,2029.332
37140,2043.455
37160,2057.205
37180,2071.269
37200,2088.513
37220,2107.262
37240,2126.99
37260,2147.712
37280,2169.621
37300,2193.741
37320,2216.461
37340,2229.814
37360,2240.226
37380,2249.549
37400,2258.145
37420,2266.217
37440,2273.867
37460,2281.333
37480,2288.929
37500,2296.238
37520,2303.486
37540,2310.821
37560,2318.449
37580,2327.109
37600,2333.744
37620,2331.057
37640,2325.791
37660,2319.308
37680,2311.83
37700,2303.373
37720,2293.537
37740,2283.833
37760,2282.656
37780,2283.371
37800,2284.766
37820,2286.557
37840,2288.672
37860,2291.418
37880,2295.242
37900,2290.398
37920,2283.66
37940,2276.181
37960,2268.136
37980,2259.555
38000,2250.364
38020,2239.75
38040,2235.296
38060,2233.13
38080,2231.6
38100,2230.464
38120,2229.698
38140,2229.374
38160,2229.88
38180,2226.682
38200,2219.987
38220,2212.545
38240,2204.788
38260,2196.83
38280,2188.759
38300,2180.731
38320,2172.048
38340,2161.1
38360,2149.586
38380,2137.741
38400,2125.593
38420,2113.117
38440,2100.22
38460,2086.271
38480,2077.454
38500,2069.859
38520,2062.591
38540,2055.523
38560,2048.624
38580,2041.915
38600,2035.663
38620,2027.713
38640,2017.283
38660,2006.241
38680,1994.843
38700,1983.087
38720,1970.916
38740,1958.141
38760,1943.828
38780,1937.702
38800,1933.216
38820,1929.264
38840,1925.666
38860,1922.402
38880,1919.497
38900,1917.217
38920,1913.58
38940,1907.573
38960,1901.058
38980,1894.346
39000,1887.494
39020,1880.514
39040,1873.414
39060,1866.153
39080,1859.079
39100,1852.003
39120,1844.833
39140,1837.532
39160,1830.008
39180,1822.189
39200,1813.743
39220,1805.636
39240,1803.149
39260,1802.118
39280,1801.767
39300,1802.031
39320,1802.951
39340,1804.731
39360,1808.531
39380,1806.902
39400,1796.588
39420,1783.998
39440,1770.267
39460,1755.52
39480,1739.689
39500,1722.434
39520,1701.673
39540,1691.399
39560,1688.658
39580,1688.061
39600,1688.55
39620,1689.902
39640,1692.055
39660,1695.076
39680,1699.816
39700,1699.979
39720,1698.322
39740,1696.25
39760,1694.03
39780,1691.744
39800,1689.451
39820,1687.209
39840,1685.2
39860,1682.288
39880,1679.129
39900,1675.918
39920,1672.716
39940,1669.572
39960,1666.559
39980,1663.81
40000,1662.123
40020,1655.824
40040,1648.182
40060,1639.983
40080,1631.336
40100,1622.28
40120,1612.803
40140,1602.847
40160,1592.073
40180,1582.842
40200,1573.861
40220,1564.675
40240,1555.149
40260,1545.151
40280,1534.468
40300,1522.723
40320,1507.762
40340,1501.865
40360,1500.481
40380,1500.646
40400,1501.732
40420,1503.542
40440,1505.975
40460,1508.969
40480,1512.505
40500,1516.527
40520,1521.035
40540,1526.073
40560,1531.699
40580,1538
40600,1545.136
40620,1553.425
40640,1564.428
40660,1571.361
40680,1569.419
40700,1564.419
40720,1557.989
40740,1550.379
40760,1541.613
40780,1531.504
40800,1519.123
40820,1505.34
40840,1503.688
40860,1506.351
40880,1510.735
40900,1516.476
40920,1523.491
40940,1531.879
40960,1542.01
40980,1556.428
41000,1560.609
41020,1558.569
41040,1554.461
41060,1549.219
41080,1543.088
41100,1536.16
41120,1528.419
41140,1519.452
41160,1510.877
41180,1504.997
41200,1499.829
41220,1494.723
41240,1489.545
41260,1484.182
41280,1478.521
41300,1472.372
41320,1464.752
41340,1460.733
41360,1458.598
41380,1457.09
41400,1455.916
41420,1454.968
41440,1454.161
41460,1453.41
41480,1452.492
41500,1451.924
41520,1453.064
41540,1454.986
41560,1457.357
41580,1460.123
41600,1463.276
41620,1466.843
41640,1470.898
41660,1475.866
41680,1479.835
41700,1482.681
41720,1485.281
41740,1487.941
41760,1490.774
41780,1493.905
41800,1497.508
41820,1501.955
41840,1509.346
41860,1508.477
41880,1503.82
41900,1497.67
41920,1490.426
41940,1482.196
41960,1472.967
41980,1462.594
42000,1450.449
42020,1436.539
42040,1429.776
42060,1425.648
42080,1422.243
42100,1419.221
42120,1416.386
42140,1413.564
42160,1410.65
42180,1407.151
42200,1403.834
42220,1403.856
42240,1405.361
42260,1407.513
42280,1410.143
42300,1413.137
42320,1416.392
42340,1419.755
42360,1422.638
42380,1426.516
42400,1434.725
42420,1445.292
42440,1457.404
42460,1471.028
42480,1486.306
42500,1503.672
42520,1523.754
42540,1549.485
42560,1572.814
42580,1575.107
42600,1569.265
42620,1560.129
42640,1548.58
42660,1535.001
42680,1519.514
42700,1502.016
42720,1481.616
42740,1459.788
42760,1445.409
42780,1433.328
42800,1421.399
42820,1409.181
42840,1396.355
42860,1382.502
42880,1367.015
42900,1348.446
42920,1323.222
42940,1316.769
42960,1319.574
42980,1326.039
43000,1335.346
43020,1347.196
43040,1361.551
43060,1378.617
43080,1399.007
43100,1426.835
43120,1443.796
43140,1452.463
43160,1458.414
43180,1463.152
43200,1467.113
43220,1470.575
43240,1473.753
43260,1476.877
43280,1480.769
43300,1482.888
43320,1481.22
43340,1477.644
43360,1472.88
43380,1467.008
43400,1459.964
43420,1451.554
43440,1441.371
43460,1428.191
43480,1409.281
43500,1406.406
43520,1411.408
43540,1419.452
43560,1429.817
43580,1442.235
43600,1456.65
43620,1473.204
43640,1492.354
43660,1516.86
43680,1536.167
43700,1546.233
43720,1552.678
43740,1557.656
43760,1561.632
43780,1564.834
43800,1567.371
43820,1569.315
43840,1570.624
43860,1570.45
43880,1573.75
