1.5,33078.36
2,32448.37
2.5,31995.57
3,31718.5
3.5,31435.46
4,31218.08
4.5,31034.87
5,30829.67
5.5,30642.41
6,30479.55
6.5,30340.33
7,30219.64
7.5,30093.75
8,29946.83
8.5,29840.84
9,29715.63
9.5,29561.67
10,29484.44
10.5,29353.67
11,29212.73
11.5,29087.93
12,28990.98
12.5,28887.85
13,28801.35
13.5,28687.57
14,28568.46
14.5,28463.64
15,28377.57
15.5,28268.31
16,28153.83
16.5,28039.98
17,27943.1
17.5,27864.09
18,27765.95
18.5,27664.71
19,27574.92
19.5,27486.61
20,27379.45
20.5,27300.68
21,27206.81
21.5,27111.31
22,27026.36
22.5,26941.23
23,26837.94
23.5,26747.99
24,26646.39
24.5,26570.87
25,26483.01
25.5,26394.63
26,26316.83
26.5,26237.43
27,26143.09
27.5,26059.26
28,25966.11
28.5,25894.55
29,25810.36
29.5,25723.77
30,25636.09
30.5,25548.85
31,25463.96
31.5,25390.15
32,25313.69
32.5,25226.61
33,25147.36
33.5,25061.05
34,24991.41
34.5,24901.97
35,24816.45
35.5,24750.21
36,24675.69
36.5,24601.13
37,24535.15
37.5,24463.45
38,24375.51
38.5,24305.92
39,24233.23
39.5,24147.57
40,24082.36
40.5,24022.68
41,23944.1
41.5,23870.44
42,23811.13
42.5,23742.29
43,23670.36
43.5,23589.15
44,23515.86
44.5,23449.78
45,23334.95
45.67,23427.7
49.8,22917.38
54.97,22203.58
62.08,21079.34
67.25,19553.21
71.38,18760.39
76.43,18343.09
82.63,16939.49
88.71,15471.77
90.77,15586.85
96.97,14685.21
100.07,14303.36
109.25,12963.3
112.35,12862.02
116.36,12312.16
118.43,11820.19
123.59,11174.1
127.73,10924.01
132.77,10595.29
140,9750.635
146.09,9480.98
150.22,9091.882
157.45,8611.382
163.53,8391.748
165.6,8099.951
173.74,7266.385
176.84,7186.537
179.94,7100.389
188.09,6867.453
195,6335.544
200,6360.874
201,6498.414
201.4,6273.422
203,6149.286
204,6124.21
205,6074.981
206,6026.932
207,5963.815
208,5882.095
209,5790.591
210,5698.779
211,5594.635
212,5472.82
213,5338.805
214,5200.035
215,5083.118
216,5005
217,4970.435
218,4950.248
219,4918.33
220,4877.026
221,4840.517
222,4819.606
223,4821.776
224,4838.931
225,4857.945
226,4864.701
227,4861.446
228,4874.174
229,4918.054
230,4989.9
231,5073.53
232,5147.199
233,5196.143
234,5222.691
235,5247.036
236,5286.723
237,5345.794
238,5412.348
239,5450.314
240,5448.311
241,5410.224
242,5356.046
243,5300.078
244,5256.139
245,5213.587
246,5164.677
247,5088.781
248,4980.946
249,4856.942
250,4742.042
251,4654.501
252,4598.678
253,4561.347
254,4533.172
255,4505.382
256,4465.854
257,4412.273
258,4335.239
259,4230.598
260,4111.308
261,3992.13
262,3891.296
263,3817.26
264,3765.177
265,3727.74
266,3705.214
267,3688.872
268,3676.116
269,3666.388
270,3655.901
271,3650.841
272,3648.319
273,3650.246
274,3656.573
275,3660.899
276,3660.924
277,3655.477
278,3639.203
279,3618.792
280,3600.902
281,3596.948
282,3611.794
283,3640.871
284,3674.087
285,3694.95
286,3700.617
287,3696.868
288,3694.192
289,3704.686
290,3726.699
291,3749.08
292,3755.293
293,3737.53
294,3697.97
295,3651.313
296,3605.925
297,3570.7
298,3541.914
299,3521.09
300,3502.473
301,3484.926
302,3457.65
303,3404.409
304,3322.199
305,3213.724
306,3091.113
307,2969.316
308,2862.755
309,2772.444
310,2686.761
311,2598.48
312,2496.713
313,2385.044
314,2270.252
315,2165.479
316,2069.973
317,1981.993
318,1901.197
319,1826.631
320,1764.233
321,1717.78
322,1687.609
323,1671.949
324,1670.772
325,1679.944
326,1694.486
327,1713.482
328,1736.375
329,1764.274
330,1797.14
331,1836.666
332,1881.159
333,1928.283
334,1974.68
335,2022.361
336,2077.778
337,2143.103
338,2220.651
339,2312.553
340,2414.042
341,2516.197
342,2603.728
343,2658.221
344,2666.487
345,2625.768
346,2550.38
347,2469.65
348,2397.57
349,2344.683
350,2313.48
351,2304.367
352,2314.988
353,2342.852
354,2381.671
355,2425.708
356,2470.927
357,2513.962
358,2555.54
359,2591.407
360,2618.505
361,2633.24
362,2634.62
363,2623.67
364,2601.854
365,2575.216
366,2548.061
367,2529.451
368,2523.665
369,2526.486
370,2533.569
371,2536.906
372,2531.006
373,2506.954
374,2457.759
375,2385.258
376,2302.909
377,2232.071
378,2197.012
379,2201.175
380,2216.939
381,2223.122
382,2219.919
383,2217.383
384,2223.658
385,2235.35
386,2240.56
387,2226.107
388,2193.206
389,2152.993
390,2122.716
391,2109.704
392,2105.213
393,2102.716
394,2093.982
395,2078.723
396,2063.268
397,2052.526
398,2050.368
399,2055.965
400,2067.019
401,2083.993
402,2104.222
403,2125.733
404,2146.288
405,2165.022
406,2182.491
407,2197.941
408,2211.218
409,2220.286
410,2223.726
411,2221.574
412,2217.863
413,2212.446
414,2208.114
415,2202.738
416,2198.67
417,2198.413
418,2205.435
419,2220.122
420,2240.012
421,2257.19
422,2263.675
423,2258.543
424,2247.963
425,2233.452
426,2215.318
427,2191.257
428,2160.618
429,2127.346
430,2098.338
431,2080.904
432,2079.154
433,2090.233
434,2108.337
435,2133.591
436,2161.279
437,2187.588
438,2206.744
439,2215.964
440,2219.187
441,2221.213
442,2227.102
443,2237.521
444,2250.073
445,2259.913
446,2266.53
447,2273.796
448,2284.795
449,2303.185
450,2326.835
451,2349.218
452,2362.532
453,2359.709
454,2339.79
455,2313.351
456,2288.953
457,2270.06
458,2255.724
459,2241.969
460,2227.402
461,2209.513
462,2186.607
463,2155.732
464,2116.27
465,2068.597
466,2017.868
467,1969.071
468,1927.613
469,1893.292
470,1863.562
471,1834.541
472,1804.785
473,1770.49
474,1730.855
475,1686.451
476,1644.765
477,1613.808
478,1599.636
479,1599.818
480,1611.45
481,1629.968
482,1653.237
483,1679.72
484,1705.904
485,1729.424
486,1747.525
487,1763.533
488,1782.424
489,1807.487
490,1838.197
491,1871.991
492,1907.593
493,1943.57
494,1980.691
495,2019.194
496,2058.622
497,2098.827
498,2135.453
499,2167.054
500,2192.527
501,2213.206
502,2229.407
503,2242.564
504,2252.53
505,2258.468
506,2260.704
507,2262.394
508,2266.982
509,2273.475
510,2279.585
511,2281.613
512,2282.09
513,2284.5
514,2291.782
515,2304.319
516,2317.534
517,2328.438
518,2334.232
519,2336.239
520,2336.238
521,2333.758
522,2326.762
523,2315.314
524,2299.54
525,2281.975
526,2267.13
527,2255.158
528,2246.611
529,2237.971
530,2228.375
531,2219.073
532,2211.019
533,2205.671
534,2201.842
535,2197.648
536,2193.682
537,2190.5
538,2190.164
539,2193.449
540,2198.927
541,2202.192
542,2200.971
543,2197.19
544,2194.878
545,2196.03
546,2203.113
547,2216.56
548,2236.727
549,2264.156
550,2297.446
551,2332.01
552,2361.202
553,2382.156
554,2394.535
555,2401.228
556,2405.295
557,2408.295
558,2410.494
559,2410.287
560,2404.939
561,2392.562
562,2372.802
563,2347.123
564,2321.849
565,2302.591
566,2292.085
567,2291.273
568,2296.35
569,2303.021
570,2307.328
571,2307.068
572,2301.941
573,2293.529
574,2285.875
575,2281.413
576,2280.659
577,2281.812
578,2282.387
579,2280.025
580,2273.926
581,2264.854
582,2253.013
583,2239.865
584,2224.556
585,2208.254
586,2192.395
587,2179.121
588,2167.861
589,2157.481
590,2147.785
591,2138.12
592,2128.8
593,2119.536
594,2109.572
595,2098.08
596,2085.465
597,2073.134
598,2063.701
599,2061.281
600,2064.699
601,2071.505
602,2079.331
603,2086.421
604,2093.973
605,2100.878
606,2107.792
607,2115.299
608,2122.781
609,2131.001
610,2137.705
611,2142.321
612,2142.77
613,2139.388
614,2131.031
615,2118.237
616,2103.872
617,2086.644
618,2071.791
619,2056.325
620,2047.079
621,2038.841
622,2037.144
623,2038.046
624,2043.584
625,2051.899
626,2063.758
627,2078.535
628,2096.082
629,2116.076
630,2136.477
631,2156.208
632,2170.923
633,2180.142
634,2179.506
635,2171.803
636,2155.983
637,2138.488
638,2120.24
639,2106.295
640,2096.855
641,2091.282
642,2089.411
643,2087.898
644,2087.38
645,2084.978
646,2081.214
647,2076.758
648,2071.227
649,2066.838
650,2061.799
651,2058.147
652,2054.933
653,2053.4
654,2052.56
655,2053.822
656,2056.181
657,2059.626
658,2063.495
659,2067.907
660,2072.565
661,2077.188
662,2082.133
663,2087.084
664,2092.314
665,2097.616
666,2102.82
667,2107.678
668,2112.905
669,2117.834
670,2123.81
671,2130.725
672,2137.901
673,2146.328
674,2154.538
675,2163.579
676,2171.718
677,2180.151
678,2186.598
679,2192.517
680,2196.309
681,2198.718
682,2198.206
683,2196.201
684,2192.544
685,2188.202
686,2184.315
687,2181.105
688,2179.648
689,2178.788
690,2178.757
691,2177.87
692,2175.29
693,2170.784
694,2163.947
695,2155.927
696,2146.047
697,2137.693
698,2129.47
699,2124.945
700,2121.471
715.01,2132.943
730.02,2155.367
745.02,2102.661
760.03,2083.948
775.04,2075.194
790.05,2092.91
805.05,2075.25
820.06,2085.758
835.07,2059.903
850.08,2084.583
865.09,2061.409
880.09,2026.721
895.1,2035.157
900,2032.256
910,2023.282
920,2018.615
930,2014.229
940,2009.838
950,2005.351
960,2000.738
970,1995.942
980,1990.958
990,1985.763
1000,1980.373
1010,1974.758
1020,1968.924
1030,1962.874
1040,1956.599
1050,1950.114
1060,1943.398
1070,1936.491
1080,1929.363
1090,1922.031
1100,1914.511
1110,1906.796
1120,1898.896
1130,1890.82
1140,1882.564
1150,1874.152
1160,1865.593
1170,1856.864
1180,1848.006
1190,1839.03
1200,1829.912
1210,1820.683
1220,1811.358
1230,1801.929
1240,1792.42
1250,1782.833
1260,1773.183
1270,1763.473
1280,1753.723
1290,1743.937
1300,1734.112
1310,1724.265
1320,1714.422
1330,1704.573
1340,1694.745
1350,1684.937
1360,1675.161
1370,1665.435
1380,1655.765
1390,1646.146
1400,1636.616
1410,1627.164
1420,1617.8
1430,1608.549
1440,1599.411
1450,1590.381
1460,1581.495
1470,1572.723
1480,1564.062
1490,1555.448
1500,1546.019
1510.42,1540.565
1525.43,1532.033
1540.44,1522.571
1555.44,1509.056
1570.45,1508.535
1585.46,1494.608
1600.47,1483.995
1615.47,1468.964
1630.48,1461.695
1645.49,1448.55
1660.5,1433.032
1675.51,1427.952
1690.51,1417.275
1705.52,1407.765
1720.53,1399.593
1735.54,1391.63
1750.54,1383.538
1765.55,1375.442
1780.56,1368.921
1795.57,1361.466
1810.57,1353.8
1825.58,1346.436
1840.59,1342.902
1855.6,1336.344
1870.61,1325.614
1885.61,1320.375
1900.62,1311.718
1915.63,1305.194
1930.64,1297.331
1945.65,1289.707
1960.65,1285.406
1975.66,1273.723
1990.67,1270.16
2005.68,1265.125
2020.68,1257.566
2035.69,1252.432
2050.7,1246.245
2065.71,1239.403
2080.72,1232.248
2095.72,1223.386
2110.73,1219.036
2125.74,1214.87
2140.75,1206.136
2155.75,1201.958
2170.76,1195.983
2185.77,1191.777
2200.78,1181.873
2215.78,1177.81
2230.79,1172.868
2245.8,1165.664
2260.81,1159.133
2275.82,1158.203
2290.82,1149.451
2305.83,1144.854
2320.84,1138.809
2335.85,1136.122
2350.85,1128.625
2365.86,1123.437
2380.87,1118.786
2395.88,1110.528
2410.89,1107.776
2425.89,1100.282
2440.9,1097.193
2455.91,1094.422
2470.92,1088.134
2485.93,1080.676
2500.93,1077.29
2515.94,1072.93
2530.95,1067.823
2545.96,1064.436
2560.96,1058.287
2575.97,1054.249
2590.98,1049.149
2605.99,1045.414
2621,1041.32
2636,1035.321
2651.01,1031.831
2666.02,1029.436
2681.03,1023.414
2696.03,1017.522
2711.04,1014.491
2726.05,1010.74
2741.06,1006.213
2756.06,1003.002
2771.07,999.5063
2786.08,994.9086
2800,991.9556
2810,989.9
2820,987.6116
2830,985.3047
2840,982.993
2850,980.6738
2860,978.3618
2870,976.0525
2880,973.7415
2890,971.4379
2900,969.1392
2910,966.8392
2920,964.5558
2930,962.2636
2940,959.9703
2950,957.6971
2960,955.4132
2970,953.1403
2980,950.8741
2990,948.6063
3000,946.3398
3010,944.0839
3020,941.8268
3030,939.5812
3040,937.3324
3050,935.0975
3060,932.8524
3070,930.6226
3080,928.3948
3090,926.17
3100,923.9534
3110,921.7445
3120,919.5402
3130,917.3367
3140,915.1394
3150,912.9536
3160,910.7751
3170,908.5978
3180,906.4282
3190,904.269
3200,902.1152
3210,899.9716
3220,897.8323
3230,895.6996
3240,893.5783
3250,891.4639
3260,889.3616
3270,887.267
3280,885.1777
3290,883.104
3300,881.0443
3310,878.9818
3320,876.94
3330,874.9053
3340,872.8839
3350,870.874
3360,868.8781
3370,866.8826
3380,864.9091
3390,862.9495
3400,861.0042
3410,859.0643
3420,857.1429
3430,855.2344
3440,853.3484
3450,851.4675
3460,849.6058
3470,847.7624
3480,845.9335
3490,844.1187
3500,842.3256
3510,840.5534
3520,838.7955
3530,837.0602
3540,835.3464
3550,833.6578
3560,831.9959
3570,830.3649
3580,828.7741
3590,827.2643
3600,826.1555
3611.51,823.2391
3626.52,819.7268
3641.52,818.107
3656.53,817.6526
3671.54,813.0351
3686.55,810.7011
3701.55,812.09
3716.56,808.7274
3731.57,805.4006
3746.58,803.2498
3761.59,803.1975
3776.59,798.181
3791.6,800.0701
3806.61,801.6993
3821.62,797.6997
3836.63,797.6068
3851.63,793.7356
3866.64,790.7247
3881.65,788.6439
3896.66,787.7495
3911.66,785.4182
3926.67,785.4429
3941.68,784.4778
3956.69,784.9789
3971.7,782.1596
3986.7,780.3706
4001.71,778.9561
4016.72,776.3005
4031.73,776.5092
4046.73,773.7255
4061.74,771.6069
4076.75,768.5093
4091.76,767.4739
4106.77,763.5159
4121.77,764.4062
4136.78,763.1057
4151.79,763.576
4166.8,759.4354
4181.8,756.4693
4196.81,757.6836
4211.82,757.4333
4226.83,753.6968
4241.83,755.0098
4256.84,752.2639
4271.85,751.8108
4286.86,750.0499
4301.87,747.1289
4316.87,745.0337
4331.88,744.7185
4346.89,742.6152
4361.9,741.103
4376.9,742.8687
4391.91,741.598
4406.92,737.8851
4421.93,736.0114
4436.94,732.5168
4451.94,733.1733
4466.95,730.4445
4481.96,731.3901
4496.97,728.7776
4511.98,727.9968
4526.98,727.877
4541.99,726.2391
4557,729.0081
4572.01,728.275
4587.01,727.7401
4602.02,724.1783
4617.03,725.6982
4632.04,727.181
4647.04,720.9229
4662.05,716.581
4677.06,716.5015
4692.07,719.2241
4707.08,719.907
4722.08,717.563
4737.09,718.5734
4752.1,717.0375
4767.11,718.1646
4782.12,715.2123
4797.12,713.412
4812.13,718.605
4827.14,715.994
4842.15,713.7549
4857.15,710.3456
4872.16,710.426
4887.17,706.1532
4902.18,704.3516
4917.19,704.9148
4932.19,708.9168
4947.2,715.2698
4962.21,717.1719
4977.22,712.9507
4992.22,707.6834
5007.23,711.0229
5022.24,713.2616
5037.25,709.5913
5052.25,708.7939
5067.26,709.9677
5082.27,709.529
5097.28,709.6447
5112.29,709.491
5127.29,702.8366
5142.3,702.6415
5157.31,710.4438
5172.32,709.5034
5187.33,705.9404
5202.33,702.3043
5217.34,704.3217
5232.35,709.1645
5247.36,710.1931
5262.36,703.1376
5277.37,702.6256
5292.38,707.4923
5307.39,700.6704
5322.4,701.5038
5337.4,705.5115
5352.41,699.356
5367.42,698.3424
5382.43,696.509
5397.43,703.7382
5412.44,703.4791
5427.45,702.3634
5442.46,703.8297
5457.46,703.6266
5472.47,699.8435
5487.48,698.9856
5502.49,700.4731
5517.5,696.044
5532.5,695.6057
5547.51,706.0943
5562.52,703.9056
5577.53,700.1229
5592.54,700.5537
5607.54,694.6476
5622.55,695.3199
5637.56,697.9335
5652.57,693.9478
5667.57,692.5506
5682.58,687.0184
5697.59,689.5987
5712.6,691.9037
5727.6,690.4842
5742.61,690.7142
5757.62,686.5107
5772.63,685.2793
5787.64,681.5839
5802.64,680.2413
5817.65,682.616
5832.66,682.7843
5847.67,682.5869
5862.67,682.2523
5877.68,681.9224
5892.69,681.5164
5907.7,680.9977
5922.71,680.4752
5937.71,679.921
5952.72,679.328
5967.73,678.6837
5982.74,677.9498
5997.75,676.9887
6012.75,676.0397
6027.76,675.3419
6042.77,674.7333
6057.78,674.1957
6072.78,673.7441
6087.79,673.3347
6102.8,672.9962
6117.81,672.7014
6132.81,672.4203
6147.82,672.158
6162.83,671.9066
6177.84,671.684
6192.85,671.4759
6207.85,671.2709
6222.86,671.1046
6237.87,670.9755
6252.88,670.84
6267.88,670.6793
6282.89,670.5272
6297.9,670.366
6312.91,670.2243
6327.92,670.1344
6342.92,670.0662
6357.93,670.0142
6372.94,669.9681
6387.95,669.9156
6402.96,669.874
6417.96,669.852
6432.97,669.8364
6447.98,669.8066
6462.99,669.7449
6477.99,669.6719
6493,669.6004
6508.01,669.5266
6523.02,669.476
6538.02,669.4272
6553.03,669.3657
6568.04,669.3346
6583.05,669.3132
6598.06,669.3181
6613.06,669.3808
6628.07,669.4343
6643.08,669.4609
6658.09,669.4103
6673.1,669.3381
6688.1,669.3058
6703.11,669.2299
6718.12,669.1685
6733.13,669.1856
6748.13,669.2133
6763.14,669.2577
6778.15,669.3473
6793.16,669.4532
6808.17,669.5153
6823.17,669.5139
6838.18,669.4903
6853.19,669.5345
6868.2,669.597
6883.2,669.6379
6898.21,669.6361
6913.22,669.5728
6928.23,669.449
6943.23,669.3931
6958.24,669.4617
6973.25,669.6073
6988.26,669.7439
7003.27,669.8591
7018.27,669.9095
7033.28,669.8842
7048.29,669.8519
7063.3,669.8641
7078.31,669.9539
7093.31,670.0731
7108.32,670.1547
7123.33,670.2061
7138.34,670.2614
7153.34,670.3289
7168.35,670.3102
7183.36,670.317
7198.37,670.317
7213.38,670.2709
7228.38,670.3635
7243.39,670.5536
7258.4,670.7557
7273.41,670.83
7288.41,670.7576
7303.42,670.5768
7318.43,670.4207
7333.44,670.4894
7348.44,670.7161
7363.45,670.9938
7378.46,671.1871
7393.47,671.2079
7408.48,671.2056
7423.48,671.2294
7438.49,671.2485
7453.5,671.2486
7468.51,671.3681
7483.52,671.6216
7498.52,671.9902
7513.53,672.3466
7528.54,672.6335
7543.55,672.8175
7558.55,672.8753
7573.56,672.9232
7588.57,673.1015
7603.58,673.4243
7618.58,673.8489
7633.59,674.3445
7648.6,674.8911
7663.61,675.2216
7678.62,675.1461
7693.62,674.9206
7708.63,674.9519
7723.64,675.1738
7738.65,675.4825
7753.65,675.5582
7768.66,675.4626
7783.67,675.7692
7798.68,676.7444
7813.69,677.7965
7828.69,678.0455
7843.7,677.9188
7858.71,677.7296
7873.72,677.9052
7888.73,678.5351
7903.73,679.2889
7918.74,679.8232
7933.75,679.9462
7948.76,680.0089
7963.76,680.3377
7978.77,680.9814
7993.78,681.5894
8008.79,681.9115
8023.79,682.2066
8038.8,682.6707
8053.81,683.3608
8068.82,683.9971
8083.83,684.4169
8098.83,684.6034
8113.84,684.8344
8128.85,685.267
8143.86,685.6123
8158.87,686.0745
8173.87,686.9042
8188.88,687.2386
8203.89,687.2996
8218.9,687.3078
8233.9,687.6865
8248.91,688.363
8263.92,689.0535
8278.93,689.5474
8293.93,689.8487
8308.94,690.2479
8323.95,690.5253
8338.96,690.5566
8353.97,690.379
8368.97,690.2684
8383.98,690.1633
8398.99,690.1201
8414,690.1508
8429,689.9961
8444.01,689.6722
8459.02,689.6361
8474.03,690.4766
8489.04,691.6216
8504.04,693.1426
8519.05,694.5412
8534.06,695.071
8549.07,695.4117
8564.07,695.7023
8579.08,695.8088
8594.09,695.4605
8609.1,694.9797
8624.11,694.4327
8639.11,693.979
8654.12,693.6285
8669.13,693.0634
8684.14,692.2603
8699.14,691.3217
8714.15,690.3242
8729.16,689.056
8744.17,687.8035
8759.18,686.7692
8774.18,685.9673
8789.19,684.8361
8804.2,683.3887
8819.21,681.7635
8834.21,680.1424
8849.22,678.4824
8864.23,676.8905
8879.24,675.2897
8894.25,673.5677
8909.25,671.8961
8924.26,670.0379
8939.27,668.0699
8954.28,666.2535
8969.28,664.5051
8984.29,662.6712
8999.3,660.8452
9014.31,659.0939
9029.32,657.1248
9044.32,655.0135
9059.33,652.9044
9074.34,650.9789
9089.35,649.1456
9104.35,647.2079
9119.36,645.0615
9134.37,642.7623
9149.38,640.5182
9164.39,638.4033
9179.39,636.3514
9194.4,634.2136
9209.41,632.0598
9224.42,629.933
9239.42,627.8123
9254.43,625.6568
9269.44,623.4262
9284.45,621.2094
9299.46,619.108
9314.46,617.1145
9329.47,615.0204
9344.48,612.8742
9359.49,610.7455
9374.49,608.6596
9389.5,606.5588
9404.51,604.4871
9419.52,602.5104
9434.53,600.6212
9449.53,598.6197
9464.54,596.4939
9479.55,594.3047
9494.56,592.176
9509.56,590.1097
9524.57,588.0613
9539.58,586.006
9554.59,584.0212
9569.6,582.1536
9584.6,580.2069
9599.61,578.1723
9614.62,576.0736
9629.63,573.9151
9644.63,571.6038
9659.64,569.2905
9674.65,567.1904
9689.66,565.0953
9704.67,562.9864
9719.67,560.9318
9734.68,559.0192
9749.69,557.1428
9764.7,555.2546
9779.7,553.3625
9794.71,551.5272
9809.72,549.767
9824.73,548.0735
9839.74,546.4053
9854.74,544.7222
9869.75,543.113
9884.76,541.5015
9899.77,539.8913
9914.77,538.3325
9929.78,536.7803
9944.79,535.2617
9959.8,533.7947
9974.81,532.3458
9989.81,530.8602
10004.82,529.4137
10019.83,528.0217
10034.84,526.6196
10049.84,525.1735
10064.85,523.738
10079.86,522.3083
10094.87,520.9036
10109.88,519.4667
10124.88,518.0588
10139.89,516.7225
10154.9,515.4234
10169.91,514.0764
10184.91,512.7101
10199.92,511.353
10214.93,510.0961
10229.94,508.8207
10244.95,507.6086
10259.95,506.4362
10274.96,505.187
10289.97,503.9677
10304.98,502.751
10319.98,501.5426
10334.99,500.3288
10350,499.1945
10365.01,498.0934
10380.02,497.0087
10395.02,495.8934
10410.03,494.8969
10425.04,493.8795
10440.05,492.8307
10455.05,491.8004
10470.06,490.7027
10485.07,489.6382
10500.08,488.5813
10515.09,487.5102
10530.09,486.4375
10545.1,485.4186
10560.11,484.4233
10575.12,483.4258
10590.12,482.4603
10605.13,481.4925
10620.14,480.566
10635.15,479.7178
10650.16,478.8937
10665.16,478.0532
10680.17,477.194
10695.18,476.3391
10710.19,475.526
10725.19,474.7444
10740.2,473.9945
10755.21,473.2761
10770.22,472.5309
10785.23,471.7992
10800.23,471.0934
10815.24,470.3954
10830.25,469.7198
10845.26,469.0428
10860.26,468.359
10875.27,467.646
10890.28,467.0522
10905.29,466.4879
10920.3,465.9045
10935.3,465.299
10950.31,464.7849
10965.32,464.2061
10980.33,463.6136
10995.33,463.1207
11010.34,462.676
11025.35,462.2718
11040.36,461.8712
11055.37,461.3203
11070.37,460.9127
11085.38,460.5535
11100.39,460.2342
11115.4,459.9157
11130.4,459.541
11145.41,459.1785
11160.42,458.8321
11175.43,458.5669
11190.44,458.1812
11205.44,457.6421
11220.45,457.0197
11235.46,456.5846
11250.47,456.3415
11265.47,456.1282
11280.48,455.9134
11295.49,455.7635
11310.5,455.5121
11325.51,455.1933
11340.51,454.8441
11355.52,454.6939
11370.53,454.7873
11385.54,454.9216
11400.54,455.0446
11415.55,454.8464
11430.56,454.7271
11445.57,454.4708
11460.58,453.9857
11475.58,453.516
11490.59,453.2265
11505.6,452.9115
11520.61,452.5671
11535.61,452.604
11550.62,452.6667
11565.63,452.7055
11580.64,452.5902
11595.65,452.4037
11610.65,452.1567
11625.66,451.9498
11640.67,451.8515
11655.68,452.1143
11670.68,452.1869
11685.69,452.1505
11700.7,452.1125
11715.71,452.1977
11730.72,452.0276
11745.72,451.7636
11760.73,451.4434
11775.74,451.1518
11790.75,451.3321
11805.75,451.5124
11820.76,451.4551
11835.77,451.0614
11850.78,451.1097
11865.79,451.2466
11880.79,451.269
11895.8,450.8283
11910.81,450.6062
11925.82,450.4346
11940.82,450.2221
11955.83,450.2002
11970.84,450.18
11985.85,449.931
12000.86,449.4061
12015.86,448.7626
12030.87,448.4995
12045.88,448.3503
12060.89,448.1495
12075.89,448.001
12090.9,447.6336
12105.91,447.3708
12120.92,447.4061
12135.93,447.2098
12150.93,446.9338
12165.94,446.5787
12180.95,446.2168
12195.96,446.0244
12210.96,446.0326
12225.97,445.9189
12240.98,445.5434
12255.99,445.3766
12271,445.3082
12286,445.2665
12301.01,445.181
12316.02,444.6448
12331.03,444.1314
12346.03,443.8252
12361.04,443.8486
12376.05,443.4974
12391.06,442.7921
12406.07,442.2109
12421.07,441.9514
12436.08,441.8389
12451.09,441.6459
12466.1,441.4041
12481.1,441.1943
12496.11,440.6555
12511.12,440.5529
12526.13,440.5341
12541.14,440.3983
12556.14,440.1664
12571.15,440.1577
12586.16,440.2007
12601.17,440.0602
12616.17,439.549
12631.18,438.9998
12646.19,438.4976
12661.2,438.1271
12676.21,437.9473
12691.21,437.7182
12706.22,437.6313
12721.23,437.7129
12736.24,437.6789
12751.24,437.7173
12766.25,437.7603
12781.26,437.8165
12796.27,437.6281
12811.28,437.321
12826.28,437.103
12841.29,436.9886
12856.3,437.1407
12871.31,437.0719
12886.31,436.8545
12901.32,436.6009
12916.33,436.3859
12931.34,436.5448
12946.35,436.709
12961.35,436.6598
12976.36,436.6659
12991.37,436.7594
13006.38,436.8207
13021.38,436.771
13036.39,436.9687
13051.4,437.1616
13066.41,437.2419
13081.42,437.1223
13096.42,437.0918
13111.43,437.1447
13126.44,437.2456
13141.45,437.4136
13156.45,437.3621
13171.46,437.3576
13186.47,437.4389
13201.48,437.523
13216.49,437.6494
13231.49,437.8396
13246.5,437.9156
13261.51,437.8118
13276.52,437.9918
13291.52,438.223
13306.53,438.3448
13321.54,438.3004
13336.55,438.4792
13351.56,438.4116
13366.56,438.284
13381.57,438.2521
13396.58,438.4141
13411.59,438.5704
13426.59,438.6474
13441.6,438.5377
13456.61,438.7119
13471.62,438.9235
13486.63,439.1971
13501.63,439.4926
13516.64,439.8806
13531.65,440.0793
13546.66,440.1669
13561.66,440.1889
13576.67,440.1981
13591.68,440.1393
13606.69,440.1418
13621.7,440.3815
13636.7,440.3464
13651.71,440.2245
13666.72,440.0367
13681.73,439.6921
13696.73,439.5812
13711.74,439.5527
13726.75,439.5494
13741.76,439.6097
13756.77,439.1734
13771.77,438.8527
13786.78,438.6083
13801.79,438.5049
13816.8,438.4823
13831.8,438.4409
13846.81,438.352
13861.82,438.3446
13876.83,437.9728
13891.83,437.8762
13906.84,437.7486
13921.85,437.5515
13936.86,436.9295
13951.87,436.629
13966.87,436.4342
13981.88,436.2182
13996.89,435.8922
14011.9,435.5135
14026.91,435.1892
14041.91,434.938
14056.92,434.9232
14071.93,434.7669
14086.94,434.5817
14101.94,434.3918
14116.95,434.1311
14131.96,433.8643
14146.97,433.7864
14161.98,433.8468
14176.98,433.6384
14191.99,433.3364
14207,433.1257
14222.01,433.0789
14237.01,433.0791
14252.02,433.0445
14267.03,432.9943
14282.04,433.0556
14297.04,433.2101
14312.05,433.0392
14327.06,432.7835
14342.07,432.4126
14357.08,432.0418
14372.08,431.882
14387.09,431.9291
14402.1,432.1024
14417.11,431.7729
14432.12,431.851
14447.12,431.9135
14462.13,431.724
14477.14,431.6544
14492.15,431.7395
14507.15,431.7076
14522.16,431.5108
14537.17,431.7704
14552.18,431.9592
14567.19,432.1498
14582.19,432.3231
14597.2,432.4012
14612.21,432.2952
14627.22,432.369
14642.22,432.7053
14657.23,432.7775
14672.24,432.9433
14687.25,433.0908
14702.25,433.1145
14717.26,433.51
14732.27,433.8841
14747.28,434.2398
14762.29,434.5451
14777.29,434.559
14792.3,434.3873
14807.31,434.5159
14822.32,435.1811
14837.33,435.8884
14852.33,435.8991
14867.34,435.7083
14882.35,435.8817
14897.36,436.5609
14912.36,437.1505
14927.37,437.4909
14942.38,437.6701
14957.39,437.7128
14972.4,437.8637
14987.4,438.0234
15002.41,438.3121
15017.42,438.5031
15032.43,438.9116
15047.43,439.3913
15062.44,439.8733
15077.45,440.0512
15092.46,440.1355
15107.46,440.2592
15122.47,440.4688
15137.48,440.293
15152.49,440.071
15167.5,439.9279
15182.5,439.871
15197.51,439.856
15212.52,439.3108
15227.53,438.9545
15242.54,439.1532
15257.54,439.0643
15272.55,438.6853
15287.56,438.2769
15302.57,438.0594
15317.57,438.034
15332.58,438.1729
15347.59,438.1182
15362.6,437.856
15377.6,437.2913
15392.61,436.3691
15407.62,435.2445
15422.63,433.9926
15437.64,433.2877
15452.64,433.047
15467.65,431.9247
15482.66,429.2917
15497.67,427.3645
15512.67,426.2116
15527.68,425.8607
15542.69,426.4671
15557.7,426.2544
15572.71,425.3734
15587.71,424.4623
15602.72,423.757
15617.73,422.327
15632.74,421.7434
15647.75,421.4361
15662.75,420.8845
15677.76,420.4131
15692.77,420.0434
15707.78,419.7705
15722.78,419.667
15737.79,420.3603
15752.8,420.4217
15767.81,419.6928
15782.81,417.3844
15797.82,406.5941
15812.83,406.1271
15827.84,409.8277
15842.85,411.6669
15857.85,411.7955
15872.86,411.732
15887.87,411.7332
15902.88,411.7626
15917.88,411.2093
15932.89,411.2671
15947.9,411.5387
15962.91,411.5664
15977.92,411.2739
15992.92,411.0676
16007.93,411.0625
16022.94,411.137
16037.95,410.6469
16052.96,409.946
16067.96,409.5116
16082.97,409.3691
16097.98,409.0167
16112.99,409.1975
16127.99,409.6209
16143,410.0321
16158.01,409.7781
16173.02,409.8936
16188.02,410.3949
16203.03,410.9609
16218.04,410.6079
16233.05,410.4018
16248.06,410.1306
16263.06,409.5384
16278.07,409.0189
16293.08,409.2295
16308.09,409.2737
16323.09,408.5923
16338.1,407.7603
16353.11,407.4359
16368.12,407.3685
16383.13,407.4622
16398.13,407.6893
16413.14,407.9093
16428.15,408.0154
16443.16,407.9669
16458.16,408.7628
16473.17,408.9393
16488.18,408.4544
16503.19,407.7348
16518.2,408.2646
16533.2,408.2633
16548.21,407.9975
16563.22,407.9702
16578.23,408.3589
16593.23,408.144
16608.24,407.595
16623.25,407.129
16638.26,406.5662
16653.27,406.555
16668.27,407.0677
16683.28,408.2634
16698.29,411.2334
16713.3,412.7821
16728.3,412.5295
16743.31,411.0697
16758.32,409.7842
16773.33,410.635
16788.34,412.3394
16803.34,413.75
16818.35,413.5143
16833.36,412.839
16848.37,412.4756
16863.38,412.6528
16878.38,412.8693
16893.39,412.7089
16908.4,412.7323
16923.41,413.1124
16938.41,412.8129
16953.42,412.4936
16968.43,412.2845
16983.44,412.1467
16998.45,412.0306
17013.45,412.3923
17028.46,413.0451
17043.47,413.8102
17058.48,413.9225
17073.48,413.7925
17088.49,413.9668
17103.5,414.6257
17118.51,415.422
17133.52,416.2817
17148.52,416.4731
17163.53,415.8169
17178.54,415.588
17193.54,416.326
17208.55,417.2551
17223.56,417.8567
17238.57,418.2022
17253.58,418.399
17268.58,418.6777
17283.59,419.2017
17298.6,419.9305
17313.61,421.0381
17328.62,422.1362
17343.62,423.0133
17358.63,423.8693
17373.64,425.2211
17388.65,427.0884
17403.65,429.235
17418.66,430.0745
17433.67,431.1907
17448.68,432.6485
17463.69,433.9864
17478.69,433.9581
17493.7,434.9001
17508.71,436.5941
17523.72,438.563
17538.72,440.727
17553.73,443.2198
17568.74,445.7744
17583.75,448.202
17598.76,449.8943
17613.76,452.3397
17628.77,455.3871
17643.78,458.5124
17658.79,461.1931
17673.79,463.932
17688.8,466.4948
17703.81,468.8265
17718.82,473.095
17733.83,476.5164
17748.83,480.0265
17763.84,484.2956
17778.85,487.8191
17793.86,491.1999
17808.87,494.1643
17823.87,496.4841
17838.88,498.3909
17853.89,500.4153
17868.9,503.2288
17883.9,506.5189
17898.91,508.7135
17913.92,510.5764
17928.93,513.2267
17943.94,516.8789
17958.94,521.0631
17973.95,525.1784
17988.96,527.8762
18003.96,529.3098
18018.97,532.17
18033.98,535.3848
18048.99,538.5887
18064,541.7679
18079,544.3938
18094.01,547.3176
18109.02,550.0115
18124.03,552.0866
18139.04,553.2821
18154.04,554.2563
18169.05,554.8998
18184.06,555.2448
18199.07,555.0877
18214.07,555.1803
18229.08,555.3186
18244.09,555.7608
18259.1,557.9124
18274.11,557.1356
18289.11,556.9405
18304.12,558.2594
18319.13,557.97
18334.14,556.3851
18349.14,555.3274
18364.15,555.0189
18379.16,554.0132
18394.17,552.2632
18409.18,549.9141
18424.18,547.1456
18439.19,544.6842
18454.2,542.1222
18469.21,539.5004
18484.21,537.1004
18499.22,535.4097
18514.23,533.8699
18529.24,532.0112
18544.25,529.9767
18559.25,528.055
18574.26,528.6428
18589.27,529.915
18604.28,530.3014
18619.29,527.6982
18634.29,525.4146
18649.3,523.1516
18664.31,520.5315
18679.32,517.1274
18694.32,514.8088
18709.33,512.5688
18724.34,510.3806
18739.35,509.9759
18754.36,508.3808
18769.36,505.9217
18784.37,503.5578
18799.38,504.0699
18814.38,502.8705
18829.39,501.3679
18844.4,500.0987
18859.41,496.9459
18874.42,495.7921
18889.42,497.1661
18904.43,499.6796
18919.44,499.3969
18934.45,499.3139
18949.46,497.1883
18964.46,492.6861
18979.47,488.3075
18994.48,486.1221
19009.49,485.1887
19024.49,484.6269
19039.5,482.3212
19054.51,479.9688
19069.52,483.4211
19084.53,491.8317
19099.53,495.6634
19114.54,501.9772
19129.55,509.4372
19144.56,514.6981
19159.56,506.4158
19174.57,493.4429
19189.58,514.7222
20000,580.1124
20020,580.4722
20040,584.8498
20060,589.8587
20080,592.7772
20100,594.5104
20120,594.7265
20140,593.6674
20160,594.2554
20180,595.3848
20200,595.9434
20220,597.2419
20240,599.588
20260,601.0367
20280,601.0606
20300,602.3831
20320,605.5771
20340,608.6625
20360,611.6594
20380,612.9385
20400,611.8829
20420,610.5659
20440,610.0706
20460,609.3522
20480,608.2614
20500,608.7967
20520,608.4835
20540,607.7955
20560,608.9779
20580,611.1339
20600,612.5255
20620,613.5662
20640,614.7546
20660,616.3878
20680,617.4972
20700,618.489
20720,619.0555
20740,619.5414
20760,619.048
20780,616.9684
20800,614.2772
20820,613.3292
20840,614.3254
20860,616.2009
20880,618.8032
20900,619.5837
20920,619.2717
20940,618.7331
20960,617.7581
20980,617.1917
21000,616.8745
21020,617.2141
21040,618.8091
21060,620.3704
21080,619.8921
21100,618.1005
21120,617.6586
21140,618.0787
21160,617.3812
21180,615.1555
21200,614.5681
21220,616.3625
21240,618.8075
21260,620.4398
21280,621.8944
21300,623.0723
21320,624.3266
21340,625.3655
21360,626.5168
21380,626.9796
21400,626.0391
21420,624.9344
21440,625.8223
21460,628.2637
21480,628.8235
21500,628.6556
21520,628.9904
21540,629.8154
21560,630.8011
21580,631.5109
21600,631.9847
21620,633.4538
21640,635.7579
21660,637.7079
21680,639.0998
21700,640.5258
21720,642.4199
21740,644.9927
21760,645.3986
21780,643.7217
21800,643.6688
21820,646.271
21840,649.8727
21860,652.0253
21880,653.3944
21900,655.068
21920,657.0911
21940,659.1953
21960,661.3115
21980,663.7933
22000,664.4044
22020,663.2928
22040,663.4607
22060,665.7426
22080,668.879
22100,671.0499
22120,673.2833
22140,674.2775
22160,673.6897
22180,672.9354
22200,674.5892
22220,677.7206
22240,680.3442
22260,682.9237
22280,685.3304
22300,687.1428
22320,689.4421
22340,689.3939
22360,687.2399
22380,685.4193
22400,686.0471
22420,688.2203
22440,689.8569
22460,691.5508
22480,692.8973
22500,692.6946
22520,691.1883
22540,690.7256
22560,690.8665
22580,691.3444
22600,692.7621
22620,695.1024
22640,696.9225
22660,698.2263
22680,699.4374
22700,701.6591
22720,705.3336
22740,706.9895
22760,705.7999
22780,702.361
22800,701.7383
22820,702.4968
22840,703.1584
22860,703.252
22880,702.8653
22900,702.754
22920,703.1338
22940,703.5358
22960,703.5722
22980,703.258
23000,702.9703
23020,702.9625
23040,702.8744
23060,703.1043
23080,703.5429
23100,704.0434
23120,704.4182
23140,704.8031
23160,705.0288
23180,705.1825
23200,705.0657
23220,705.5062
23240,706.3857
23260,707.5835
23280,707.4536
23300,706.5911
23320,705.4947
23340,704.2709
23360,702.1866
23380,702.2111
23400,704.3416
23420,708.5963
23440,708.9857
23460,707.4688
23480,705.3619
23500,703.6652
23520,701.8571
23540,700.4479
23560,700.1682
23580,700.6258
23600,700.7519
23620,700.5945
23640,700.8248
23660,699.6852
23680,697.34
23700,694.2785
23720,694.7838
23740,697.8009
23760,701.026
23780,700.425
23800,697.6643
23820,695.2151
23840,694.2261
23860,694.2745
23880,693.4072
23900,691.478
23920,688.2388
23940,686.6744
23960,686.5822
23980,687.341
24000,687.3597
24020,687.106
24040,686.8906
24060,685.9771
24080,684.4476
24100,682.6222
24120,682.8796
24140,684.8079
24160,687.1731
24180,686.5297
24200,684.1724
24220,681.5423
24240,680.4666
24260,680.4155
24280,680.2395
24300,678.9751
24320,676.8007
24340,674.936
24360,674.7057
24380,675.4495
24400,676.1566
24420,676.0865
24440,675.7506
24460,675.3326
24480,674.7106
24500,674.1292
24520,673.253
24540,671.4374
24560,668.9756
24580,666.4698
24600,664.5837
24620,662.5649
24640,660.9882
24660,660.8561
24680,661.9117
24700,662.752
24720,661.3547
24740,658.7273
24760,655.6786
24780,653.3125
24800,650.9653
24820,648.5264
24840,646.631
24860,644.6594
24880,642.7405
24900,642.3431
24920,643.1602
24940,645.0284
24960,644.7106
24980,643.1604
25000,640.0567
25020,639.6315
25040,641.0269
25060,644.3949
25080,645.2025
25100,643.8831
25120,641.1677
25140,639.1924
25160,638.1953
25180,637.7501
25200,637.0858
25220,635.8809
25240,634.3181
25260,632.6857
25280,631.0103
25300,629.0449
25320,626.6661
25340,626.1246
25360,626.8962
25380,629.1963
25400,629.2126
25420,627.5521
25440,624.5343
25460,622.7296
25480,622.4669
25500,623.4054
25520,623.8144
25540,621.6503
25560,617.4557
25580,612.1073
25600,611.1146
25620,613.0667
25640,618.1475
25660,619.6259
25680,618.5216
25700,615.9229
25720,613.7546
25740,612.5688
25760,612.1003
25780,611.494
25800,609.2156
25820,605.5529
25840,599.592
25860,596.9719
25880,596.6741
25900,598.3022
25920,598.6371
25940,596.5431
25960,592.1912
25980,587.2202
26000,587.1553
26020,590.7435
26040,599.2838
26060,601.6057
26080,598.3781
26100,591.0953
26120,584.5297
26140,582.6902
26160,583.7382
26180,587.0903
26200,587.7529
26220,586.5047
26240,584.0031
26260,582.141
26280,581.8062
26300,582.5681
26320,583.9372
26340,583.9341
26360,583.0135
26380,581.4437
26400,580.1863
26420,579.7401
26440,579.7964
26460,580.1369
26480,580.0233
26500,579.5375
26520,579.8301
26540,578.399
26560,574.3832
26580,568.1368
26600,560.025
26620,556.0487
26640,555.0101
26660,555.8011
26680,556.3318
26700,555.8008
26720,554.8009
26740,553.7845
26760,551.9415
26780,549.1894
26800,545.3347
26820,541.6738
26840,539.9064
26860,539.2615
26880,539.3837
26900,539.5015
26920,539.4341
26940,539.6932
26960,540.2572
26980,539.911
27000,539.0357
27020,538.1733
27040,536.736
27060,534.4077
27080,531.0635
27100,525.4863
27120,522.691
27140,522.3328
27160,523.192
27180,525.0034
27200,526.027
27220,526.6336
27240,527.4917
27260,528.178
27280,528.4058
27300,528.3072
27320,527.708
27340,528.2405
27360,530.2485
27380,534.0988
27400,540.8191
27420,540.7733
27440,534.7749
27460,523.5955
27480,510.3421
27500,503.2574
27520,500.3904
27540,498.1563
27560,497.9955
27580,501.2362
27600,507.7686
27620,520.1539
27640,529.1103
27660,532.1768
27680,532.5874
27700,532.0939
27720,529.2317
27740,523.8649
27760,515.7557
27780,503.2069
27800,495.7968
27820,493.0079
27840,491.931
27860,492.1024
27880,491.4692
27900,489.89
27920,486.3424
27940,482.2515
27960,484.245
27980,491.6987
28000,504.2731
28020,519.1873
28040,530.9029
28060,541.118
28080,553.7039
28100,564.9351
28120,569.4135
28140,568.9197
28160,564.678
28180,559.5849
28200,556.2563
28220,553.5625
28240,550.0051
28260,546.6885
28280,544.6933
28300,543.6036
28320,544.5976
28340,542.9637
28360,533.5374
28380,516.3318
28400,481.5894
28420,450.9289
28440,451.4429
28460,479.0219
28480,536.5146
28500,600.5716
28520,633.9184
28540,645.8405
28560,641.1347
28580,636.2722
28600,662.4515
28620,716.4527
28640,803.9297
28660,897.4645
28680,908.4496
28700,874.6966
28720,816.31
28740,740.2888
28760,699.944
28780,677.7805
28800,658.7438
28820,639.2222
28840,625.841
28860,616.7814
28880,609.2406
28900,601.0464
28920,597.3098
28940,597.9693
28960,601.9742
28980,611.9864
29000,618.526
29020,618.0482
29040,613.4755
29060,603.9312
29080,595.0646
29100,593.9156
29120,598.2919
29140,607.1011
29160,619.4012
29180,626.7794
29200,630.6569
29220,634.1302
29240,639.476
29260,640.0079
29280,636.4298
29300,630.5331
29320,621.0898
29340,612.5626
29360,606.4883
29380,600.9812
29400,594.3015
29420,587.921
29440,585.3549
29460,585.7975
29480,588.6939
29500,596.4323
29520,597.499
29540,592.5791
29560,584.4305
29580,570.272
29600,558.7657
29620,553.9584
29640,552.8025
29660,554.1256
29680,557.1935
29700,558.9214
29720,559.6563
29740,560.3754
29760,561.423
29780,562.299
29800,562.9324
29820,563.5228
29840,564.7156
29860,565.9306
29880,566.4214
29900,566.3318
29920,566.1354
29940,566.4954
29960,565.5343
29980,562.9917
30000,559.3809
30020,553.3868
30040,547.4011
30060,545.1091
30080,545.5838
30100,547.8035
30120,553.5448
30140,556.5001
30160,556.4104
30180,554.9783
30200,551.9982
30220,548.3926
30240,546.3027
30260,545.1024
30280,543.9943
30300,541.7078
30320,541.5915
30340,544.5811
30360,549.8595
30380,558.462
30400,570.4319
30420,576.2972
30440,576.6013
30460,574.3013
30480,568.0873
30500,561.9387
30520,559.3484
30540,558.9079
30560,559.5663
30580,562.8527
30600,563.9061
30620,562.2863
30640,559.2919
30660,555.0358
30680,549.5063
30700,543.7824
30720,537.5045
30740,529.5604
30760,516.215
30780,503.8636
30800,501.6036
30820,507.5315
30840,519.4146
30860,543.2043
30880,562.3962
30900,570.0759
30920,571.8491
30940,569.7458
30960,560.8308
30980,556.3887
31000,557.4259
31020,560.4745
31040,565.7024
31060,573.5242
31080,578.519
31100,580.8074
31120,581.9771
31140,582.0191
31160,581.4868
31180,582.1961
31200,584.3174
31220,587.4341
31240,593.5234
31260,598.9215
31280,598.0701
31300,592.1854
31320,582.2748
31340,564.3675
31360,547.5032
31380,540.6102
31400,540.6042
31420,544.8862
31440,556.1638
31460,566.6559
31480,570.7897
31500,570.7883
31520,568.5026
31540,562.5567
31560,557.1483
31580,554.5369
31600,553.4992
31620,553.1002
31640,553.5987
31660,554.0354
31680,553.7152
31700,553.051
31720,552.0055
31740,550.1011
31760,548.2339
31780,546.8668
31800,545.5582
31820,543.9338
31840,540.213
31860,537.2933
31880,537.6526
31900,540.5364
31920,545.1693
31940,552.8647
31960,561.1387
31980,566.6119
32000,570.3205
32020,573.356
32040,576.1452
32060,578.491
32080,579.1611
32100,578.0834
32120,575.3425
32140,569.5485
32160,560.5481
32180,556.285
32200,557.1265
32220,559.975
32240,564.7324
32260,571.7308
32280,578.4387
32300,584.3321
32320,590.4876
32340,597.0771
32360,604.9292
32380,611.9711
32400,617.3987
32420,621.6992
32440,625.0917
32460,626.7679
32480,628.4987
32500,631.9064
32520,636.551
32540,641.7442
32560,647.754
32580,654.2545
32600,657.9077
32620,658.4377
32640,656.2828
32660,650.0702
32680,631.633
32700,622.6888
32720,627.4222
32740,637.6374
32760,652.388
32780,673.0671
32800,695.4991
32820,715.6605
32840,734.7757
32860,753.5497
32880,771.278
32900,787.6494
32920,808.3239
32940,833.4233
32960,860.6334
32980,889.2037
33000,916.9315
33020,948.3795
33040,985.209
33060,1025.121
33080,1066.627
33100,1106.265
33120,1147.457
33140,1204.491
33160,1275.479
33180,1356.179
33200,1446.047
33220,1548.165
33240,1650.968
33260,1753.663
33280,1859.089
33300,1967.997
33320,2078.297
33340,2194.371
33360,2329.562
33380,2478.039
33400,2636.82
33420,2805.487
33440,2991.46
33460,3141.144
33480,3262.264
33500,3373.14
33520,3477.88
33540,3578.407
33560,3669.749
33580,3710.665
33600,3738.729
33620,3758.906
33640,3773.086
33660,3781.915
33680,3768.115
33700,3731.717
33720,3691.974
33740,3649.975
33760,3606.193
33780,3560.807
33800,3504.395
33820,3445.867
33840,3387.693
33860,3329.395
33880,3270.934
33900,3208.176
33920,3122.316
33940,3041.421
33960,2964.023
33980,2889.481
34000,2817.958
34020,2751.67
34040,2692.013
34060,2633.409
34080,2576.088
34100,2520.316
34120,2465.944
34140,2413.539
34160,2362.991
34180,2313.445
34200,2264.826
34220,2217.379
34240,2171.197
34260,2130.945
34280,2093.302
34300,2055.692
34320,2018.528
34340,1981.698
34360,1945.22
34380,1909.63
34400,1874.385
34420,1839.462
34440,1804.591
34460,1769.849
34480,1735.321
34500,1708.622
34520,1683.067
34540,1657.208
34560,1631.276
34580,1604.969
34600,1578.274
34620,1558.547
34640,1539.615
34660,1520.527
34680,1501.203
34700,1481.541
34720,1461.125
34740,1446.561
34760,1432.985
34780,1419.418
34800,1405.747
34820,1391.885
34840,1377.562
34860,1365.663
34880,1354.416
34900,1343.323
34920,1332.027
34940,1320.698
34960,1308.874
34980,1298.493
35000,1288.865
35020,1279.137
35040,1269.425
35060,1259.392
35080,1248.94
35100,1240.048
35120,1232.906
35140,1226.156
35160,1219.41
35180,1212.706
35200,1206.065
35220,1199.216
35240,1191.856
35260,1184.236
35280,1176.336
35300,1168.034
35320,1158.88
35340,1149.781
35360,1146.5
35380,1144.976
35400,1144.244
35420,1144.213
35440,1144.956
35460,1147.661
35480,1145.255
35500,1140.95
35520,1135.99
35540,1130.524
35560,1124.477
35580,1117.121
35600,1112.316
35620,1110.537
35640,1109.847
35660,1109.579
35680,1109.914
35700,1111.003
35720,1112.106
35740,1111.394
35760,1110.174
35780,1108.87
35800,1107.587
35820,1106.444
35840,1105.708
35860,1103.129
35880,1099.665
35900,1095.771
35920,1091.505
35940,1086.615
35960,1080.848
35980,1075.837
36000,1073.396
36020,1071.889
36040,1070.758
36060,1069.705
36080,1068.891
36100,1068.241
36120,1067.672
36140,1067.377
36160,1066.911
36180,1066.528
36200,1065.985
36220,1065.017
36240,1064.587
36260,1065.925
36280,1068.29
36300,1071.115
36320,1074.425
36340,1078.348
36360,1083.692
36380,1086.563
36400,1087.589
36420,1087.952
36440,1087.727
36460,1087.15
36480,1085.969
36500,1084
36520,1085.269
36540,1087.849
36560,1090.969
36580,1094.556
36600,1098.59
36620,1103.571
36640,1107.998
36660,1111.343
36680,1114.207
36700,1116.924
36720,1119.575
36740,1122.172
36760,1124.599
36780,1127.504
36800,1130.812
36820,1134.388
36840,1137.814
36860,1141.372
36880,1145.06
36900,1148.436
36920,1152.959
36940,1157.951
36960,1163.454
36980,1169.246
37000,1175.644
37020,1182.665
37040,1190.654
37060,1195.577
37080,1199.547
37100,1203.168
37120,1206.892
37140,1210.701
37160,1215.195
37180,1219.299
37200,1218.787
37220,1216.281
37240,1212.727
37260,1208.205
37280,1202.574
37300,1194.894
37320,1187.666
37340,1187.594
37360,1190.368
37380,1194.36
37400,1199.363
37420,1205.419
37440,1212.951
37460,1220.267
37480,1222.904
37500,1223.655
37520,1223.669
37540,1223.341
37560,1222.456
37580,1220.812
37600,1219.116
37620,1219.95
37640,1221.767
37660,1224.012
37680,1226.631
37700,1229.678
37720,1233.187
37740,1237.151
37760,1238.467
37780,1238.83
37800,1238.917
37820,1238.679
37840,1238.251
37860,1237.968
37880,1237.733
37900,1235.966
37920,1233.511
37940,1230.689
37960,1227.312
37980,1223.586
38000,1219.316
38020,1213.52
38040,1211.33
38060,1211.257
38080,1211.79
38100,1212.91
38120,1214.56
38140,1216.591
38160,1219.566
38180,1221.258
38200,1220.939
38220,1219.93
38240,1218.648
38260,1217.197
38280,1215.654
38300,1214.208
38320,1212.502
38340,1208.927
38360,1204.599
38380,1199.745
38400,1194.304
38420,1188.136
38440,1180.899
38460,1170.4
38480,1168.185
38500,1170.076
38520,1173.598
38540,1178.334
38560,1184.228
38580,1191.439
38600,1201.185
38620,1208.41
38640,1209.828
38660,1209.126
38680,1207.74
38700,1205.644
38720,1202.952
38740,1199.618
38760,1195.116
38780,1193.529
38800,1193.026
38820,1192.889
38840,1193.039
38860,1193.484
38880,1194.333
38900,1195.915
38920,1196.398
38940,1193.94
38960,1190.267
38980,1185.942
39000,1181.011
39020,1175.41
39040,1168.91
39060,1159.962
39080,1156.521
39100,1156.469
39120,1157.564
39140,1159.43
39160,1162.014
39180,1165.397
39200,1169.787
39220,1174.901
39240,1175.615
39260,1174.624
39280,1173.228
39300,1171.348
39320,1169.087
39340,1166.438
39360,1163.344
39380,1160.678
39400,1159.464
39420,1158.865
39440,1158.381
39460,1158.25
39480,1158.505
39500,1159.057
39520,1161.03
39540,1160.218
39560,1156.628
39580,1151.876
39600,1146.616
39620,1140.645
39640,1134.189
39660,1126.872
39680,1118.04
39700,1111.945
39720,1107.36
39740,1103.127
39760,1098.934
39780,1094.627
39800,1090.025
39820,1084.829
39840,1077.297
39860,1075.954
39880,1077.496
39900,1080.456
39920,1084.357
39940,1089.407
39960,1095.47
39980,1103.111
40000,1114.375
40020,1117.693
40040,1117.813
40060,1116.968
40080,1115.525
40100,1113.451
40120,1111.095
40140,1108.499
40160,1105.807
40180,1102.342
40200,1098.387
40220,1094.074
40240,1089.373
40260,1084.466
40280,1079.051
40300,1073.013
40320,1065.513
40340,1060.517
40360,1057.132
40380,1054.277
40400,1051.453
40420,1048.773
40440,1046.131
40460,1043.125
40480,1039.205
40500,1037.457
40520,1038.228
40540,1040.102
40560,1042.724
40580,1046.327
40600,1050.787
40620,1056.409
40640,1064.704
40660,1070.93
40680,1070.469
40700,1067.1
40720,1062.634
40740,1057.091
40760,1050.813
40780,1043.548
40800,1035.227
40820,1025.795
40840,1019.24
40860,1013.661
40880,1008.143
40900,1002.748
40920,997.1292
40940,991.1645
40960,984.9269
40980,977.4026
41000,971.6585
41020,967.3304
41040,963.4362
41060,959.6656
41080,955.8661
41100,951.9097
41120,947.3328
41140,941.33
41160,935.9627
41180,935.896
41200,938.6055
41220,942.9741
41240,948.6565
41260,955.7018
41280,964.3624
41300,975.1918
41320,991.7043
41340,999.0974
41360,1000.085
41380,998.701
41400,995.9205
41420,991.8241
41440,986.7525
41460,980.6637
41480,973.0499
41500,964.8187
41520,959.0784
41540,954.3537
41560,949.7479
41580,944.8289
41600,939.6426
41620,933.9717
41640,927.4102
41660,918.0699
41680,912.055
41700,911.1669
41720,912.8507
41740,916.0043
41760,920.4418
41780,926.1577
41800,933.2994
41820,942.3254
41840,955.8403
41860,962.5908
41880,964.6082
41900,965.0934
41920,964.6815
41940,963.3251
41960,961.327
41980,958.6942
42000,954.9022
42020,949.921
42040,947.5975
42060,946.705
42080,946.2844
42100,945.9537
42120,945.8843
42140,945.8016
42160,945.8384
42180,945.857
42200,945.9521
42220,946.9173
42240,948.494
42260,950.2516
42280,952.3976
42300,954.9974
42320,957.8622
42340,961.3832
42360,965.959
42380,970.7231
42400,972.4113
42420,972.4198
42440,971.7135
42460,970.4156
42480,968.7863
42500,966.5436
42520,963.759
42540,959.8236
42560,955.7141
42580,954.89
42600,955.7109
42620,957.4114
42640,959.8904
42660,962.8796
42680,966.6973
42700,971.3016
42720,977.6428
42740,985.0807
42760,987.8194
42780,988.058
42800,987.3973
42820,986.3492
42840,985.1043
42860,983.5777
42880,982.2281
42900,981.6163
42920,982.9386
42940,977.4427
42960,967.7919
42980,956.0773
43000,942.4793
43020,927.1749
43040,909.6429
43060,889.5451
43080,865.4223
43100,829.9955
43120,808.0928
43140,800.3788
43160,798.8599
43180,801.0689
43200,806.4886
43220,815.0055
43240,826.8431
43260,842.7344
43280,866.8101
43300,889.2316
43320,898.6
43340,900.9291
43360,900.3856
43380,897.7662
43400,893.3727
43420,887.537
43440,879.9439
43460,869.9505
43480,855.9753
43500,847.7372
43520,843.3148
43540,839.7415
43560,836.7873
43580,833.9933
43600,831.3513
43620,828.4384
43640,825.0984
43660,819.4916
43680,815.7594
43700,816.7729
43720,820.6875
43740,826.3301
43760,833.5177
43780,842.2424
43800,852.6667
43820,864.851
43840,879.7283
43860,900.9556
43880,914.1431
43900,921.5685
43920,927.0646
43940,931.5785
43960,935.2662
43980,938.5473
44000,941.6979
44020,944.7077
44040,948.6603
44060,952.372
44080,951.816
44100,948.6754
44120,944.1734
44140,938.4622
44160,931.5452
44180,923.6099
44200,914.2574
44220,903.361
44240,888.9408
44260,875.7742
44280,866.6258
44300,859.0199
44320,851.8259
44340,844.4399
44360,836.7484
44380,828.2003
44400,818.5065
44420,806.5712
44440,787.8152
44460,775.2507
44480,771.9462
44500,773.4861
44520,777.6571
44540,783.8318
44560,791.7433
44580,800.8474
44600,810.9921
44620,821.2791
44640,827.5081
44660,843.0469
44680,869.7864
44700,903.9769
44720,944.541
44740,991.6292
44760,1045.955
44780,1108.386
44800,1181.154
44820,1267.97
44840,1392.032
44860,1447.842
44880,1450.691
44900,1433.398
44920,1404.694
44940,1367.576
44960,1323.408
44980,1272.308
45000,1213.436
45020,1144.068
45040,1046.608
45060,984.6956
45080,960.5506
45100,952.7589
45120,953.5425
45140,961.0383
45160,974.9421
45180,995.1044
45200,1022.475
45220,1058.752
45240,1114.39
45260,1156.881
45280,1164.658
45300,1156.026
45320,1140.146
45340,1118.777
45360,1092.529
45380,1061.38
45400,1024.95
45420,981.3301
45440,923.5096
45460,856.11
45480,823.4665
45500,813.6988
45520,812.6683
45540,818.1987
45560,829.4819
45580,845.9451
45600,867.8551
45620,895.4576
45640,929.769
45660,977.4441
45680,1016.08
45700,1045.704
45720,1073.368
45740,1101.068
45760,1129.689
45780,1159.99
45800,1192.496
45820,1228.534
45840,1270.003
45860,1325.343
45880,1370.695
45900,1371.418
45920,1351.664
45940,1322.151
45960,1284.281
