1,29178.87,3557.94
1.5,29265.44,3538.906
2,29055.02,3720.662
2.5,28770.13,3949.817
3,28466.12,4183.903
3.5,28162.95,4410.449
4,27867.45,4625.156
4.5,27581.95,4828.716
5,27306.58,5020.538
5.5,27040.66,5202.006
6,26784.11,5372.903
6.5,26536.83,5534.928
7,26297.68,5688.794
7.5,26065.66,5835.19
8,25841,5974.1
8.5,25623.03,6106.807
9,25410.99,6234.342
9.5,25204.19,6355.48
10,25003.1,6472.086
10.5,24806.53,6583.65
11,24614.9,6690.776
11.5,24427.8,6793.277
12,24244.92,6893.147
12.5,24065.41,6988.622
13,23889.63,7081.132
13.5,23717.22,7169.79
14,23548.49,7255.297
14.5,23383.09,7338.451
15,23220.36,7419.079
15.5,23060.22,7496.784
16,22902.86,7572.034
16.5,22748.04,7644.893
17,22595.75,7715.344
17.5,22445.87,7783.799
18,22298.26,7850.208
18.5,22152.77,7914.518
19,22009.49,7977
19.5,21868.24,8037.761
20,21728.66,8096.941
20.5,21590.97,8153.957
21,21455.2,8209.766
21.5,21321.04,8263.713
22,21188.76,8316.463
22.5,21057.88,8367.582
23,20928.5,8417.558
23.5,20800.62,8465.852
24,20674.25,8512.944
24.5,20549.15,8559.006
25,20425.32,8603.518
25.5,20303.06,8646.858
26,20181.99,8689.201
26.5,20062.08,8730.499
27,19943.2,8770.716
27.5,19825.4,8809.642
28,19708.86,8847.487
28.5,19593.53,8884.617
29,19479.08,8920.6
29.5,19365.59,8956.039
30,19252.84,8990.078
30.5,19141.24,9023.41
31,19030.45,9055.741
31.5,18920.56,9087.374
32,18811.38,9118.13
32.5,18703.04,9148.048
33,18595.52,9177.18
33.5,18488.62,9205.472
34,18382.4,9233.086
34.5,18276.86,9259.82
35,18172,9285.959
35.5,18067.64,9311.313
36,17963.82,9336.037
36.5,17860.56,9360.043
37,17757.71,9383.271
37.5,17655.26,9405.968
38,17553.27,9427.729
38.5,17451.59,9449.017
39,17350.29,9469.645
39.5,17249.13,9489.744
40,17148.19,9508.927
40.5,17047.44,9527.826
41,16946.59,9545.859
41.5,16845.67,9563.442
42,16744.61,9580.297
42.5,16643.26,9596.528
43,16541.37,9612.248
43.5,16438.6,9627.263
44,16334.91,9641.393
44.5,16229.7,9655.087
45,16122.01,9668.035
45.5,16010.65,9680.077
46,15837.57,9689.291
48,15711.3,9405.447
50,15243.25,10115.91
52,13940.09,9970.567
54,13919.77,8445.657
56,14225.61,8826.248
58,14105.23,8537.899
60,14164.58,8610.545
62,14081.17,8711.783
64,13940.81,8803.012
66,13771.57,8884.184
68,13583.07,8955.404
70,13363.92,9015.317
72,13309.23,8996.605
74,12895.98,9478.51
76,12288.59,9241.712
78,12033.25,8856.27
80,11898.25,8595.261
82,12047.15,8167.754
84,12459.25,8193.843
86,12462.04,8754.028
88,12099.96,8880.889
90,12006.37,8746.141
92,11996.04,8960.559
94,11725.65,9249.743
96,11313.26,9331.791
98,10837.93,9260.318
100,10525.06,8865.438
102,10625.38,8404.125
104,11008.76,8295.952
106,11340.87,8643.699
108,11258.36,9292.228
110,10692.35,9761.389
112,10018.91,9774.762
114,9492.517,9519.389
116,9218.106,9119.519
118,9251.033,8768.963
120,9363.225,8740.305
122,9248.848,8907.98
124,8959.486,8915.141
126,8742.73,8743.885
128,8662.096,8588.433
130,8545.93,8556.697
132,8341.573,8456.873
134,8269.6,8200.977
136,8372.526,8057.824
138,8391.287,8161.053
140,8191.822,8247.153
141,8056.488,8167.196
142,7996.824,8048.57
143,8005.595,7946.836
144,8049.627,7901.552
145,8082.164,7920.541
146,8062.58,7980.287
147,7975.748,8035.209
148,7838.636,8040.55
149,7691.884,7971.508
150,7588.435,7832.533
151,7558.804,7666.516
152,7603.686,7519.034
153,7693.009,7429.241
154,7784.899,7402.055
155,7853.418,7415.285
156,7892.318,7444.711
157,7910.495,7470.828
158,7927.125,7487.272
159,7958.882,7506.392
160,8004.667,7553.311
161,8043.349,7646.863
162,8039.098,7788.773
163,7954.463,7949.98
164,7792.611,8070.026
165,7590.131,8115.615
166,7394.435,8080.409
167,7243.033,7987.623
168,7150.13,7873.649
169,7107.771,7772.121
170,7091.769,7703.866
171,7071.21,7669.113
172,7029.56,7644.736
173,6971.036,7606.099
174,6925.394,7539.681
175,6907.78,7470.889
176,6909.187,7419.67
177,6915.318,7390.393
178,6911.56,7380.116
179,6891.086,7374.892
180,6859.328,7361.213
181,6827.26,7334.978
182,6805.915,7299.11
183,6804.238,7263.931
184,6819.681,7247.958
185,6832.316,7264.205
186,6823.719,7304.21
187,6779.13,7354.156
188,6700.729,7387.699
189,6605.239,7390.191
190,6511.5,7360.775
191,6433.831,7307.766
192,6378.962,7244.781
193,6342.038,7185.758
194,6318.083,7134.876
195,6296.265,7098.449
196,6266.313,7070.579
197,6223.175,7041.064
198,6172.451,6996.715
199,6126.685,6933.063
200,6098.776,6854.675
201,6094.718,6774.023
202,6111.892,6703.77
203,6143.35,6651.85
204,6177.169,6623.677
205,6199.475,6615.508
206,6201.355,6614.007
207,6188.777,6601.253
208,6177.98,6571.508
209,6181.896,6533.337
210,6204.266,6500.869
211,6236.616,6488.257
212,6262.982,6498.806
213,6270.147,6523.473
214,6253.877,6546.276
215,6224.774,6551.568
216,6196.778,6538.385
217,6184.365,6511.823
218,6189.869,6489.543
219,6207.11,6481.391
220,6223.575,6494.171
221,6227.57,6523.105
222,6211.25,6559.785
223,6172.031,6591.842
224,6116.488,6606.012
225,6057.961,6596.688
226,6008.696,6567.43
227,5978.032,6527.02
228,5965.97,6489.587
229,5962.5,6464.362
230,5957.97,6448.346
231,5950.119,6434.594
232,5941.962,6418.944
233,5938.098,6401.583
234,5940.993,6386.922
235,5948.921,6380.279
236,5957.436,6384.896
237,5957.105,6401.846
238,5942.608,6421.773
239,5915.813,6435.545
240,5884.347,6437.579
241,5855.292,6429.448
242,5833.511,6414.927
243,5820.014,6399.826
244,5813.166,6388.095
245,5810.835,6382.004
246,5809.931,6383.21
247,5806.429,6391.705
248,5799.999,6404.335
249,5789.898,6422.854
250,5770.171,6448.043
251,5735.265,6472.785
252,5687.762,6485.559
253,5639.634,6479.422
254,5604.352,6458.921
255,5589.546,6437.466
256,5590.385,6432.429
257,5587.78,6454.097
258,5562.311,6493.525
259,5505.304,6530.41
260,5427.654,6542.416
261,5351.872,6524.098
262,5290.397,6487.917
263,5247.043,6444.761
264,5218.549,6404.68
265,5199.995,6372.198
266,5185.83,6350.046
267,5168.921,6338.903
268,5142.887,6334.621
269,5104.83,6330.217
270,5055.054,6317.964
271,5002.138,6290.188
272,4953.146,6249.472
273,4913.58,6198.467
274,4886.417,6143.398
275,4869.64,6090.8
276,4857.441,6043.671
277,4844.407,5999.252
278,4830.218,5951.115
279,4820.576,5894.846
280,4822.882,5832.125
281,4841.993,5769.814
282,4877.625,5717.71
283,4918.867,5684.568
284,4957.01,5665.412
285,4988.135,5654.724
286,5012.083,5646.054
287,5033.575,5634.307
288,5059.343,5619.648
289,5093.427,5607.894
290,5134.203,5606.219
291,5177.361,5618.854
292,5211.808,5649.091
293,5230.135,5687.012
294,5233.897,5722.617
295,5228.548,5750.751
296,5220.831,5770.075
297,5216.334,5783.229
298,5217.323,5795.536
299,5222.396,5811.662
300,5228.771,5834.063
301,5232.252,5863.829
302,5229.052,5898.904
303,5216.217,5935.26
304,5198.307,5965.734
305,5181.787,5992.505
306,5166.844,6021.761
307,5151.431,6055.891
308,5130.671,6097.594
309,5097.972,6144.574
310,5050.01,6189.53
311,4988.848,6224.115
312,4922.268,6242.548
313,4860.051,6245.751
314,4810.406,6241.322
315,4769.776,6242.298
316,4728.889,6252.528
317,4678.862,6269.058
318,4615.548,6283.945
319,4540.103,6288.702
320,4458.41,6276.898
321,4379.177,6246.33
322,4310.773,6200.176
323,4259.174,6145.709
324,4222.854,6093.103
325,4195.147,6047.603
326,4169.551,6008.396
327,4142.636,5971.374
328,4117.123,5931.823
329,4095.664,5891.113
330,4078.406,5851.414
331,4063.702,5813.928
332,4049.474,5778.048
333,4034.854,5741.337
334,4020.781,5700.707
335,4012.962,5653.549
336,4016.694,5603.106
337,4036.308,5555.066
338,4071.51,5518.615
339,4117.692,5502.346
340,4163.63,5513.324
341,4194.923,5550.479
342,4199.467,5604.946
343,4170.157,5661.996
344,4109.145,5703.73
345,4030.157,5715.588
346,3951.434,5695.245
347,3888.257,5651.303
348,3841.803,5598.499
349,3808.516,5542.721
350,3784.103,5486.033
351,3767.174,5426.606
352,3760.098,5362.946
353,3767.314,5296.519
354,3792.528,5233.028
355,3835.007,5180.963
356,3889.408,5147.865
357,3945.026,5137.988
358,3992.542,5147.234
359,4027.509,5168.698
360,4048.313,5196.118
361,4057.415,5223.23
362,4059.091,5247.963
363,4055.353,5271.401
364,4046.066,5294.112
365,4031.041,5315.187
366,4009.68,5333.413
367,3983.827,5346.065
368,3955.169,5352.817
369,3925.809,5352.923
370,3898.799,5346.711
371,3874.788,5336.396
372,3855.874,5321.749
373,3845.754,5305.267
374,3846.089,5293.375
375,3853.276,5294.16
376,3857.261,5312.928
377,3843.851,5347.055
378,3801.514,5381.652
379,3738.701,5393.709
380,3677.617,5376.233
381,3633.217,5341.113
382,3608.384,5303.01
383,3596.771,5272.937
384,3588.696,5253.94
385,3577.162,5242.209
386,3561.053,5231.467
387,3543.951,5218.092
388,3530.097,5203.48
389,3521.14,5192.813
390,3510.249,5192.193
391,3488.554,5198.468
392,3453.015,5202.465
393,3406.8,5195.745
394,3357.514,5173.241
395,3314.555,5135.528
396,3284.47,5088.802
397,3268.302,5041.426
398,3262.824,4999.766
399,3262.396,4967.421
400,3258.913,4943.902
401,3249.811,4922.152
402,3236.379,4897.117
403,3224.376,4865.35
404,3219.913,4829.394
405,3225.04,4795.895
406,3236.404,4771.202
407,3247.088,4758.14
408,3249.631,4754.164
409,3239.983,4752.003
410,3220.619,4743.202
411,3198.859,4723.846
412,3181.032,4696.354
413,3167.966,4665.655
414,3159.224,4633.188
415,3154.713,4599.936
416,3154.499,4566.779
417,3158.73,4534.97
418,3166.64,4506.273
419,3175.959,4481.854
420,3184.401,4460.704
421,3192.032,4440.7
422,3198.888,4421.178
423,3206.766,4400.891
424,3217.691,4381.363
425,3230.597,4365.608
426,3243.17,4354.434
427,3253.053,4347.279
428,3258.221,4342.335
429,3258.106,4336.436
430,3254.511,4326.502
431,3250.349,4311.312
432,3248.711,4291.124
433,3253.577,4268.09
434,3263.65,4247.995
435,3276.126,4232.21
436,3287.165,4220.82
437,3295.073,4210.341
438,3300.942,4197.588
439,3307.978,4180.779
440,3320.362,4160.953
441,3340.204,4142.264
442,3366.303,4129.313
443,3396.392,4125.074
444,3423.646,4132.329
445,3442.934,4146.205
446,3453.443,4160.737
447,3459.198,4170.9
448,3466.28,4176.809
449,3478.261,4183.685
450,3492.969,4198.538
451,3502.314,4225.266
452,3495.88,4260.21
453,3467.925,4290.974
454,3424.844,4302.019
455,3383.746,4287.054
456,3356.835,4254.436
457,3348.557,4213.45
458,3361.4,4171.769
459,3395.854,4138.932
460,3447.875,4126.395
461,3505.618,4144.836
462,3548.988,4197.35
463,3557.415,4271.514
464,3522.869,4340.84
465,3459.653,4378.088
466,3397.97,4374.944
467,3356.964,4347.658
468,3342.606,4313.392
469,3351.332,4287.951
470,3373.78,4281.785
471,3396.583,4300.086
472,3404.839,4339.905
473,3387.675,4389.628
474,3342.155,4432.595
475,3277.59,4451.68
476,3215.573,4440.039
477,3172.362,4409.807
478,3151.843,4378.065
479,3145.481,4359.144
480,3140.131,4356.906
481,3124.518,4366.442
482,3094.562,4377.299
483,3054.323,4380.601
484,3010.551,4374.185
485,2967.42,4361.064
486,2921.805,4344.445
487,2872.793,4320.295
488,2822.692,4284.955
489,2777.841,4236.683
490,2742.846,4178.917
491,2719.949,4115.855
492,2709.805,4051.734
493,2711.318,3990.854
494,2721.412,3936.546
495,2736.046,3890.173
496,2751.024,3850.702
497,2764.134,3814.65
498,2777.055,3778.301
499,2792.555,3741.378
500,2811.664,3705.547
501,2834.674,3671.861
502,2861.381,3641.692
503,2891.279,3616.14
504,2923.067,3596.767
505,2953.808,3584.329
506,2980.837,3577.057
507,3003.198,3571.956
508,3021.871,3566.274
509,3039.988,3558.41
510,3058.844,3550.284
511,3078.809,3542.133
512,3101.368,3534.303
513,3127.781,3528.971
514,3157.493,3529.514
515,3187.444,3538.917
516,3212.655,3558.039
517,3227.803,3584.481
518,3229.336,3612.469
519,3217.451,3634.208
520,3199.213,3642.401
521,3183.692,3637.652
522,3176.308,3625.571
523,3177.755,3612.82
524,3184.969,3604.233
525,3193.131,3601.355
526,3198.338,3602.042
527,3199.95,3602.415
528,3199.955,3600.123
529,3200.255,3595.267
530,3201.346,3588.503
531,3204.261,3579.306
532,3210.776,3568.254
533,3221.707,3557.439
534,3235.593,3548.746
535,3250.969,3541.102
536,3269.872,3531.778
537,3298.465,3521.313
538,3342.498,3517.377
539,3400.61,3534.252
540,3456.887,3586.654
541,3480.851,3673.388
542,3457.891,3761.804
543,3401.035,3822.833
544,3335.694,3847.631
545,3281.009,3845.648
546,3242.938,3831.507
547,3218.969,3815.415
548,3205.115,3801.437
549,3199.483,3791.528
550,3200.523,3789.262
551,3203.296,3799.479
552,3196.661,3823.44
553,3173.167,3851.453
554,3134.34,3872.144
555,3086.98,3879.36
556,3039.191,3872.116
557,2996.198,3854.411
558,2958.801,3830.542
559,2926.162,3802.294
560,2898.386,3769.7
561,2877.254,3733.064
562,2865.097,3695.046
563,2860.543,3660.8
564,2858.625,3632.761
565,2855.055,3608.599
566,2848.748,3584.129
567,2841.804,3555.973
568,2837.878,3523.192
569,2840.106,3487.702
570,2849.467,3452.746
571,2865.268,3421.204
572,2885.787,3395.168
573,2908.583,3375.914
574,2930.244,3363.524
575,2948.899,3355.585
576,2963.783,3350.128
577,2974.914,3345.162
578,2983.414,3338.683
579,2991.286,3329.994
580,3000.075,3319.601
581,3010.604,3308.621
582,3022.744,3298.105
583,3035.946,3288.537
584,3050.052,3279.362
585,3065.823,3270.446
586,3084.713,3262.461
587,3106.557,3258.244
588,3129.008,3259.643
589,3149.088,3266.337
590,3164.545,3276.306
591,3174.945,3286.196
592,3182.833,3292.973
593,3192.021,3296.94
594,3204.376,3301.44
595,3218.015,3310.097
596,3229.595,3323.167
597,3237.45,3338.584
598,3241.059,3354.865
599,3240.413,3370.392
600,3235.923,3383.608
601,3228.827,3392.863
602,3221.546,3396.991
603,3217.242,3396.405
604,3218.789,3393.744
605,3226.802,3393.592
606,3237.459,3400.556
607,3245.82,3414.204
608,3249.432,3431.356
609,3248.532,3449.224
610,3243.917,3466.717
611,3236.285,3483.247
612,3226.335,3498.441
613,3214.791,3512.316
614,3202.192,3525.617
615,3187.137,3539.596
616,3167.242,3553.021
617,3142.428,3562.027
618,3117.281,3563.239
619,3109.107,3562.949
620,3059.096,3589.744
621,3021.712,3555.155
622,3003.847,3531.767
623,2990.587,3511.13
624,2979.793,3492.032
625,2968.805,3472.959
626,2963.115,3449.566
627,2961.962,3428.903
628,2963.452,3409.854
629,2967.404,3392.279
630,2974.826,3376.673
631,2981.854,3365.765
632,2988.758,3354.826
633,2996.875,3344.534
634,3006.747,3335.151
635,3020.403,3327.684
636,3032.707,3326.392
637,3044.272,3324.695
638,3057.656,3323.838
639,3074.823,3324.778
640,3106.992,3332.824
641,3120.08,3375.417
642,3113.314,3408.76
643,3097.254,3437.617
644,3072.419,3461.903
645,3031.983,3477.558
646,3001.7,3466.737
647,2979.88,3460.364
648,2958.346,3454.008
649,2934.752,3446.331
650,2899.982,3432.107
651,2883.187,3391.687
652,2881.387,3360.29
653,2886.2,3332.929
654,2897.256,3309.205
655,2921.19,3292.401
656,2934.178,3299.563
657,2936.955,3301.36
658,2936.548,3301.496
659,2933.456,3300.224
660,2924.841,3296.044
661,2921.907,3281.161
662,2924.291,3269.13
663,2928.855,3258.272
664,2935.385,3248.465
665,2945.086,3240.266
666,2953.99,3236.776
667,2962.427,3233.029
668,2972.124,3229.88
669,2984.242,3227.885
670,3005.489,3230.23
671,3015.45,3253.124
672,3013.804,3270.524
673,3006.897,3285.371
674,2994.847,3297.637
675,2972.386,3304.517
676,2958.576,3292.308
677,2952.76,3284.24
678,2949.279,3277.385
679,2947.301,3271.329
680,2946.756,3266.019
681,2946.584,3262.042
682,2946.724,3258.235
683,2947.53,3254.782
684,2949.185,3251.763
685,2952.806,3249.727
686,2955.028,3251.303
687,2956.042,3252.285
688,2957.149,3253.301
689,2958.956,3254.673
690,2964.03,3257.677
691,2964.091,3268.229
692,2959.574,3276.481
693,2952.908,3283.628
694,2944.338,3289.767
695,2932.982,3294.403
696,2922.593,3295.564
697,2912.698,3296.945
698,2902.292,3298.001
699,2891.183,3298.616
700,2838.194,3276.361
715.01,2905.691,3084.328
730.02,2935.73,3165.964
745.02,2877.695,3183.322
760.03,2808.321,3156.603
775.04,2830.899,3100.189
790.05,2721.187,3173.333
805.05,2672.579,3043.071
820.06,2701.099,3000.708
835.07,2649.808,3021.796
850.08,2633.018,2942.664
865.09,2677.785,2926.093
880.09,2589.004,2997.266
895.1,2564.642,2893.267
900,2568.958,2900.411
910,2554.03,2886.607
920,2540.57,2873.828
930,2526.867,2861.164
940,2513.07,2848.675
950,2499.274,2836.408
960,2485.532,2824.377
970,2471.888,2812.593
980,2458.428,2801.097
990,2446.022,2790.346
1000,2429.967,2782.161
1010,2414.53,2769.384
1020,2400.515,2757.543
1030,2386.819,2746.029
1040,2373.348,2734.788
1050,2360.043,2723.784
1060,2346.873,2712.99
1070,2333.828,2702.389
1080,2320.88,2691.973
1090,2308.032,2681.724
1100,2295.27,2671.633
1110,2282.606,2661.702
1120,2270.007,2651.906
1130,2257.496,2642.253
1140,2245.057,2632.73
1150,2232.689,2623.327
1160,2220.387,2614.044
1170,2208.161,2604.872
1180,2195.998,2595.806
1190,2183.897,2586.841
1200,2171.861,2577.967
1210,2159.895,2569.193
1220,2147.98,2560.499
1230,2136.128,2551.885
1240,2124.34,2543.353
1250,2112.615,2534.896
1260,2100.947,2526.506
1270,2089.335,2518.182
1280,2077.784,2509.922
1290,2066.293,2501.721
1300,2054.863,2493.578
1310,2043.488,2485.484
1320,2032.176,2477.441
1330,2020.909,2469.442
1340,2009.708,2461.491
1350,1998.573,2453.583
1360,1987.491,2445.714
1370,1976.471,2437.879
1380,1965.509,2430.08
1390,1954.616,2422.318
1400,1943.766,2414.575
1410,1932.984,2406.866
1420,1922.277,2399.192
1430,1911.618,2391.534
1440,1901.018,2383.896
1450,1890.482,2376.281
1460,1880.026,2368.699
1470,1869.614,2361.118
1480,1859.28,2353.565
1490,1849,2346.021
1500,1838.797,2338.5
1510,1828.655,2330.985
1520,1818.572,2323.48
1530,1808.574,2315.998
1540,1798.631,2308.517
1550,1788.758,2301.047
1560,1778.969,2293.597
1570,1769.237,2286.142
1580,1759.586,2278.703
1590,1750.004,2271.27
1600,1740.498,2263.845
1610,1731.064,2256.427
1620,1721.712,2249.015
1630,1712.43,2241.609
1640,1703.231,2234.213
1650,1694.13,2226.833
1660,1685.107,2219.458
1670,1676.175,2212.099
1680,1667.356,2204.768
1690,1658.635,2197.451
1700,1649.719,2189.95
1705.52,1647.301,2185.985
1720.53,1628.109,2179.588
1735.54,1619.589,2161.941
1750.54,1599.821,2156.535
1765.55,1594.032,2134.584
1780.56,1580.192,2129.673
1795.57,1578.61,2113.68
1810.57,1559.668,2117.692
1825.58,1542.59,2100.008
1840.59,1532.292,2084.286
1855.6,1530.04,2072.29
1870.61,1512.157,2071.25
1885.61,1502.463,2052.057
1900.62,1497.55,2043.471
1915.63,1483.106,2038.68
1930.64,1477.123,2025.228
1945.65,1458.311,2022.111
1960.65,1455.993,2001.898
1975.66,1444.63,2002.93
1990.67,1431.53,1992.797
2005.68,1417.507,1983.587
2020.68,1404.331,1969.828
2035.69,1400.382,1955.053
2050.7,1391.23,1950.697
2065.71,1379.916,1941.749
2080.72,1365.745,1931.263
2095.72,1361.315,1915.425
2110.73,1351.526,1909.702
2125.74,1346.473,1897.751
2140.75,1335.684,1893.547
2155.75,1326.953,1882.948
2170.76,1315.082,1875.704
2185.77,1305.016,1863.051
2200.78,1298.297,1851.322
2215.78,1291.93,1842.028
2230.79,1285.68,1833.554
2245.8,1279.265,1826.607
2260.81,1272.35,1822.115
2275.82,1251.731,1817.716
2290.82,1247.506,1795.576
2305.83,1245.25,1790.416
2320.84,1231.498,1786.201
2335.85,1226.368,1771.556
2350.85,1215.548,1765.915
2365.86,1210.942,1751.928
2380.87,1203.882,1745.44
2395.88,1198.632,1735.33
2410.89,1194.772,1729.445
2425.89,1181.153,1725.547
2440.9,1177.794,1711.153
2455.91,1169.22,1708.313
2470.92,1161.055,1698.946
2485.93,1153.44,1692.004
2500.93,1139.011,1684.073
2515.94,1135.534,1666.724
2530.95,1131.604,1660.078
2545.96,1125.643,1652.757
2560.96,1117.126,1645.09
2575.97,1111.104,1634.079
2590.98,1107.197,1625.256
2605.99,1101.479,1618.75
2621,1095.235,1611.123
2636,1089.003,1603.605
2651.01,1081.887,1596.162
2666.02,1073.901,1587.083
2681.03,1070.774,1576.195
2696.03,1067.024,1571.077
2711.04,1056.657,1566.105
2726.05,1047.882,1553.105
2741.06,1050.526,1540.282
2756.06,1045.087,1540.011
2771.07,1038.477,1532.881
2786.08,1031.488,1527.368
2801.09,1016.752,1519.326
2816.1,1017.496,1500.115
2831.1,1016.75,1496.842
2846.11,1007.04,1491.72
2861.12,1004.642,1478.375
2876.13,1002.339,1472.499
2891.14,998.4847,1466.714
2900,994.6856,1463.612
2910,991.0099,1458.188
2920,987.8044,1453.166
2930,984.6907,1448.231
2940,981.6159,1443.34
2950,978.5726,1438.486
2960,975.5503,1433.659
2970,972.5498,1428.859
2980,969.5623,1424.077
2990,966.5905,1419.317
3000,963.6351,1414.576
3010,960.6933,1409.853
3020,957.767,1405.147
3030,954.8514,1400.455
3040,951.9551,1395.782
3050,949.0719,1391.123
3060,946.1984,1386.474
3070,943.3426,1381.841
3080,940.4943,1377.216
3090,937.6645,1372.605
3100,934.8508,1368.009
3110,932.0432,1363.416
3120,929.2528,1358.836
3130,926.4799,1354.269
3140,923.7189,1349.709
3150,920.9722,1345.157
3160,918.2448,1340.618
3170,915.5281,1336.083
3180,912.8242,1331.555
3190,910.1357,1327.034
3200,907.4667,1322.523
3210,904.813,1318.018
3220,902.1711,1313.518
3230,899.5488,1309.026
3240,896.9393,1304.537
3250,894.3494,1300.056
3260,891.775,1295.58
3270,889.2159,1291.107
3280,886.6785,1286.644
3290,884.1569,1282.184
3300,881.6522,1277.729
3310,879.1647,1273.277
3320,876.6955,1268.83
3330,874.243,1264.385
3340,871.8106,1259.946
3350,869.4002,1255.513
3360,867.0004,1251.078
3370,864.6308,1246.655
3380,862.2736,1242.23
3390,859.939,1237.81
3400,857.6259,1233.395
3410,855.3334,1228.984
3420,853.0642,1224.578
3430,850.8123,1220.173
3440,848.5828,1215.771
3450,846.3845,1211.382
3460,844.2085,1206.995
3470,842.0773,1202.63
3480,840.012,1198.303
3490,838.1559,1194.129
3500,838.7444,1191.891
3506.45,827.5338,1192.054
3521.46,834.8157,1170.58
3536.47,832.6414,1175.594
3551.48,826.3047,1169.546
3566.49,822.6852,1162.58
3581.49,813.1884,1155.385
3596.5,820.4711,1139.389
3611.51,817.9911,1142.986
3626.52,813.0034,1135.93
3641.52,813.6579,1129.519
3656.53,804.5673,1128.536
3671.54,806.3353,1117.112
3686.55,791.7898,1117.788
3701.55,795.0576,1096.307
3716.56,793.9655,1094.216
3731.57,796.3132,1084.311
3746.58,798.5222,1082.612
3761.59,792.4098,1082.209
3776.59,790.3631,1074.716
3791.6,779.3707,1070.8
3806.61,786.8847,1053.724
3821.62,780.7513,1058.234
3836.63,781.4694,1045.567
3851.63,779.1215,1044.152
3866.64,775.6294,1036.757
3881.65,778.0154,1029.403
3896.66,772.873,1028.574
3911.66,774.3098,1019.451
3926.67,768.0674,1019.616
3941.68,764.6346,1008.812
3956.69,765.5045,1000.871
3971.7,767.8876,996.455
3986.7,764.1696,995.6982
4001.71,761.3041,989.0441
4016.72,759.5098,983.9596
4031.73,756.2808,979.1432
4046.73,752.578,971.8026
4061.74,755.7153,962.7327
4076.75,756.3328,962.3922
4091.76,751.2004,960.6717
4106.77,746.9236,954.0161
4121.77,741.5905,946.6215
4136.78,746.0472,935.1208
4151.79,744.1968,935.2462
4166.8,744.4236,927.5005
4181.8,746.141,925.692
4196.81,736.6913,926.048
4211.82,734.5104,912.1105
4226.83,738.6932,905.2947
4241.83,738.3966,904.2936
4256.84,736.8507,900.0087
4271.85,735.6487,896.052
4286.86,733.5217,892.3502
4301.87,733.5175,888.1721
4316.87,726.6874,887.6763
4331.88,722.5516,877.7713
4346.89,721.2037,869.4259
4361.9,727.267,861.7206
4376.9,722.4534,865.1907
4391.91,721.0966,855.9542
4406.92,716.5132,852.6509
4421.93,722.5353,842.2882
4436.94,713.3271,847.3363
4451.94,716.5132,830.2959
4466.95,720.1161,832.2963
4481.96,711.9193,832.6859
4496.97,710.6451,820.8721
4511.98,712.1035,816.9567
4526.98,708.5728,814.2755
4541.99,709.3201,806.6487
4557,703.7364,805.2739
4572.01,702.0828,792.6779
4587.01,709.7093,784.2194
4602.02,709.9182,787.0042
4617.03,708.3855,782.1144
4632.04,709.3134,778.3658
4647.04,706.9175,777.4788
4662.05,703.0166,772.334
4677.06,706.1944,765.2316
4692.07,701.3397,768.0408
4707.08,696.6758,759.6728
4722.08,692.8241,751.9941
4737.09,697.7266,740.073
4752.1,699.4278,739.4586
4767.11,700.6854,733.6381
4782.12,705.4766,731.0024
4797.12,700.6653,735.0878
4812.13,696.9918,727.0697
4827.14,697.8137,721.3447
4842.15,699.0993,718.8969
4857.15,693.6197,718.5591
4872.16,691.4875,708.8653
4887.17,692.9196,703.0486
4902.18,692.1931,699.126
4917.19,695.5067,692.3396
4932.19,694.8194,693.0608
4947.2,692.5934,687.7708
4962.21,696.7298,682.3249
4977.22,688.9553,686.3442
4992.22,690.499,671.2689
5007.23,693.1007,672.0173
5022.24,687.6137,669.7398
5037.25,688.7661,657.8694
5052.25,697.9099,654.1219
5067.26,690.3102,662.28
5082.27,695.7683,647.4077
5097.28,686.7507,659.0617
5112.29,683.9689,640.3334
5127.29,688.0726,635.6164
5142.3,691.75,631.3496
5157.31,691.4911,630.5035
5172.32,697.6912,624.4398
5187.33,692.0521,633.296
5202.33,687.6295,622.5392
5217.34,687.1603,616.8254
5232.35,695.8674,608.7295
5247.36,691.3781,619.1909
5262.36,685.8383,608.752
5277.37,686.6324,601.5317
5292.38,692.6471,595.5305
5307.39,692.5102,599.7674
5322.4,686.5324,595.9453
5337.4,690.5084,585.017
5352.41,692.9698,587.9661
5367.42,686.8163,586.5863
5382.43,691.6396,574.6229
5397.43,689.9171,580.7858
5412.44,688.6398,571.2683
5427.45,690.5042,568.7828
5442.46,690.9734,565.8703
5457.46,691.261,562.9644
5472.47,691.4061,560.0577
5487.48,691.5159,557.0642
5502.49,691.6761,554.0722
5517.5,691.8433,551.1751
5532.5,691.9274,548.3621
5547.51,691.9274,545.5299
5562.52,691.8731,542.6589
5577.53,691.8502,539.7108
5592.54,691.9075,536.7715
5607.54,692.0045,533.9207
5622.55,692.0858,531.1655
5637.56,692.0494,528.4968
5652.57,691.9433,525.749
5667.57,691.8367,522.9822
5682.58,691.693,520.2266
5697.59,691.5328,517.4025
5712.6,691.4214,514.5413
5727.6,691.3608,511.7003
5742.61,691.3134,508.9039
5757.62,691.2741,506.1372
5772.63,691.1929,503.4357
5787.64,691.0252,500.7143
5802.64,690.9169,497.8687
5817.65,690.8519,495.1154
5832.66,690.761,492.3836
5847.67,690.5688,489.6723
5862.67,690.4403,486.7543
5877.68,690.4852,483.904
5892.69,690.418,481.2632
5907.7,690.3083,478.409
5922.71,690.3683,475.5292
5937.71,690.4724,472.813
5952.72,690.537,470.1313
5967.73,690.6014,467.4679
5982.74,690.6533,464.8371
5997.75,690.6912,462.2194
6012.75,690.7216,459.6133
6027.76,690.7467,457.0102
6042.77,690.7712,454.419
6057.78,690.7691,451.8399
6072.78,690.7822,449.2099
6087.79,690.8576,446.5847
6102.8,690.9686,444.0203
6117.81,691.0723,441.5216
6132.81,691.1128,439.0773
6147.82,691.1119,436.5848
6162.83,691.1057,434.0736
6177.84,691.1313,431.5233
6192.85,691.1902,429.0034
6207.85,691.2819,426.4911
6222.86,691.3681,424.0569
6237.87,691.3786,421.6486
6252.88,691.3729,419.1452
6267.88,691.4063,416.621
6282.89,691.5277,414.066
6297.9,691.7056,411.6176
6312.91,691.842,409.2592
6327.92,691.8857,406.9087
6342.92,691.9055,404.457
6357.93,691.9944,401.9612
6372.94,692.1638,399.4789
6387.95,692.3763,397.0687
6402.96,692.5804,394.7197
6417.96,692.7488,392.4103
6432.97,692.9044,390.0786
6447.98,693.0591,387.7666
6462.99,693.2335,385.4398
6477.99,693.4244,383.1684
6493,693.5361,380.9588
6508.01,693.6106,378.6257
6523.02,693.7879,376.2302
6538.02,694.0571,373.9221
6553.03,694.3023,371.7275
6568.04,694.449,369.5583
6583.05,694.5759,367.2697
6598.06,694.7863,364.9679
6613.06,695.0453,362.7159
6628.07,695.3038,360.5154
6643.08,695.543,358.3343
6658.09,695.7611,356.1489
6673.1,696.0204,353.924
6688.1,696.3235,351.7636
6703.11,696.587,349.6646
6718.12,696.8423,347.5186
6733.13,697.0895,345.4158
6748.13,697.3556,343.2494
6763.14,697.6561,341.1389
6778.15,697.9824,339.0163
6793.16,698.313,336.9859
6808.17,698.5668,334.9776
6823.17,698.8023,332.861
6838.18,699.1306,330.7108
6853.19,699.5105,328.6136
6868.2,699.9727,326.5062
6883.2,700.4962,324.5655
6898.21,700.9008,322.7625
6913.22,701.2044,320.8868
6928.23,701.4793,318.9885
6943.23,701.7227,317.0172
6958.24,702.1013,314.8769
6973.25,702.6683,312.8786
6988.26,703.2238,311.0678
7003.27,703.705,309.3024
7018.27,704.1406,307.5557
7033.28,704.55,305.8155
7048.29,704.9633,304.06
7063.3,705.3779,302.3659
7078.31,705.7313,300.688
7093.31,706.0777,298.9536
7108.32,706.4536,297.2361
7123.33,706.8054,295.5505
7138.34,707.163,293.7964
7153.34,707.6141,292.0563
7168.35,708.1007,290.4526
7183.36,708.452,288.9749
7198.37,708.6476,287.3676
7213.38,708.8831,285.5604
7228.38,709.3699,283.66
7243.39,710.0248,282.0451
7258.4,710.4889,280.7019
7273.41,710.7106,279.1752
7288.41,711.0789,277.3575
7303.42,711.6988,275.7187
7318.43,712.2797,274.325
7333.44,712.7082,272.9615
7348.44,713.0969,271.5252
7363.45,713.479,270.1627
7378.46,713.7261,268.8064
7393.47,713.889,267.2501
7408.48,714.2503,265.4364
7423.48,714.9991,263.7202
7438.49,715.7556,262.5747
7453.5,716.0671,261.484
7468.51,716.4101,259.8729
7483.52,717.0146,258.5977
7498.52,717.41,257.4666
7513.53,717.6423,256.1607
7528.54,717.9441,254.6648
7543.55,718.4398,253.1153
7558.55,719.137,251.6593
7573.56,719.8947,250.4538
7588.57,720.6722,249.3167
7603.58,721.4334,248.5318
7618.58,721.7996,248.0264
7633.59,721.7644,247.2053
7648.6,721.785,246.0205
7663.61,721.9443,244.8757
7678.62,722.0849,243.6667
7693.62,722.2628,242.3558
7708.63,722.6826,240.8697
7723.64,723.4384,239.707
7738.65,723.9231,239.188
7753.65,723.7354,238.4517
7768.66,723.5507,236.9103
7783.67,723.9976,235.2402
7798.68,724.7535,234.0776
7813.69,725.318,233.2168
7828.69,725.6315,232.3559
7843.7,725.8375,231.3326
7858.71,726.092,230.1631
7873.72,726.6284,228.8313
7888.73,727.3221,227.9888
7903.73,727.8259,227.1796
7918.74,728.2126,226.5119
7933.75,728.423,225.7538
7948.76,728.5031,224.924
7963.76,728.6529,223.7008
7978.77,729.1399,222.5146
7993.78,729.8514,221.5254
8008.79,730.3506,221.0787
8023.79,730.4907,220.2189
8038.8,730.8142,219.1853
8053.81,731.3284,218.1656
8068.82,732.0624,217.2008
8083.83,732.83,216.691
8098.83,733.2657,216.2707
8113.84,733.6311,215.5508
8128.85,734.2227,214.8877
8143.86,734.7371,214.5637
8158.87,735.0699,214.0419
8173.87,735.4348,213.5795
8188.88,735.7326,213.0435
8203.89,736.1318,212.3799
8218.9,736.6737,211.8301
8233.9,737.3116,211.3227
8248.91,737.9957,211.1353
8263.92,738.419,211.1413
8278.93,738.6454,210.9447
8293.93,738.799,210.7522
8308.94,739.1484,210.0332
8323.95,740.0087,209.8112
8338.96,740.5314,210.2328
8353.97,740.532,210.294
8368.97,740.6873,209.9478
8383.98,741.2286,209.6976
8398.99,741.9124,209.8021
8414,742.4774,210.2512
8429,742.6437,210.9791
8444.01,742.4321,211.3713
8459.02,742.2533,211.4854
8474.03,742.3228,211.4133
8489.04,742.7443,211.5128
8504.04,743.2333,212.1537
8519.05,743.2953,213.2205
8534.06,742.6986,214.168
8549.07,742.0641,214.26
8564.07,742.002,214.4384
8579.08,742.0497,215.0688
8594.09,741.8246,215.9499
8609.1,741.3004,216.8025
8624.11,740.662,217.4686
8639.11,740.0296,218.1502
8654.12,739.2703,218.8598
8669.13,738.4859,219.3437
8684.14,737.7938,219.9492
8699.14,737.0439,220.5875
8714.15,736.173,221.3462
8729.16,735.1328,221.9877
8744.17,734.1151,222.4753
8759.18,733.1754,223.0267
8774.18,732.2081,223.6487
8789.19,731.1586,224.3591
8804.2,729.8884,225.1268
8819.21,728.4988,225.5845
8834.21,727.3759,225.8759
8849.22,726.4947,226.5156
8864.23,725.2684,227.699
8879.24,723.5332,228.5697
8894.25,721.7926,229.1374
8909.25,720.1536,229.7267
8924.26,718.3129,230.5017
8939.27,716.2703,230.8918
8954.28,714.387,231.1514
8969.28,712.5448,231.506
8984.29,710.6796,231.789
8999.3,708.8145,232.1846
9014.31,706.8488,232.6013
9029.32,704.6561,233.1295
9044.32,702.2054,233.3512
9059.33,699.9072,233.2012
9074.34,697.8093,233.2401
9089.35,695.5891,233.3648
9104.35,693.2509,233.4184
9119.36,690.7942,233.4523
9134.37,688.2296,233.2758
9149.38,685.6888,232.9311
9164.39,683.3141,232.4047
9179.39,681.0158,232.102
9194.4,678.5708,231.7356
9209.41,676.1371,231.2167
9224.42,673.809,230.6979
9239.42,671.4497,230.3098
9254.43,668.8721,229.9358
9269.44,666.2482,229.2113
9284.45,663.805,228.4711
9299.46,661.343,227.8532
9314.46,658.8434,227.1182
9329.47,656.2415,226.5355
9344.48,653.4435,225.6748
9359.49,650.7869,224.5286
9374.49,648.3376,223.4196
9389.5,645.8746,222.4421
9404.51,643.3512,221.3571
9419.52,640.9444,220.1862
9434.53,638.4971,219.2613
9449.53,635.9039,218.1374
9464.54,633.3736,216.9506
9479.55,630.7944,215.834
9494.56,628.1514,214.5453
9509.56,625.5563,213.2045
9524.57,622.91,211.8692
9539.58,620.2527,210.321
9554.59,617.7283,208.7179
9569.6,615.1958,207.2133
9584.6,612.5926,205.5492
9599.61,610.0735,203.767
9614.62,607.6616,201.9548
9629.63,605.2969,200.1658
9644.63,602.9681,198.3434
9659.64,600.6967,196.5561
9674.65,598.3113,194.8799
9689.66,595.8759,192.9319
9704.67,593.5587,190.9772
9719.67,591.2804,189.0055
9734.68,589.0213,187.0232
9749.69,586.7453,185.0211
9764.7,584.509,182.9019
9779.7,582.343,180.805
9794.71,580.1927,178.6605
9809.72,578.105,176.4884
9824.73,576.0649,174.3387
9839.74,574.012,172.21
9854.74,571.9576,170.006
9869.75,570.0018,167.7485
9884.76,568.0688,165.638
9899.77,566.0427,163.4647
9914.77,564.0515,161.1825
9929.78,562.1308,158.9197
9944.79,560.1742,156.6928
9959.8,558.2081,154.3314
9974.81,556.3344,151.9392
9989.81,554.4927,149.5854
10004.82,552.6469,147.1874
10019.83,550.8432,144.7492
10034.84,549.0726,142.3051
10049.84,547.3614,139.8075
10064.85,545.7181,137.3482
10079.86,544.0685,134.9403
10094.87,542.4181,132.4746
10109.88,540.7761,130.0557
10124.88,539.1052,127.5633
10139.89,537.4998,124.9878
10154.9,535.9944,122.4342
10169.91,534.4996,119.9645
10184.91,532.9429,117.4895
10199.92,531.3629,114.9218
10214.93,529.8621,112.2503
10229.94,528.4587,109.6203
10244.95,527.0715,106.9986
10259.95,525.7226,104.3432
10274.96,524.4385,101.6952
10289.97,523.2048,99.07039
10304.98,522.0107,96.48999
10319.98,520.7974,93.98595
10334.99,519.5241,91.44225
10350,518.259,88.84032
10365.01,517.0556,86.187
10380.02,515.9183,83.57423
10395.02,514.7584,81.00668
10410.03,513.5913,78.33727
10425.04,512.5172,75.66708
10440.05,511.4754,73.04651
10455.05,510.4527,70.39212
10470.06,509.4774,67.78656
10485.07,508.5067,65.18768
10500.08,507.5448,62.61663
10515.09,506.5557,60.05334
10530.09,505.5643,57.42266
10545.1,504.652,54.7484
10560.11,503.7806,52.16235
10575.12,502.882,49.52943
10590.12,502.0465,46.86647
10605.13,501.2689,44.24856
10620.14,500.5052,41.6436
10635.15,499.7703,39.05632
10650.16,499.0437,36.51353
10665.16,498.3097,33.9604
10680.17,497.621,31.38668
10695.18,496.9469,28.92763
10710.19,496.1832,26.44241
10725.19,495.4267,23.85744
10740.2,494.7515,21.2663
10755.21,494.1263,18.68338
10770.22,493.5188,16.16983
10785.23,492.89,13.60637
10800.23,492.3504,11.01769
10815.24,491.8497,8.58684
10830.25,491.2477,6.11228
10845.26,490.6984,3.56171
10860.26,490.1934,1.13471
10875.27,489.6274,-1.39464
10890.28,489.1379,-3.89837
10905.29,488.6736,-6.43569
10920.3,488.2787,-8.92087
10935.3,487.9011,-11.37704
10950.31,487.5245,-13.75699
10965.32,487.1065,-16.17101
10980.33,486.7507,-18.62278
10995.33,486.4525,-20.93794
11010.34,486.0508,-23.22112
11025.35,485.6298,-25.63701
11040.36,485.3404,-28.00639
11055.37,485.0417,-30.234
11070.37,484.6218,-32.48299
11085.38,484.2201,-34.87043
11100.39,483.9381,-37.15014
11115.4,483.5871,-39.36122
11130.4,483.136,-41.58837
11145.41,482.6453,-43.99298
11160.42,482.3277,-46.53115
11175.43,482.2528,-48.94949
11190.44,482.2042,-51.06007
11205.44,481.9221,-53.10045
11220.45,481.5664,-55.3231
11235.46,481.2766,-57.36726
11250.47,480.763,-59.54845
11265.47,480.3163,-61.9758
11280.48,480.1283,-64.41196
11295.49,480.0739,-66.63706
11310.5,479.934,-68.71088
11325.51,479.6863,-70.78188
11340.51,479.3573,-72.76832
11355.52,478.8737,-74.98309
11370.53,478.5536,-77.30128
11385.54,478.3198,-79.45665
11400.54,477.9618,-81.72843
11415.55,477.7321,-84.06228
11430.56,477.5755,-86.27177
11445.57,477.3437,-88.54354
11460.58,477.2465,-90.96014
11475.58,477.4388,-93.16132
11490.59,477.5986,-94.967
11505.6,477.38,-96.5937
11520.61,476.7933,-98.47593
11535.61,476.2259,-100.7641
11550.62,475.9604,-103.1136
11565.63,475.8515,-105.4346
11580.64,475.8629,-107.5326
11595.65,475.7109,-109.4366
11610.65,475.2908,-111.5073
11625.66,474.9535,-113.9458
11640.67,475.0406,-116.3052
11655.68,475.1907,-118.2095
11670.68,474.9497,-120.1614
11685.69,474.6992,-122.3461
11700.7,474.6195,-124.5239
11715.71,474.5743,-126.6908
11730.72,474.5989,-128.8133
11745.72,474.6546,-130.8501
11760.73,474.7018,-132.8704
11775.74,474.8115,-134.7799
11790.75,474.8289,-136.4464
11805.75,474.5256,-138.2539
11820.76,474.2738,-140.2995
11835.77,474.2242,-142.2199
11850.78,474.0102,-143.9434
11865.79,473.508,-146.0587
11880.79,473.3401,-148.2688
11895.8,473.2672,-150.348
11910.81,473.1267,-152.4743
11925.82,473.0906,-154.6475
11940.82,473.1862,-156.7669
11955.83,473.361,-158.7368
11970.84,473.4596,-160.4697
11985.85,473.2957,-162.342
12000.86,473.2291,-164.2572
12015.86,473.1618,-166.1969
12030.87,473.1636,-168.103
12045.88,473.1785,-169.91
12060.89,473.0628,-171.4494
12075.89,472.4638,-173.3163
12090.9,472.0127,-175.6368
12105.91,471.9946,-178.0976
12120.92,472.3394,-180.2262
12135.93,472.5558,-182.0872
12150.93,472.593,-183.9146
12165.94,472.5502,-185.8623
12180.95,472.6447,-188.046
12195.96,473.1845,-189.856
12210.96,473.4836,-191.2678
12225.97,473.41,-192.6673
12240.98,473.1693,-194.1323
12255.99,472.7225,-195.6786
12271,472.0911,-197.742
12286,471.9372,-199.8915
12301.01,471.865,-201.899
12316.02,471.7464,-204.0682
12331.03,471.9738,-206.1068
12346.03,472.1846,-207.8636
12361.04,472.1778,-209.5191
12376.05,471.995,-211.3105
12391.06,471.8752,-213.2517
12406.07,471.8871,-215.1329
12421.07,471.827,-216.9909
12436.08,471.7699,-219.0347
12451.09,472.0172,-220.8969
12466.1,472.1207,-222.6012
12481.1,472.1227,-224.3037
12496.11,472.0903,-226.017
12511.12,472.0179,-227.7355
12526.13,471.8969,-229.4936
12541.14,471.774,-231.2852
12556.14,471.6308,-233.1021
12571.15,471.461,-235.0242
12586.16,471.3926,-237.0088
12601.17,471.4164,-239.0212
12616.17,471.5797,-240.9286
12631.18,471.6985,-242.6812
12646.19,471.6472,-244.5633
12661.2,471.8079,-246.5486
12676.21,472.2032,-248.1911
12691.21,472.2365,-249.6384
12706.22,471.9947,-251.3858
12721.23,472.0145,-253.2522
12736.24,472.1362,-255.0373
12751.24,472.2578,-256.5985
12766.25,472.0686,-258.2387
12781.26,471.9057,-260.1316
12796.27,471.997,-262.0174
12811.28,472.1211,-263.7727
12826.28,472.1807,-265.4476
12841.29,472.1387,-267.2207
12856.3,472.2382,-269.0929
12871.31,472.5705,-270.7508
12886.31,472.7582,-272.1333
12901.32,472.6489,-273.4762
12916.33,472.3346,-274.9018
12931.34,471.8251,-276.7269
12946.35,471.7004,-278.6562
12961.35,471.6125,-280.4699
12976.36,471.4259,-282.4042
12991.37,471.4562,-284.3701
13006.38,471.5388,-286.2048
13021.38,471.5075,-288.2424
13036.39,471.9723,-290.0416
13051.4,472.1524,-291.5753
13066.41,472.1391,-293.2404
13081.42,472.275,-294.9149
13096.42,472.3858,-296.5808
13111.43,472.6337,-298.0215
13126.44,472.5607,-299.2751
13141.45,472.1174,-300.7651
13156.45,471.7443,-302.5657
13171.46,471.5698,-304.3815
13186.47,471.2869,-306.3236
13201.48,471.2224,-308.4927
13216.49,471.6045,-310.421
13231.49,471.8278,-312.1073
13246.5,471.9919,-313.6917
13261.51,471.99,-315.3285
13276.52,472.0849,-317.0669
13291.52,472.4023,-318.4733
13306.53,472.2266,-319.7607
13321.54,471.8584,-321.3142
13336.55,471.6087,-322.9448
13351.56,471.1942,-324.76
13366.56,471.0107,-326.6663
13381.57,470.8182,-328.6165
13396.58,470.7462,-330.6002
13411.59,470.7161,-332.6758
13426.59,470.9962,-334.6572
13441.6,471.2926,-336.3335
13456.61,471.2826,-338.0131
13471.62,471.3551,-339.7738
13486.63,471.4441,-341.4677
13501.63,471.4163,-343.2115
13516.64,471.489,-345.0804
13531.65,471.8408,-346.6631
13546.66,471.7606,-348.1061
13561.66,471.5276,-349.7549
13576.67,471.3383,-351.635
13591.68,471.395,-353.6183
13606.69,471.7466,-355.2583
13621.7,471.6629,-356.6082
13636.7,471.0493,-358.4686
13651.71,471.0223,-360.6992
13666.72,471.3394,-362.6758
13681.73,471.5272,-364.4283
13696.73,471.5856,-366.254
13711.74,471.8281,-368.0471
13726.75,471.9655,-369.8295
13741.76,472.3,-371.5189
13756.77,472.5226,-372.9788
13771.77,472.4506,-374.513
13786.78,472.504,-376.0969
13801.79,472.4385,-377.7009
13816.8,472.5279,-379.0488
13831.8,471.8892,-380.4925
13846.81,471.243,-382.5032
13861.82,470.9634,-384.7718
13876.83,470.9097,-387.0323
13891.83,470.9347,-389.3509
13906.84,471.253,-391.7485
13921.85,472.004,-393.8639
13936.86,472.7085,-395.5593
13951.87,473.2442,-396.958
13966.87,473.442,-398.2038
13981.88,473.273,-399.5584
13996.89,472.9338,-401.1695
14011.9,472.539,-403.1406
14026.91,472.453,-405.3796
14041.91,472.7791,-407.359
14056.92,472.6288,-409.3493
14071.93,472.747,-411.6511
14086.94,473.157,-413.9695
14101.94,473.8067,-416.2599
14116.95,474.9861,-418.0991
14131.96,475.8336,-419.3526
14146.97,476.2322,-420.506
14161.98,476.4513,-421.7243
14176.98,476.5134,-423.0081
14191.99,476.5694,-424.1265
14207,475.8825,-425.3203
14222.01,474.7653,-427.5387
14237.01,474.8719,-430.2184
14252.02,475.2607,-432.4518
14267.03,475.4867,-434.6195
14282.04,475.9652,-436.9441
14297.04,476.9567,-438.9916
14312.05,477.9052,-440.4688
14327.06,478.3918,-441.7888
14342.07,478.9585,-442.9399
14357.08,478.8828,-443.9715
14372.08,478.4243,-445.5553
14387.09,478.5473,-447.3073
14402.1,478.385,-448.8839
14417.11,477.9807,-450.8885
14432.12,478.2125,-453.0458
14447.12,478.4333,-454.9218
14462.13,478.5037,-456.7993
14477.14,478.6402,-458.7444
14492.15,478.8442,-460.4372
14507.15,478.1535,-462.5323
14522.16,478.1087,-465.5508
14537.17,479.2499,-468.2391
14552.18,479.9734,-470.4788
14567.19,481.1354,-472.7064
14582.19,482.4423,-474.4682
14597.2,483.5021,-475.9176
14612.21,484.5791,-477.0784
14627.22,485.1901,-477.8794
14642.22,485.1202,-478.8537
14657.23,484.9695,-480.2336
14672.24,484.8392,-481.6461
14687.25,483.9272,-483.6617
14702.25,483.8677,-486.6136
14717.26,484.8544,-489.4058
14732.27,486.1959,-491.4227
14747.28,487.0775,-492.9394
14762.29,487.5514,-494.6337
14777.29,488.2559,-496.5434
14792.3,488.9524,-498.7221
14807.31,490.9694,-500.3449
14822.32,491.9886,-500.8407
14837.33,492.0728,-501.5741
14852.33,492.0263,-502.7668
14867.34,491.5546,-504.6845
14882.35,492.2365,-507.1414
14897.36,493.5732,-508.9547
14912.36,494.8157,-509.648
14927.37,493.8947,-510.9993
14942.38,494.9696,-513.473
14957.39,496.6313,-514.5534
14972.4,496.7074,-515.2944
14987.4,497.2977,-516.4646
15002.41,497.403,-517.4062
15017.42,497.3178,-518.5175
15032.43,496.8102,-520.0456
15047.43,496.7908,-521.8704
15062.44,496.3494,-523.8522
15077.45,496.0441,-526.788
15092.46,497.2648,-530.1894
15107.46,499.928,-532.4766
15122.47,502.4342,-532.8554
15137.48,503.1446,-532.2447
15152.49,502.105,-532.4828
15167.5,501.1065,-534.2066
15182.5,500.8863,-536.5741
15197.51,501.0613,-539.2018
15212.52,502.5799,-541.0216
15227.53,501.4945,-543.2866
15242.54,503.581,-546.987
15257.54,506.6078,-548.8054
15272.55,509.2967,-548.8689
15287.56,510.3087,-548.1305
15302.57,510.3752,-547.5033
15317.57,508.9124,-547.4316
15332.58,506.364,-549.6938
15347.59,506.8408,-553.2792
15362.6,507.6319,-556.0056
15377.6,509.1388,-558.6501
15392.61,511.8413,-560.0421
15407.62,512.8583,-560.212
15422.63,512.8694,-561.5527
15437.64,515.1049,-562.9857
15452.64,516.7673,-562.2456
15467.65,515.6562,-561.3995
15482.66,513.9888,-562.2328
15497.67,512.1396,-564.7657
15512.67,512.318,-568.5607
15527.68,514.8617,-570.7177
15542.69,514.6383,-571.8247
15557.7,515.3969,-574.3674
15572.71,517.0093,-576.5898
15587.71,518.9843,-578.1061
15602.72,521.0714,-578.4814
15617.73,521.0815,-578.7565
15632.74,521.4595,-580.6293
15647.75,523.9716,-582.0164
15662.75,525.3584,-582.0334
15677.76,526.7352,-582.0742
15692.77,528.4319,-580.8324
15707.78,526.894,-579.4515
15722.78,525.7702,-580.2321
15737.79,526.3804,-581.1794
15752.8,528.5009,-580.0478
15767.81,531.7628,-570.3039
15782.81,514.5312,-554.3896
15797.82,460.1639,-580.092
15812.83,498.4265,-631.9153
15827.84,527.744,-625.9058
15842.85,533.6315,-613.1722
15857.85,534.4066,-607.6664
15872.86,532.7015,-606.0455
15887.87,532.9575,-607.5624
15902.88,535.5459,-609.0469
15917.88,539.8682,-607.8634
15932.89,540.8907,-603.965
15947.9,537.9838,-601.9337
15962.91,536.2726,-603.1643
15977.92,537.2238,-603.9462
15992.92,536.9794,-602.3775
16000,534.6857,-602.1161
16020,531.9243,-605.5956
16040,532.6116,-609.178
16060,533.615,-610.7761
16080,532.9225,-612.351
16100,533.6741,-614.4393
16120,533.3183,-616.0871
16140,533.5421,-618.4875
16160,534.4463,-620.5361
16180,535.0533,-621.981
16200,535.1614,-623.426
16220,535.0735,-625.2603
16240,535.2334,-627.5172
16260,536.4285,-629.0889
16280,535.191,-630.688
16300,535.8508,-633.785
16320,537.1642,-635.6689
16340,537.0062,-637.3105
16360,537.7867,-639.5471
16380,538.131,-641.3143
16400,538.2029,-643.4218
16420,538.2684,-646.2624
16440,539.8952,-649.2238
16460,541.6449,-651.0598
16480,543.0322,-652.1469
16500,543.3024,-653.0602
16520,542.7775,-655.0373
16540,543.5107,-658.0064
16560,545.4604,-660.1177
16580,546.3776,-661.2624
16600,546.9483,-662.7858
16620,547.6514,-664.53
16640,548.7159,-665.803
16660,547.9783,-667.3713
16680,548.91,-670.1648
16700,550.484,-671.7117
16720,550.2629,-672.8792
16740,550.2033,-675.3932
16760,551.1,-678.3873
16780,553.2406,-680.6395
16800,554.5898,-681.7254
16820,555.2953,-682.8022
16840,555.4659,-684.1271
16860,554.9955,-686.4289
16880,556.2383,-689.4494
16900,557.8025,-691.4971
16920,558.9733,-693.0541
16940,559.7018,-694.6835
16960,560.331,-696.6454
16980,560.9635,-699.1137
17000,562.9517,-701.4068
17020,563.9487,-702.8346
17040,564.5198,-705.1878
17060,567.0135,-707.5328
17080,568.3417,-708.6104
17100,569.207,-710.3281
17120,570.3589,-712.9025
17140,573.6481,-715.1049
17160,576.5686,-715.1053
17180,577.541,-714.2781
17200,576.7896,-714.5381
17220,576.3169,-716.5521
17240,576.9691,-719.4084
17260,579.5594,-721.4536
17280,581.0565,-721.5824
17300,579.9076,-722.8406
17320,581.5539,-725.8469
17340,583.248,-727.3704
17360,584.183,-728.9468
17380,586.2094,-730.6336
17400,587.6027,-731.2847
17420,587.3925,-732.7808
17440,589.3016,-735.4233
17460,591.5071,-736.817
17480,593.4117,-737.4171
17500,593.9937,-738.0068
17520,594.5815,-739.6394
17540,596.0498,-741.4747
17560,597.2941,-743.0131
17580,598.6794,-744.9464
17600,601.0551,-746.7744
17620,603.4675,-747.7291
17640,605.6284,-747.8691
17660,605.5736,-748.5408
17680,607.2343,-751.0714
17700,610.6401,-752.5771
17720,613.2789,-752.5486
17740,615.2847,-752.274
17760,616.3934,-752.3982
17780,618.4374,-753.0141
17800,620.6494,-752.8628
17820,622.434,-752.0674
17840,623.2825,-751.1799
17860,623.731,-750.8322
17880,624.3593,-750.8096
17900,624.8471,-750.8165
17920,625.0931,-751.2778
17940,626.2834,-751.9839
17960,627.5146,-752.0764
17980,628.3755,-752.1336
18000,629.8649,-752.1834
18020,631.6568,-750.9592
18040,630.9497,-749.3377
18060,630.364,-749.213
18080,630.3361,-749.2012
18100,629.7747,-749.1467
18120,629.3107,-749.8772
18140,630.6657,-749.9719
18160,629.9944,-748.473
18180,627.2753,-748.6416
18200,626.4561,-750.7
18220,626.3813,-752.559
18240,627.9153,-753.4858
18260,627.9915,-752.7961
18280,626.6002,-752.6547
18300,625.116,-753.6837
18320,623.8837,-755.6133
18340,624.0908,-757.7169
18360,624.1683,-759.0749
18380,623.9016,-760.7051
18400,624.7182,-762.4206
18420,625.5377,-762.9066
18440,624.2189,-763.5038
18460,623.5427,-765.8167
18480,623.6949,-768.7737
18500,625.9319,-771.501
18520,629.2964,-771.7449
18540,629.6087,-770.3162
18560,629.1172,-769.9071
18580,627.4209,-770.6061
18600,627.1156,-772.7015
18620,628.1281,-773.8607
18640,627.3823,-774.2061
18660,626.2734,-775.9641
18680,626.4808,-778.4266
18700,627.1569,-780.4789
18720,628.5301,-781.835
18740,628.7365,-782.431
18760,627.7983,-784.4414
18780,629.84,-787.3591
18800,632.4924,-787.7827
18820,632.4196,-787.3795
18840,632.4086,-788.6495
18860,633.9682,-789.674
18880,634.3481,-789.4426
18900,633.4026,-790.1376
18920,633.8,-791.9091
18940,634.7394,-792.8951
18960,634.8477,-793.5192
18980,634.9838,-794.7556
19000,636.001,-795.8568
19020,636.587,-796.1213
19040,636.2104,-796.5931
19060,636.1517,-797.7637
19080,636.4055,-798.9122
19100,636.6879,-799.9025
19120,636.9681,-800.7462
19140,636.8416,-801.5464
19160,636.2432,-803.1298
19180,637.4103,-805.126
19200,638.6672,-805.886
19220,639.5836,-805.8835
19240,639.4811,-805.3972
19260,637.7814,-805.7268
19280,636.8792,-807.5358
19300,636.7715,-809.2922
19320,636.4979,-810.7604
19340,635.8881,-812.8058
19360,636.6846,-815.2702
19380,638.0006,-816.4992
19400,637.6284,-817.2711
19420,637.0244,-819.7086
19440,639.1308,-822.4225
19460,641.1966,-822.8512
19480,641.0912,-822.8594
19500,641.0977,-824.1909
19520,642.0936,-825.421
19540,642.5324,-825.7825
19560,641.7517,-826.6215
19580,641.6379,-828.6184
19600,642.5085,-830.4478
19620,643.2629,-831.6302
19640,643.7854,-832.7355
19660,644.3173,-833.8815
19680,644.7983,-835.019
19700,645.4823,-836.101
19720,646.393,-836.4753
19740,645.5327,-836.4133
19760,643.4946,-838.2049
19780,643.785,-841.4604
19800,644.8403,-843.5505
19820,645.0001,-845.2137
19840,645.0619,-847.9178
19860,646.9859,-850.9717
19880,649.4421,-852.6287
19900,651.1393,-853.4697
19920,652.764,-854.106
19940,653.2836,-854.5786
19960,653.209,-856.3738
19980,655.4271,-858.8788
20000,658.102,-859.7949
20020,660.1024,-859.8734
20040,662.1841,-859.3665
20060,662.4733,-858.3306
20080,662.3748,-858.0899
20100,661.5129,-858.3369
20120,659.9283,-860.3317
20140,661.0475,-863.9965
20160,665.0181,-865.504
20180,665.9717,-864.5939
20200,665.9489,-865.4921
20220,667.8793,-867.2106
20240,670.572,-867.2975
20260,671.6575,-866.3094
20280,672.1285,-865.9823
20300,672.9232,-865.9825
20320,674.0131,-865.3085
20340,673.459,-864.1359
20360,671.6876,-864.5951
20380,671.8408,-866.5902
20400,673.5875,-867.3404
20420,673.9915,-866.5203
20440,672.9119,-866.246
20460,671.6896,-867.31
20480,670.9208,-869.5256
20500,672.0979,-872.0775
20520,673.9512,-873.4775
20540,675.8272,-873.9303
20560,677.2584,-873.736
20580,678.4705,-872.9549
20600,678.0788,-871.9664
20620,677.3518,-871.9662
20640,676.6307,-872.5246
20660,675.5241,-874.1531
20680,676.9882,-876.4869
20700,679.296,-876.8204
20720,680.1117,-875.8798
20740,680.3957,-875.0702
20760,679.8214,-874.2662
20780,678.6221,-873.9676
20800,676.8807,-874.5524
20820,675.5266,-876.3315
20840,675.3509,-878.7233
20860,676.4906,-880.6445
20880,677.8635,-881.3776
20900,678.48,-881.5067
20920,679.1588,-881.4512
20940,678.7641,-881.1023
20960,678.1802,-881.2078
20980,677.0106,-881.5635
21000,675.3132,-883.0195
21020,674.9715,-885.6335
21040,676.1115,-887.6992
21060,677.1909,-888.536
21080,677.5491,-888.9956
21100,677.774,-889.5464
21120,677.409,-890.1715
21140,676.6958,-891.7533
21160,677.7424,-893.8953
21180,679.5287,-894.5812
21200,680.0126,-894.163
21220,679.51,-894.2289
21240,679.0046,-895.0349
21260,678.7633,-896.0878
21280,678.5028,-897.1719
21300,678.1395,-898.4655
21320,677.4537,-900.6216
21340,678.9088,-903.4042
21360,681.227,-904.574
21380,682.5748,-904.4997
21400,683.0042,-904.5777
21420,683.4695,-905.1857
21440,684.4135,-905.7317
21460,685.609,-905.3397
21480,684.7612,-904.5651
21500,683.7423,-905.272
21520,683.4339,-906.5988
21540,683.4657,-907.9363
21560,683.8705,-909.3441
21580,684.9379,-910.5013
21600,686.2159,-910.7949
21620,686.5038,-910.5874
21640,686.6952,-910.6333
21660,686.3743,-910.6607
21680,685.687,-911.2024
21700,685.2767,-912.3867
21720,685.6058,-913.6685
21740,686.0699,-914.6132
21760,686.8405,-915.3508
21780,687.8751,-915.3766
21800,687.9058,-914.7353
21820,687.275,-914.3782
21840,686.3237,-914.2915
21860,684.6073,-914.6161
21880,682.2979,-916.5001
21900,682.4889,-919.5181
21920,683.4996,-921.1614
21940,684.1116,-921.8578
21960,684.0261,-922.4521
21980,683.8249,-923.4197
22000,683.8678,-924.4771
22020,684.0712,-925.1083
22040,683.2601,-925.4131
22060,681.5504,-926.6315
22080,680.0032,-929.4767
22100,680.6619,-932.9779
22120,681.6719,-935.5903
22140,683.4178,-937.9133
22160,685.588,-939.3163
22180,687.3737,-939.6674
22200,687.7811,-939.8193
22220,687.6976,-941.2089
22240,689.3632,-943.2606
22260,691.8314,-943.9321
22280,693.5206,-943.1584
22300,693.3258,-942.3265
22320,692.5241,-943.0446
22340,693.2281,-944.6262
22360,694.3757,-945.4421
22380,695.3341,-945.731
22400,695.799,-945.9453
22420,696.1003,-946.5753
22440,697.0816,-947.371
22460,698.4213,-947.4011
22480,699.0132,-946.499
22500,697.8056,-945.8317
22520,695.7423,-947.3608
22540,696.6533,-950.3873
22560,698.6838,-951.8756
22580,700.655,-952.069
22600,701.6891,-951.7181
22620,702.7043,-951.4097
22640,703.1154,-950.8352
22660,703.2535,-950.4417
22680,703.2103,-950.0319
22700,702.4226,-949.7765
22720,701.2714,-950.4614
22740,700.9681,-951.9694
22760,701.3834,-953.3432
22780,701.9048,-954.5225
22800,703.1031,-955.5822
22820,704.5243,-955.8504
22840,705.352,-955.421
22860,705.1449,-955.1367
22880,704.4203,-956.1957
22900,705.9596,-958.1248
22920,708.622,-958.474
22940,711.1828,-956.7009
22960,710.6825,-954.0736
22980,709.5485,-953.1297
23000,708.6905,-952.9982
23020,708.1832,-953.0726
23040,707.6469,-953.2201
23060,707.4089,-953.5209
23080,707.2285,-953.7386
23100,707.1432,-953.9891
23120,707.3997,-954.1136
23140,707.9542,-953.4395
23160,707.0692,-951.9857
23180,704.7426,-951.3483
23200,701.5236,-953.0721
23220,701.9788,-956.4432
23240,703.6251,-957.8502
23260,705.3234,-957.5323
23280,705.022,-956.4505
23300,704.3404,-956.3685
23320,703.8385,-956.7372
23340,703.6614,-957.1792
23360,703.5241,-957.5126
23380,703.5261,-957.8112
23400,703.629,-957.9368
23420,703.8474,-957.6564
23440,703.2681,-957.0964
23460,702.5388,-956.928
23480,701.7516,-956.9064
23500,700.9036,-956.9999
23520,700.0079,-957.2126
23540,699.0762,-957.5518
23560,698.0968,-958.0411
23580,696.9594,-958.9332
23600,696.6268,-960.2182
23620,696.7582,-961.1073
23640,697.1125,-961.4197
23660,696.9564,-961.2971
23680,696.7856,-961.1495
23700,696.5165,-960.4566
23720,694.761,-959.6072
23740,692.5539,-959.9161
23760,690.6324,-961.2366
23780,689.8435,-962.8883
23800,689.2203,-964.1102
23820,688.779,-965.2814
23840,688.5463,-966.3037
23860,688.4244,-967.0453
23880,688.1254,-967.5438
23900,687.7156,-967.9977
23920,687.4182,-968.1685
23940,686.1346,-968.0844
23960,684.3303,-968.7186
23980,681.8662,-970.9433
24000,682.796,-974.3737
24020,684.7711,-975.6881
24040,687.3624,-974.4973
24060,685.6165,-971.691
24080,682.8875,-971.2875
24100,679.979,-972.5558
24120,679.006,-974.778
24140,678.3572,-976.2103
24160,677.7478,-977.4385
24180,677.0652,-978.5955
24200,676.3447,-979.8334
24220,675.7031,-981.2177
24240,675.3167,-982.6401
24260,674.9505,-984.0089
24280,674.8021,-985.4747
24300,675.0982,-986.7932
24320,675.658,-987.5059
24340,675.7195,-987.5277
24360,674.8145,-987.5676
24380,673.5818,-988.3506
24400,672.6818,-989.7402
24420,672.3817,-991.1988
24440,672.2021,-992.3806
24460,672.1216,-993.4568
24480,672.1613,-994.3729
24500,672.386,-994.848
24520,671.8998,-994.7521
24540,670.3456,-994.963
24560,668.1739,-996.5308
24580,667.3229,-999.613
24600,668.6098,-1002.466
24620,670.7198,-1003.531
24640,672.0396,-1002.98
24660,671.7844,-1002.144
24680,671.2457,-1001.927
24700,670.4104,-1001.792
24720,669.1226,-1001.9
24740,667.5654,-1002.59
24760,666.2302,-1003.967
24780,665.6887,-1005.57
24800,665.2985,-1006.841
24820,664.9886,-1008.064
24840,664.879,-1009.221
24860,664.8636,-1010.176
24880,664.8777,-1010.913
24900,664.713,-1011.482
24920,664.5641,-1012.015
24940,664.4511,-1012.234
24960,663.5967,-1012.236
24980,662.5404,-1012.659
25000,661.3283,-1013.404
25020,660.441,-1014.435
25040,659.5944,-1015.373
25060,658.7537,-1016.293
25080,657.709,-1017.23
25100,656.5168,-1018.401
25120,655.0235,-1020.173
25140,654.6744,-1022.665
25160,655.0955,-1024.662
25180,655.8623,-1025.944
25200,656.3376,-1026.562
25220,656.3949,-1027.012
25240,656.4723,-1027.421
25260,656.2899,-1027.465
25280,655.3877,-1027.47
25300,654.2537,-1027.935
25320,653.0223,-1028.757
25340,652.0466,-1029.843
25360,651.0783,-1030.908
25380,650.0501,-1032.082
25400,649.0168,-1033.419
25420,647.8805,-1034.952
25440,646.3148,-1037.299
25460,646.5925,-1040.709
25480,648.202,-1043.217
25500,650.5253,-1044.297
25520,652.1934,-1043.824
25540,652.5612,-1042.913
25560,652.8411,-1042.168
25580,652.7846,-1040.529
25600,650.1979,-1038.571
25620,646.7031,-1038.369
25640,641.9672,-1040.512
25660,641.3241,-1045.096
25680,642.0198,-1047.706
25700,643.5776,-1048.712
25720,643.371,-1047.948
25740,641.4482,-1047.695
25760,638.7079,-1048.949
25780,636.5095,-1052.064
25800,637.0049,-1055.815
25820,638.3449,-1057.985
25840,640.5412,-1058.49
25860,639.9557,-1057.338
25880,638.6063,-1057.572
25900,636.713,-1058.782
25920,635.996,-1061.139
25940,636.4028,-1063.139
25960,637.3752,-1064.13
25980,638.0682,-1063.772
26000,636.6503,-1062.845
26020,634.5331,-1063.164
26040,631.6636,-1064.8
26060,630.7885,-1067.909
26080,630.6288,-1070.208
26100,630.6589,-1072.173
26120,630.93,-1073.97
26140,631.5007,-1075.483
26160,632.2993,-1076.516
26180,633.3818,-1076.557
26200,632.4286,-1075.697
26220,630.8018,-1075.997
26240,628.5057,-1077.434
26260,627.748,-1080.346
26280,628.4875,-1082.788
26300,629.9662,-1083.984
26320,631.5131,-1083.37
26340,629.9969,-1081.596
26360,627.4338,-1081.598
26380,623.7379,-1083.487
26400,622.8264,-1087.796
26420,624.0128,-1091.125
26440,626.2061,-1092.8
26460,628.4456,-1092.328
26480,627.707,-1090.502
26500,626.0264,-1090.173
26520,623.7188,-1090.877
26540,622.3051,-1092.749
26560,621.5148,-1094.517
26580,620.8044,-1096.148
26600,620.1819,-1098.015
26620,620.351,-1100.027
26640,620.8566,-1101.497
26660,621.7503,-1102.343
26680,621.9703,-1102.335
26700,621.5573,-1102.377
26720,621.0197,-1102.617
26740,620.4937,-1102.604
26760,618.848,-1102.328
26780,616.7016,-1102.846
26800,613.9397,-1104.324
26820,612.0887,-1107.304
26840,611.8809,-1110.451
26860,612.225,-1112.736
26880,612.9941,-1114.365
26900,613.1217,-1115.276
26920,613.0085,-1116.395
26940,612.7797,-1117.689
26960,612.7206,-1119.354
26980,613.6082,-1121.114
27000,614.9731,-1122.146
27020,617.0344,-1122.106
27040,617.8031,-1120.465
27060,617.2495,-1118.917
27080,616.3542,-1117.898
27100,615.623,-1116.624
27120,613.2671,-1114.808
27140,610.2217,-1114.016
27160,606.6828,-1113.976
27180,602.9752,-1114.933
27200,599.8862,-1116.656
27220,596.7287,-1118.449
27240,592.8279,-1121.295
27260,590.752,-1126.096
27280,591.0092,-1130.572
27300,592.3093,-1133.555
27320,595.1255,-1134.377
27340,594.1779,-1132.194
27360,591.2295,-1131.733
27380,587.1558,-1132.855
27400,582.1489,-1136.836
27420,582.2335,-1143.757
27440,584.3407,-1147.902
27460,588.0485,-1149.865
27480,590.8444,-1148.096
27500,588.7739,-1144.72
27520,584.7702,-1144.021
27540,578.9267,-1145.81
27560,575.3675,-1151.439
27580,575.1898,-1157.359
27600,576.2299,-1161.665
27620,578.0118,-1165.001
27640,579.6531,-1167.284
27660,581.2794,-1169.247
27680,583.1696,-1170.866
27700,585.6957,-1171.649
27720,587.2205,-1171.162
27740,588.5493,-1170.817
27760,590.2852,-1169.921
27780,592.7383,-1166.939
27800,590.4898,-1161.455
27820,586.411,-1158.535
27840,581.3359,-1157.021
27860,575.7288,-1157.344
27880,571.6185,-1159.215
27900,567.8051,-1160.657
27920,563.8505,-1162.243
27940,559.6575,-1164.11
27960,555.1343,-1166.374
27980,550.0944,-1169.212
28000,543.8132,-1173.456
28020,538.5,-1180.769
28040,536.6507,-1189.442
28060,536.0425,-1196.638
28080,535.2929,-1203.956
28100,536.5878,-1212.875
28120,541.7063,-1221.402
28140,549.4633,-1227.046
28160,561.9235,-1227.516
28180,568.1096,-1217.331
28200,562.5026,-1206.29
28220,551.1623,-1202.028
28240,532.2758,-1206.149
28260,522.02,-1226.488
28280,527.8219,-1249.236
28300,541.9315,-1263.564
28320,564.9824,-1268.45
28340,580.4782,-1255.985
28360,581.1427,-1240.741
28380,575.9003,-1232.382
28400,566.4995,-1228.912
28420,558.7288,-1232.479
28440,555.3715,-1238.378
28460,553.0361,-1243.08
28480,549.2395,-1249.365
28500,549.0774,-1260.61
28520,556.7131,-1272.375
28540,569.0866,-1279.128
28560,587.5198,-1279.083
28580,602.1194,-1265.385
28600,600.9713,-1246.271
28620,593.3715,-1235.014
28640,581.594,-1228.896
28660,569.3386,-1230.488
28680,564.5388,-1237.377
28700,562.3589,-1241.18
28720,560.9901,-1244.042
28740,560.0213,-1245.959
28760,558.2091,-1247.088
28780,555.994,-1248.651
28800,553.4639,-1250.543
28820,550.4642,-1253.269
28840,548.9019,-1257.225
28860,547.933,-1260.527
28880,547.0932,-1263.682
28900,545.9378,-1267.159
28920,546.361,-1271.617
28940,547.8984,-1275.163
28960,550.2487,-1277.867
28980,554.2864,-1278.801
29000,555.7618,-1276.19
29020,554.6097,-1273.986
29040,552.3637,-1272.942
29060,549.3875,-1272.662
29080,546.1006,-1273.28
29100,542.7412,-1274.506
29120,538.9747,-1276.124
29140,534.1991,-1278.727
29160,529.2438,-1283.867
29180,527.9048,-1291.339
29200,528.3364,-1297.063
29220,529.6496,-1301.935
29240,532.2637,-1305.513
29260,533.2234,-1306.846
29280,533.4529,-1308.889
29300,533.5413,-1311.07
29320,533.5187,-1313.359
29340,533.6557,-1315.812
29360,534.0043,-1318.185
29380,534.549,-1320.372
29400,535.5684,-1322.106
29420,536.2214,-1322.619
29440,535.1615,-1322.521
29460,533.1161,-1323.359
29480,530.2542,-1324.984
29500,526.0922,-1328.41
29520,525.0624,-1334.913
29540,525.6793,-1339.895
29560,526.9901,-1344.247
29580,529.1453,-1347.839
29600,530.991,-1350.126
29620,532.4047,-1352.162
29640,533.8652,-1354.16
29660,535.8577,-1355.672
29680,537.7479,-1355.68
29700,537.3104,-1354.443
29720,535.549,-1354.426
29740,532.8919,-1355.223
29760,528.1612,-1357.885
29780,527.0264,-1364.777
29800,528.4976,-1370.126
29820,531.3922,-1374.268
29840,536.663,-1376.337
29860,540.5324,-1373.319
29880,538.6464,-1368.151
29900,533.587,-1365.871
29920,526.2466,-1365.611
29940,513.4423,-1370.032
29960,509.8709,-1385.426
29980,511.677,-1396.363
30000,515.6339,-1405.545
30020,521.8929,-1412.855
30040,528.5412,-1416.94
30060,533.8394,-1419.211
30080,539.0157,-1421.58
30100,544.9636,-1423.272
30120,553.7886,-1422.397
30140,556.659,-1415.229
30160,555.9656,-1410.966
30180,553.6763,-1408.142
30200,549.4206,-1407.084
30220,545.2531,-1409.51
30240,544.1352,-1414.034
30260,544.4306,-1417.309
30280,545.2785,-1420.102
30300,546.7697,-1422.336
30320,547.9079,-1423.606
30340,548.7892,-1424.875
30360,549.7196,-1426.101
30380,550.9504,-1427.064
30400,552.3369,-1427.164
30420,552.3116,-1426.254
30440,551.5104,-1426.028
30460,550.3292,-1426.132
30480,548.7498,-1426.573
30500,547.0403,-1427.506
30520,545.3201,-1428.716
30540,543.4227,-1430.07
30560,541.2056,-1431.688
30580,538.1012,-1434.05
30600,536.3588,-1438.214
30620,535.454,-1441.821
30640,534.7833,-1445.227
30660,534.1398,-1448.607
30680,533.5683,-1452.278
30700,533.7711,-1456.326
30720,534.4857,-1459.956
30740,535.5524,-1463.303
30760,537.1941,-1466.184
30780,538.6397,-1468.013
30800,539.3229,-1469.426
30820,539.6491,-1471.079
30840,539.8223,-1472.803
30860,540.0081,-1474.517
30880,539.8242,-1475.99
30900,539.2585,-1477.631
30920,538.4058,-1479.503
30940,537.2145,-1481.646
30960,535.1616,-1484.514
30980,534.5093,-1489.163
31000,534.6724,-1493.161
31020,535.0634,-1496.98
31040,535.4437,-1500.813
31060,535.8288,-1505.222
31080,537.9041,-1510.543
31100,541.2402,-1514.886
31120,545.6118,-1518.42
31140,551.9797,-1520.359
31160,558.2328,-1517.964
31180,559.3679,-1512.309
31200,557.6343,-1509.008
31220,554.3729,-1506.961
31240,548.907,-1506.703
31260,543.9253,-1510.376
31280,542.0213,-1515.901
31300,541.5988,-1520.241
31320,541.7797,-1524.105
31340,542.7078,-1527.386
31360,543.2706,-1529.419
31380,542.8713,-1531.188
31400,541.9009,-1533.402
31420,540.4341,-1535.996
31440,537.6423,-1539.602
31460,536.4117,-1546.138
31480,537.6379,-1552.797
31500,540.1334,-1558.389
31520,543.524,-1563.318
31540,548.3458,-1567.169
31560,552.5614,-1568.636
31580,555.8031,-1569.697
31600,558.9346,-1570.839
31620,562.5012,-1571.634
31640,568.0118,-1570.88
31660,570.34,-1565.44
31680,568.6338,-1560.446
31700,564.6873,-1557.252
31720,558.9014,-1555.514
31740,549.3441,-1556.693
31760,543.2391,-1565.33
31780,542.2906,-1574.392
31800,543.931,-1581.51
31820,547.2583,-1587.322
31840,553.6148,-1590.805
31860,557.6358,-1588.381
31880,557.1778,-1585.113
31900,554.3703,-1583.646
31920,550.0063,-1583.356
31940,542.916,-1585.086
31960,537.0068,-1591.985
31980,535.1442,-1600.744
32000,535.3936,-1607.966
32020,536.684,-1614.448
32040,539.212,-1620.058
32060,541.9713,-1623.81
32080,543.4052,-1626.31
32100,544.1612,-1629.301
32120,544.7078,-1632.445
32140,545.0453,-1635.742
32160,545.2701,-1639.415
32180,546.0941,-1643.562
32200,547.3833,-1647.383
32220,549.0594,-1650.936
32240,551.4532,-1653.983
32260,555.385,-1655.154
32280,555.1156,-1652.068
32300,551.7889,-1651.178
32320,546.6515,-1651.564
32340,539.3311,-1653.442
32360,526.0594,-1659.287
32380,520.2567,-1677.573
32400,521.7522,-1693.498
32420,526.7286,-1707.22
32440,534.5035,-1719.193
32460,546.9619,-1728.138
32480,557.7242,-1728.903
32500,563.2857,-1727.465
32520,566.3464,-1727.718
32540,568.3687,-1728.682
32560,569.5162,-1730.251
32580,570.1205,-1732.718
32600,570.9902,-1736.034
32620,571.886,-1739.335
32640,572.5399,-1742.808
32660,572.7916,-1746.561
32680,571.8389,-1751.195
32700,572.7886,-1758.451
32720,575.1161,-1764.78
32740,578.0237,-1770.729
32760,581.4797,-1776.319
32780,586.0284,-1781.173
32800,589.7504,-1783.886
32820,591.8187,-1786.316
32840,592.9284,-1789.416
32860,593.3237,-1793.014
32880,592.5607,-1797.411
32900,590.9819,-1804.032
32920,592.0587,-1813.52
32940,594.8032,-1821.897
32960,598.1393,-1829.899
32980,601.8379,-1837.68
33000,605.5491,-1845.478
33020,610.1013,-1853.901
33040,615.4939,-1862.013
33060,621.4341,-1869.776
33080,627.8502,-1877.239
33100,634.8739,-1884.303
33120,642.1569,-1890.499
33140,648.7928,-1895.965
33160,655.0723,-1901.724
33180,661.1788,-1907.626
33200,666.9789,-1913.762
33220,671.4728,-1920.857
33240,678.3223,-1931.085
33260,687.356,-1940.487
33280,697.4675,-1949.131
33300,708.3287,-1957.238
33320,719.7267,-1964.95
33340,731.8294,-1972.633
33360,745.3519,-1980.231
33380,760.0349,-1986.89
33400,775.7097,-1992.7
33420,792.4401,-1997.559
33440,810.746,-2000.971
33460,828.6888,-2001.797
33480,846.2172,-2001.908
33500,864.1641,-2001.474
33520,882.9282,-2000.021
33540,903.1152,-1996.892
33560,925.0229,-1989.822
33580,941.2422,-1977.463
33600,954.9142,-1967.339
33620,967.844,-1957.676
33640,980.4476,-1948.054
33660,993.31,-1937.802
33680,1004.987,-1925.885
33700,1014.439,-1913.558
33720,1022.927,-1902.136
33740,1030.943,-1891.062
33760,1038.641,-1880.158
33780,1046.168,-1869.246
33800,1053.32,-1858.156
33820,1060.268,-1847.046
33840,1067.211,-1835.758
33860,1074.28,-1824.035
33880,1081.781,-1811.396
33900,1090.168,-1795.951
33920,1092.49,-1777.394
33940,1092.781,-1761.838
33960,1092.258,-1747.458
33980,1091.177,-1733.895
34000,1089.742,-1720.833
34020,1087.721,-1707.896
34040,1084.475,-1695.319
34060,1080.65,-1683.719
34080,1076.432,-1672.802
34100,1071.884,-1662.474
34120,1067.066,-1652.633
34140,1061.813,-1643.192
34160,1056.085,-1634.302
34180,1050.024,-1626.051
34200,1043.65,-1618.395
34220,1036.943,-1611.375
34240,1029.734,-1605.296
34260,1023.115,-1600.362
34280,1016.968,-1595.659
34300,1010.78,-1591.036
34320,1004.423,-1586.734
34340,997.8121,-1582.894
34360,990.5971,-1580.127
34380,984.9594,-1578.755
34400,980.2004,-1576.959
34420,975.643,-1574.802
34440,971.1495,-1572.531
34460,966.687,-1570.2
34480,962.3033,-1567.73
34500,957.4653,-1565.09
34520,952.3661,-1562.744
34540,947.1067,-1560.664
34560,941.6833,-1558.851
34580,936.0598,-1557.361
34600,930.0323,-1556.524
34620,924.8485,-1556.519
34640,919.9297,-1556.31
34660,914.983,-1556.121
34680,909.9142,-1556.103
34700,904.631,-1556.396
34720,898.6988,-1557.677
34740,894.6847,-1560.36
34760,891.5087,-1562.258
34780,888.5876,-1563.738
34800,885.8074,-1564.98
34820,883.114,-1566.049
34840,880.5026,-1566.949
34860,877.7842,-1567.688
34880,875.0102,-1568.438
34900,872.2151,-1569.203
34920,869.4037,-1569.979
34940,866.5756,-1570.764
34960,863.7669,-1571.504
34980,860.6946,-1572.149
35000,857.3849,-1572.965
35020,853.9078,-1574
35040,850.2416,-1575.282
35060,846.3143,-1576.904
35080,841.7516,-1579.378
35100,838.2957,-1583.36
35120,836.2201,-1587.342
35140,834.5929,-1590.689
35160,833.085,-1593.783
35180,831.6122,-1596.797
35200,829.9767,-1600.012
35220,828.8295,-1603.874
35240,828.8741,-1607.839
35260,829.4595,-1611.094
35280,830.3908,-1613.896
35300,831.6835,-1616.229
35320,833.5253,-1617.847
35340,835.6193,-1617.954
35360,835.4799,-1616.693
35380,834.5469,-1616.474
35400,833.3268,-1616.63
35420,831.8886,-1617.067
35440,830.2488,-1617.763
35460,828.2802,-1618.879
35480,826.7839,-1620.569
35500,825.3597,-1622.111
35520,823.8668,-1623.733
35540,822.2567,-1625.496
35560,820.4538,-1627.495
35580,818.0879,-1630.192
35600,816.7984,-1634.243
35620,816.7918,-1638.203
35640,817.2845,-1641.539
35660,818.0405,-1644.548
35680,819.0212,-1647.281
35700,820.2521,-1649.705
35720,821.6003,-1651.665
35740,822.6045,-1653.246
35760,823.5414,-1654.912
35780,824.5193,-1656.528
35800,825.5731,-1658.053
35820,826.6855,-1659.431
35840,827.9359,-1660.559
35860,828.7964,-1661.322
35880,829.4574,-1662.221
35900,830.0612,-1663.193
35920,830.6376,-1664.198
35940,831.1963,-1665.226
35960,831.7346,-1666.28
35980,832.2773,-1667.373
36000,832.8503,-1668.486
36020,833.4263,-1669.596
36040,833.9871,-1670.725
36060,834.5142,-1671.897
36080,834.9628,-1673.165
36100,835.0187,-1674.922
36120,836.4374,-1677.577
36140,838.5856,-1679.479
36160,841.0432,-1680.859
36180,843.8176,-1681.81
36200,847.0233,-1682.215
36220,851.179,-1681.41
36240,854.4929,-1678.069
36260,854.5184,-1673.661
36280,853.2723,-1670.882
36300,851.4268,-1668.877
36320,849.0677,-1667.532
36340,846.1644,-1666.885
36360,842.2227,-1667.556
36380,839.9342,-1670.301
36400,838.6529,-1672.689
36420,837.573,-1674.815
36440,836.4606,-1676.976
36460,835.1724,-1679.347
36480,833.3505,-1682.344
36500,831.0668,-1687.311
36520,832.7077,-1694.519
36540,836.03,-1699.688
36560,840.1519,-1703.893
36580,844.9775,-1707.246
36600,850.5558,-1709.673
36620,857.4506,-1710.457
36640,863.2722,-1708.289
36660,866.3783,-1705.201
36680,868.5946,-1703.22
36700,870.5358,-1701.577
36720,872.3428,-1700.096
36740,874.1115,-1698.652
36760,876.0752,-1696.944
36780,877.2438,-1694.638
36800,877.8079,-1692.616
36820,878.0729,-1690.896
36840,878.0887,-1689.402
36860,877.909,-1688.165
36880,877.5267,-1687.196
36900,876.6934,-1686.826
36920,876.9394,-1687.343
36940,877.5942,-1687.36
36960,878.3967,-1687.179
36980,879.3217,-1686.832
37000,880.3893,-1686.291
37020,881.7162,-1685.398
37040,883.2835,-1683.559
37060,882.9732,-1680.716
37080,881.9259,-1678.871
37100,880.5211,-1677.512
37120,878.7776,-1676.611
37140,876.649,-1676.232
37160,873.6719,-1676.852
37180,870.7044,-1679.866
37200,871.4961,-1684.694
37220,873.7154,-1687.627
37240,876.5816,-1689.7
37260,880.0093,-1691.023
37280,884.0394,-1691.531
37300,889.0862,-1690.645
37320,893.8011,-1687.051
37340,895.0067,-1681.836
37360,895.032,-1678.24
37380,894.629,-1675.235
37400,893.9293,-1672.643
37420,892.9882,-1670.389
37440,891.7852,-1668.505
37460,890.5359,-1667.118
37480,889.6514,-1666.035
37500,888.7584,-1664.83
37520,887.8105,-1663.702
37540,886.8066,-1662.654
37560,885.7368,-1661.7
37580,884.5666,-1660.888
37600,883.3882,-1660.322
37620,882.4719,-1659.931
37640,881.6252,-1659.442
37660,880.7856,-1658.944
37680,879.9446,-1658.447
37700,879.0973,-1657.96
37720,878.2486,-1657.474
37740,877.3833,-1656.963
37760,876.3934,-1656.437
37780,875.338,-1656.003
37800,874.2396,-1655.629
37820,873.0569,-1655.309
37840,871.7413,-1655.1
37860,870.2663,-1655.111
37880,868.48,-1655.71
37900,867.8962,-1657.078
37920,867.748,-1657.843
37940,867.7806,-1658.356
37960,867.9634,-1658.661
37980,868.3033,-1658.748
38000,868.8369,-1658.565
38020,869.8739,-1657.683
38040,869.6508,-1655.723
38060,868.7459,-1654.248
38080,867.6053,-1653.101
38100,866.323,-1652.155
38120,864.9208,-1651.375
38140,863.4075,-1650.749
38160,861.6532,-1650.378
38180,860.1066,-1650.457
38200,858.8696,-1650.605
38220,857.7137,-1650.64
38240,856.5733,-1650.652
38260,855.4391,-1650.656
38280,854.3063,-1650.657
38300,853.1894,-1650.635
38320,852.0333,-1650.534
38340,850.6647,-1650.399
38360,849.1901,-1650.407
38380,847.6378,-1650.519
38400,845.9972,-1650.749
38420,844.2453,-1651.127
38440,842.3262,-1651.726
38460,839.8888,-1653.013
38480,838.9219,-1655.412
38500,838.6113,-1657.121
38520,838.5573,-1658.486
38540,838.6999,-1659.588
38560,839.0359,-1660.431
38580,839.6056,-1660.963
38600,840.6934,-1660.806
38620,841.0703,-1659.342
38640,839.9332,-1657.628
38660,838.2193,-1656.683
38680,836.2032,-1656.141
38700,833.9092,-1655.967
38720,831.3002,-1656.205
38740,828.2506,-1657.015
38760,824.0057,-1659.476
38780,823.2462,-1664.512
38800,823.8202,-1667.819
38820,824.8947,-1670.457
38840,826.351,-1672.575
38860,828.175,-1674.218
38880,830.4114,-1675.327
38900,833.3949,-1675.464
38920,835.7504,-1673.849
38940,836.3764,-1671.645
38960,836.4385,-1670.173
38980,836.3255,-1668.929
39000,836.1205,-1667.806
39020,835.8812,-1666.726
39040,835.6685,-1665.611
39060,835.7291,-1664.134
39080,834.8135,-1661.979
39100,833.3467,-1660.273
39120,831.6468,-1658.879
39140,829.7852,-1657.702
39160,827.7682,-1656.707
39180,825.601,-1655.905
39200,823.2639,-1655.327
39220,820.7999,-1655.088
39240,818.5695,-1655.172
39260,816.3555,-1655.231
39280,814.0707,-1655.38
39300,811.6837,-1655.655
39320,809.1567,-1656.105
39340,806.4208,-1656.816
39360,803.1553,-1658.186
39380,800.5875,-1660.905
39400,799.5696,-1663.936
39420,799.1556,-1666.205
39440,799.0321,-1668.107
39460,799.1516,-1669.703
39480,799.5106,-1670.998
39500,800.1481,-1671.94
39520,801.387,-1672.133
39540,801.6344,-1671.027
39560,800.9648,-1670.057
39580,799.9939,-1669.462
39600,798.9009,-1669.019
39620,797.733,-1668.67
39640,796.5299,-1668.364
39660,795.3354,-1668.047
39680,794.3672,-1667.45
39700,792.5193,-1666.268
39720,790.1211,-1665.522
39740,787.4433,-1665.12
39760,784.5273,-1665.007
39780,781.3589,-1665.195
39800,777.8828,-1665.747
39820,773.972,-1666.809
39840,768.7755,-1669.375
39860,766.723,-1674.638
39880,766.0925,-1678.42
39900,765.9926,-1681.574
39920,766.2831,-1684.267
39940,766.9341,-1686.538
39960,767.9728,-1688.357
39980,769.5161,-1689.588
40000,772.4325,-1689.218
40020,772.0631,-1686.024
40040,770.3285,-1684.427
40060,768.101,-1683.407
40080,765.5001,-1682.823
40100,762.5524,-1682.639
40120,759.2338,-1682.877
40140,755.4337,-1683.655
40160,750.3868,-1685.845
40180,748.0521,-1690.594
40200,746.9619,-1694.113
40220,746.29,-1697.156
40240,745.897,-1699.88
40260,745.7336,-1702.345
40280,745.7919,-1704.561
40300,746.1016,-1706.496
40320,746.9714,-1707.815
40340,746.8591,-1708.004
40360,746.1382,-1708.531
40380,745.2061,-1709.288
40400,744.1492,-1710.177
40420,742.9852,-1711.179
40440,741.7122,-1712.295
40460,740.3042,-1713.551
40480,738.5865,-1715.137
40500,737.3163,-1717.381
40520,736.5091,-1719.582
40540,735.8649,-1721.604
40560,735.2848,-1723.551
40580,734.733,-1725.462
40600,734.1768,-1727.374
40620,733.5685,-1729.333
40640,732.6897,-1731.571
40660,732.2437,-1734.589
40680,732.8858,-1737.808
40700,734.0845,-1740.446
40720,735.6318,-1742.716
40740,737.5208,-1744.628
40760,739.7916,-1746.136
40780,742.551,-1747.126
40800,746.2004,-1747.168
40820,750.6269,-1744.746
40840,750.987,-1739.37
40860,749.5178,-1735.955
40880,747.3229,-1733.326
40900,744.5659,-1731.305
40920,741.2965,-1729.836
40940,737.4905,-1728.939
40960,733.0134,-1728.744
40980,726.9123,-1730.231
41000,723.5034,-1735.082
41020,722.1276,-1739.166
41040,721.5048,-1742.465
41060,721.298,-1745.332
41080,721.4286,-1747.85
41100,721.8829,-1750.035
41120,722.7067,-1751.844
41140,724.2324,-1752.938
41160,725.5542,-1752.414
41180,724.9772,-1750.888
41200,723.5462,-1750.231
41220,721.7417,-1749.955
41240,719.6323,-1749.984
41260,717.226,-1750.31
41280,714.4893,-1750.96
41300,711.3067,-1752.046
41320,706.9323,-1754.292
41340,704.6906,-1759.025
41360,703.8582,-1762.964
41380,703.5536,-1766.379
41400,703.5693,-1769.477
41420,703.849,-1772.316
41440,704.3702,-1774.917
41460,705.1454,-1777.271
41480,706.3093,-1779.253
41500,707.6237,-1780.462
41520,708.1246,-1780.958
41540,708.2859,-1781.778
41560,708.3683,-1782.672
41580,708.4232,-1783.591
41600,708.4821,-1784.503
41620,708.5731,-1785.383
41640,708.7316,-1786.196
41660,709.1224,-1786.784
41680,709.1638,-1786.826
41700,708.7495,-1786.865
41720,708.1401,-1787.089
41740,707.4349,-1787.405
41760,706.6602,-1787.785
41780,705.8361,-1788.211
41800,704.9741,-1788.671
41820,704.1162,-1789.148
41840,703.4291,-1789.493
41860,702.2463,-1789.427
41880,700.746,-1789.615
41900,699.0778,-1789.958
41920,697.265,-1790.435
41940,695.3104,-1791.04
41960,693.1997,-1791.786
41980,690.9073,-1792.694
42000,688.3411,-1793.848
42020,685.4529,-1795.566
42040,683.2816,-1798.085
42060,681.4193,-1800.31
42080,679.5889,-1802.496
42100,677.7268,-1804.7
42120,675.7783,-1806.969
42140,673.6698,-1809.369
42160,671.3271,-1812.002
42180,668.3554,-1815.181
42200,665.2657,-1819.997
42220,664.5605,-1826.444
42240,665.1567,-1831.762
42260,666.3548,-1836.56
42280,668.0546,-1840.926
42300,670.2343,-1844.88
42320,672.9269,-1848.394
42340,676.2509,-1851.363
42360,680.8016,-1853.27
42380,685.3898,-1852.498
42400,686.9083,-1849.616
42420,686.8854,-1848.078
42440,686.2375,-1847.088
42460,685.1111,-1846.518
42480,683.5551,-1846.329
42500,681.5941,-1846.547
42520,679.1268,-1847.199
42540,675.6509,-1848.714
42560,672.0803,-1852.454
42580,671.1757,-1858.091
42600,671.6652,-1862.537
42620,672.7422,-1866.482
42640,674.2805,-1870.037
42660,676.241,-1873.232
42680,678.6382,-1876.057
42700,681.5512,-1878.441
42720,685.3555,-1880.061
42740,689.7207,-1879.744
42760,691.5613,-1877.193
42780,692.0965,-1875.763
42800,692.1589,-1874.741
42820,691.907,-1874.014
42840,691.425,-1873.52
42860,690.7369,-1873.204
42880,689.845,-1873.064
42900,688.7234,-1873.122
42920,687.2743,-1873.536
42940,686.1624,-1874.544
42960,685.1674,-1875.448
