54.96,20.7159,8.24446
55.44,22.756,0.0218983
55.93,23.8528,1.07803
56.41,21.3602,11.1223
56.89,18.3583,13.994
57.37,16.3066,13.509
57.85,15.7239,11.2405
58.34,16.4817,7.93793
58.82,17.7447,3.74276
59.3,18.7096,1.07354
59.78,18.7281,6.57987
60.26,18.2469,10.4684
60.75,18.2432,11.931
61.23,19.3234,10.2927
61.71,20.9271,5.14479
62.19,21.1434,0.0200332
62.68,21.3315,0.0202475
63.16,20.4605,7.46018
63.64,19.3471,10.4292
64.12,19.7298,9.48843
64.6,21.1855,4.94164
65.09,21.8335,0.0208238
65.57,22.6135,0.021731
66.05,23.9983,0.0233768
66.53,23.481,8.03332
67.01,22.1562,10.7619
67.5,20.4339,11.6089
67.98,18.9721,11.254
68.46,17.7351,11.032
68.94,17.2925,11.0938
69.42,18.5106,10.6007
69.91,22.249,6.02093
70.39,24.1652,0.0235781
70.87,24.1845,0.0236015
71.35,23.6009,0.0228999
71.84,23.1019,0.0223063
72.32,22.959,0.0221374
72.8,21.6946,6.44895
73.28,19.7054,9.52157
73.76,18.6477,9.91344
74.25,18.5362,9.34699
74.73,19.1432,8.54718
75.21,19.962,7.99095
75.69,20.6673,7.62555
76.17,21.1062,7.30607
76.66,21.3463,6.98697
77.14,21.6242,6.49494
77.62,21.7046,6.62896
78.1,21.3265,7.90254
78.59,20.5722,9.7214
79.07,19.8144,11.3633
79.55,19.5557,12.365
80.03,20.0993,12.4345
80.51,21.4424,11.2055
81,23.2312,8.09472
81.48,24.6722,0.0241937
81.96,24.1804,0.0235965
82.44,23.7263,0.02305
82.92,23.169,3.83774
83.41,22.5412,6.55079
83.89,22.6197,7.01687
84.37,23.0232,6.19628
84.85,23.1024,5.65672
85.33,22.6984,6.51383
85.82,22.4297,7.32868
86.3,22.8417,6.87717
86.78,23.4851,5.81464
87.26,23.7761,5.49791
87.75,23.8467,5.64776
88.23,24.0299,5.30325
88.71,24.2437,4.76384
89.19,24.158,5.25987
89.67,23.8089,6.48224
90.16,23.5793,7.2809
90.64,23.6109,7.4993
91.12,23.7019,7.55264
91.6,23.7579,7.48473
92.08,23.8349,7.09457
92.57,24.0444,6.17242
93.05,24.3371,4.86358
93.53,24.4208,4.24926
94.01,24.151,4.90805
94.49,23.6973,5.77377
94.98,23.403,5.92671
95.46,23.7121,4.22158
95.94,24.1595,0.0235712
96.42,24.1982,0.023618
96.91,24.1935,0.0236123
97.39,24.1417,0.0235498
97.87,24.0914,1.11171
98.35,23.4771,5.31583
98.83,23.089,7.03945
99.32,22.8519,8.10418
99.8,22.774,8.65473
100.28,22.864,8.78502
100.76,23.0738,8.62046
101.24,23.2761,8.34616
101.73,23.3277,8.15946
102.21,23.2357,8.05528
102.69,23.1509,7.85725
103.17,23.2467,7.40451
103.66,23.539,6.80955
104.14,23.876,6.50805
104.62,24.0455,6.96998
105.1,23.923,8.09312
105.58,23.5574,9.32049
106.07,23.1235,10.2078
106.55,22.8434,10.5307
107.03,22.829,10.3236
107.51,23.078,9.73588
107.99,23.4297,9.15457
108.48,23.7228,8.96782
108.96,23.9044,9.22194
109.44,24.0616,9.52355
109.92,24.344,9.37509
110.4,24.8159,8.52624
110.89,25.3787,7.11064
111.37,25.8436,5.69997
111.85,26.0624,5.2258
112.33,26.0789,5.81608
112.82,26.0839,6.59247
113.3,26.1879,7.0938
113.78,26.3026,7.49756
114.26,26.2804,8.03459
114.74,26.0929,8.60607
115.23,25.9042,8.85437
115.71,25.8973,8.64909
116.19,26.1683,8.11913
116.67,26.6742,7.60145
117.15,27.3643,7.13901
117.64,28.0763,6.73358
118.12,28.4899,6.84383
118.6,28.3643,7.94625
119.08,27.9373,9.27307
119.56,27.8025,9.68634
120.05,28.3042,8.59081
120.53,29.0045,6.56771
121.01,29.396,4.95418
121.49,29.2203,5.65745
121.98,28.9315,6.73311
122.46,28.3496,8.33192
122.94,27.7299,9.47338
123.42,27.3707,9.74589
123.9,27.4963,9.0257
124.39,28.0732,7.42994
124.87,28.8282,5.34434
125.35,29.4428,3.6437
125.83,29.6903,4.16108
126.31,29.7438,5.57092
126.8,29.9013,6.27645
127.28,30.182,6.24621
127.76,30.3435,6.25168
128.24,30.1944,7.05658
128.73,29.9326,8.16722
129.21,29.9141,8.80312
129.69,30.4196,8.32773
130.17,31.2885,6.68596
130.65,32.1695,3.91477
131.14,32.6642,0.486624
131.62,32.5595,3.44195
132.1,31.8763,6.99047
132.58,30.9583,9.64503
133.06,30.3005,11.1246
133.55,30.2486,11.4971
134.03,30.8311,11.0185
134.51,31.7411,10.2014
134.99,32.5598,9.79848
135.47,33.0958,10.2303
135.96,33.5412,10.97
136.44,34.2525,11.0584
136.92,35.332,9.84777
137.4,36.4632,7.37547
137.89,37.1182,5.47707
138.37,37.1183,7.18277
138.85,36.7771,10.6557
139.33,36.6039,13.5545
139.81,36.7398,15.4271
140.3,37.1451,16.257
140.78,37.784,16.3574
141.26,38.7623,16.062
141.74,40.1353,15.5814
142.22,41.6726,15.0992
142.71,42.9015,14.9946
143.19,43.4922,15.6145
143.67,43.6026,16.7811
144.15,43.6946,18.0447
144.64,44.1432,19.1158
145.12,45.0168,19.9544
145.6,46.1037,20.713
146.08,47.1811,21.546
146.56,48.0571,22.6935
147.05,48.5891,24.3911
147.53,48.7989,26.6039
148.01,49.0625,28.867
148.49,50.0371,30.5905
148.97,52.2728,31.4563
149.46,55.7335,31.6754
149.94,59.6526,32.1904
150.42,63.0269,34.3041
150.9,65.319,38.5372
151.38,66.7741,44.2527
151.87,67.8239,50.8481
152.35,68.3424,58.417
152.83,67.6559,67.1969
153.31,64.981,76.966
153.8,59.7935,86.9519
154.28,51.7045,96.1384
154.76,40.5786,103.454
155.24,26.9466,107.838
155.72,12.2231,108.573
156.21,-1.75518,105.624
156.69,-13.5259,99.697
157.17,-22.4568,91.9137
157.65,-28.6593,83.3627
158.13,-32.5545,74.7725
158.62,-34.5304,66.4585
159.1,-34.8948,58.6007
159.58,-34.0473,51.4088
160.06,-32.51,45.1272
160.54,-30.7382,39.8887
161.03,-28.9678,35.6723
161.51,-27.2389,32.3331
161.99,-25.5273,29.6566
162.47,-23.828,27.3998
162.96,-22.1596,25.358
163.44,-20.5302,23.4261
163.92,-18.9311,21.6031
164.4,-17.3734,19.939
164.88,-15.9037,18.4623
165.37,-14.5723,17.1573
165.85,-13.3899,15.9901
166.33,-12.3172,14.9476
166.81,-11.2948,14.0391
167.29,-10.2872,13.2712
167.78,-9.29738,12.6219
168.26,-8.34993,12.0514
168.74,-7.46074,11.5295
169.22,-6.62215,11.0491
169.71,-5.81547,10.6107
170.19,-5.03409,10.206
170.67,-4.29177,9.8194
171.15,-3.60767,9.44604
171.63,-2.9836,9.09785
172.12,-2.39969,8.78906
172.6,-1.83258,8.51668
173.08,-1.27413,8.2644
173.56,-0.730211,8.02146
174.04,-0.202448,7.79507
174.53,0.321963,7.59923
175.01,0.857502,7.43563
175.49,1.39941,7.29042
175.97,1.92105,7.15343
176.45,2.39729,7.02914
176.94,2.82404,6.92841
177.42,3.21471,6.85173
177.9,3.58103,6.78788
178.38,3.92973,6.7261
178.87,4.2734,6.66157
179.35,4.63275,6.59232
179.83,5.018,6.51533
180.31,5.40804,6.43454
180.79,5.76264,6.36231
181.28,6.0596,6.30812
181.76,6.31563,6.26519
182.24,6.56416,6.22332
182.72,6.82214,6.18514
183.2,7.08229,6.1629
183.69,7.33486,6.15759
184.17,7.58574,6.15016
184.65,7.8506,6.1214
185.13,8.12899,6.07779
185.61,8.3966,6.04961
186.1,8.62454,6.06119
186.58,8.81152,6.10158
187.06,8.98616,6.14188
187.54,9.18747,6.15506
188.03,9.43599,6.12868
188.51,9.71792,6.06303
188.99,9.99755,5.97252
189.47,10.2396,5.89713
189.95,10.4367,5.87556
190.44,10.607,5.9189
190.92,10.7769,6.00248
191.4,10.9606,6.09753
191.88,11.1593,6.19247
192.36,11.3714,6.27911
192.85,11.5984,6.33208
193.33,11.8365,6.32691
193.81,12.0708,6.28416
194.29,12.2947,6.25975
194.78,12.527,6.28706
195.26,12.8047,6.32446
195.74,13.1436,6.29974
196.22,13.5143,6.19589
196.7,13.8577,6.09499
197.19,14.1352,6.10452
197.67,14.3652,6.22473
198.15,14.6087,6.33061
198.63,14.8982,6.33342
199.11,15.2113,6.27778
199.6,15.4966,6.30797
200.08,15.7436,6.4844
200.56,15.998,6.71414
201.04,16.3148,6.87001
201.52,16.6966,6.93662
202.01,17.0793,7.03317
202.49,17.3857,7.28975
202.97,17.5858,7.70378
203.45,17.7064,8.16467
203.94,17.8165,8.54146
204.42,17.9751,8.77857
204.9,18.2034,8.8963
205.38,18.4857,8.95252
205.86,18.7897,8.99882
206.35,19.0803,9.06682
206.83,19.32,9.18899
207.31,19.4778,9.40361
207.79,19.544,9.73495
208.27,19.5398,10.1663
208.76,19.5133,10.6265
209.24,19.5102,11.0324
209.72,19.5592,11.3204
210.2,19.657,11.4839
210.68,19.7777,11.571
211.17,19.8765,11.6676
211.65,19.9105,11.8488
212.13,19.8619,12.1277
212.61,19.755,12.4436
213.1,19.6562,12.7008
213.58,19.6233,12.8503
214.06,19.6566,12.9346
214.54,19.6943,13.06
215.02,19.6652,13.3086
215.51,19.5567,13.6521
215.99,19.4334,13.9703
216.47,19.381,14.1502
216.95,19.4291,14.1652
217.43,19.5347,14.0762
217.92,19.6146,13.989
218.4,19.613,13.9912
218.88,19.5149,14.1263
219.36,19.3551,14.3756
219.85,19.1872,14.6762
220.33,19.0641,14.9541
220.81,19.0098,15.1643
221.29,19.0079,15.3092
221.77,19.0114,15.414
222.26,18.9823,15.489
222.74,18.9266,15.5123
223.22,18.8799,15.4741
223.7,18.8611,15.4154
224.18,18.8516,15.4036
224.67,18.8113,15.4761
225.15,18.725,15.6089
225.63,18.6224,15.7471
226.11,18.5585,15.8597
226.59,18.5675,15.9526
227.08,18.6534,16.0277
227.56,18.7802,16.078
228.04,18.9005,16.1017
228.52,18.9752,16.129
229.01,19.0058,16.1925
229.49,19.0304,16.2849
229.97,19.0882,16.3653
230.45,19.1831,16.4089
230.93,19.2808,16.4392
231.42,19.3488,16.5001
231.9,19.3983,16.5935
232.38,19.4701,16.6806
232.86,19.5823,16.7416
233.34,19.7022,16.8137
233.83,19.7823,16.9514
234.31,19.8113,17.162
234.79,19.829,17.3938
235.27,19.8654,17.6107
235.76,19.9076,17.8345
236.24,19.9223,18.1025
236.72,19.9107,18.4024
237.2,19.912,18.6692
237.68,19.9454,18.8632
238.17,19.9665,19.0207
238.65,19.9078,19.208
239.13,19.76,19.4331
239.61,19.5804,19.6402
240.09,19.4259,19.7949
240.58,19.2665,19.9562
241.06,19.0059,20.2274
241.54,18.5938,20.633
242.02,18.1071,21.0725
242.5,17.7136,21.4047
242.99,17.5452,21.562
243.47,17.5993,21.58
243.95,17.749,21.5472
244.43,17.825,21.5484
244.92,17.7254,21.6197
245.4,17.4692,21.7385
245.88,17.1606,21.8545
246.36,16.9122,21.9254
246.84,16.7594,21.9447
247.33,16.6489,21.9443
247.81,16.4958,21.9645
248.29,16.2683,22.014
248.77,16.0132,22.0547
249.25,15.8085,22.0411
249.74,15.6936,21.9657
250.22,15.6489,21.8628
250.7,15.6287,21.7784
251.18,15.6027,21.7326
251.66,15.5606,21.7097
252.15,15.5013,21.6809
252.63,15.4271,21.6282
253.11,15.3563,21.5511
253.59,15.3206,21.4673
254.08,15.3395,21.4019
254.56,15.4047,21.3749
255.04,15.4847,21.3874
255.52,15.5543,21.4207
256,15.6032,21.455
256.49,15.6189,21.4847
256.97,15.5742,21.5197
257.45,15.456,21.5711
257.93,15.3066,21.6401
258.41,15.2069,21.7275
258.9,15.2229,21.8415
259.38,15.3463,21.9865
259.86,15.5214,22.1485
260.34,15.7011,22.3018
260.83,15.8874,22.436
261.31,16.1122,22.5609
261.79,16.3775,22.6954
262.27,16.6612,22.8284
262.75,16.9413,22.9263
263.24,17.2198,22.972
263.72,17.4905,23.0019
264.2,17.7106,23.0874
264.68,17.8162,23.2768
265.16,17.7994,23.5426
265.65,17.7437,23.8136
266.13,17.7611,24.0448
266.61,17.8872,24.2661
267.09,18.0613,24.5391
267.57,18.1955,24.8945
268.06,18.2603,25.2891
268.54,18.2983,25.6418
269.02,18.362,25.9099
269.5,18.4834,26.1258
269.99,18.6807,26.3735
270.47,18.9832,26.7138
270.95,19.3876,27.142
271.43,19.8139,27.607
271.91,20.1376,28.0623
272.4,20.285,28.5074
272.88,20.3075,28.9799
273.36,20.319,29.5196
273.84,20.3711,30.1567
274.32,20.4309,30.9121
274.81,20.4759,31.7899
275.29,20.5636,32.7649
275.77,20.7837,33.7735
276.25,21.1203,34.7417
276.73,21.4014,35.6357
277.22,21.4492,36.4999
277.7,21.2393,37.4134
278.18,20.9146,38.4322
278.66,20.6071,39.5738
279.15,20.3143,40.8401
279.63,19.9299,42.2264
280.11,19.3633,43.7172
280.59,18.6063,45.2626
281.07,17.7026,46.7983
281.56,16.6748,48.2809
282.04,15.5003,49.7016
282.52,14.1325,51.044
283,12.5386,52.2422
283.48,10.7235,53.2127
283.97,8.72908,53.9094
284.45,6.62801,54.3728
284.93,4.49334,54.6763
285.41,2.36927,54.8658
285.9,0.271794,54.9299
286.38,-1.80581,54.8226
286.86,-3.84608,54.4987
287.34,-5.80846,53.919
287.82,-7.65051,53.0784
288.31,-9.3621,52.0287
288.79,-10.9607,50.8653
289.27,-12.4657,49.672
289.75,-13.8608,48.4593
290.23,-15.1092,47.1808
290.72,-16.202,45.818
291.2,-17.1778,44.4278
291.68,-18.0925,43.0986
292.16,-18.9732,41.866
292.64,-19.8008,40.6682
293.13,-20.54,39.4174
293.61,-21.1654,38.0803
294.09,-21.6655,36.7086
294.57,-22.0284,35.3815
295.06,-22.2447,34.138
295.54,-22.3287,32.9728
296.02,-22.3421,31.8656
296.5,-22.3662,30.8122
296.98,-22.4556,29.81
297.47,-22.5968,28.8325
297.95,-22.7137,27.8362
298.43,-22.7189,26.799
298.91,-22.5735,25.7434
299.39,-22.3089,24.72
299.88,-21.9957,23.7662
300.36,-21.6996,22.8962
300.84,-21.4504,22.1065
301.32,-21.2462,21.3838
301.81,-21.0664,20.705
302.29,-20.8821,20.0387
302.77,-20.6646,19.3554
303.25,-20.39,18.6464
303.73,-20.0507,17.929
304.22,-19.6596,17.2377
304.7,-19.2439,16.6002
305.18,-18.8355,16.0316
305.66,-18.461,15.5261
306.14,-18.1321,15.0612
306.63,-17.8397,14.6085
307.11,-17.5564,14.1583
307.59,-17.2512,13.7263
308.07,-16.9096,13.3431
308.55,-16.5447,13.0234
309.04,-16.186,12.7507
309.52,-15.8524,12.4905
310,-15.5433,12.2185
310.48,-15.2393,11.9354
310.97,-14.9242,11.6567
311.45,-14.5976,11.3981
311.93,-14.2772,11.1678
312.41,-13.9849,10.9648
312.89,-13.7254,10.7816
313.38,-13.4816,10.6044
313.86,-13.2208,10.4194
314.34,-12.918,10.2243
314.82,-12.5756,10.0328
315.3,-12.2204,9.86525
315.79,-11.882,9.73154
316.27,-11.5762,9.62475
316.75,-11.3029,9.52746
317.23,-11.0579,9.42634
317.71,-10.837,9.32312
318.2,-10.6328,9.23028
318.68,-10.4291,9.15705
319.16,-10.2096,9.097
319.64,-9.97195,9.03171
320.13,-9.73389,8.94827
320.61,-9.51994,8.85309
321.09,-9.34082,8.76631
321.57,-9.18882,8.70226
322.05,-9.04789,8.65422
322.54,-8.90927,8.60172
323.02,-8.77398,8.5346
323.5,-8.64591,8.46041
323.98,-8.52298,8.39127
324.46,-8.39478,8.32349
324.95,-8.25137,8.23909
325.43,-8.09296,8.13072
325.91,-7.93674,8.01827
326.39,-7.81047,7.93382
326.88,-7.73609,7.89257
327.36,-7.70843,7.87886
327.84,-7.69032,7.86285
328.32,-7.63452,7.82794
328.8,-7.5168,7.77886
329.29,-7.35601,7.72878
329.77,-7.19677,7.68065
330.25,-7.07367,7.62565
330.73,-6.99097,7.55434
331.21,-6.93013,7.46507
331.7,-6.87095,7.36417
332.18,-6.80551,7.26257
332.66,-6.73444,7.17213
333.14,-6.65964,7.10288
333.62,-6.57836,7.05965
334.11,-6.48653,7.03802
334.59,-6.37974,7.02513
335.07,-6.25572,7.00513
335.55,-6.1162,6.96545
336.04,-5.96963,6.9045
336.52,-5.82586,6.83036
337,-5.68777,6.75718
337.48,-5.55045,6.69478
337.96,-5.41052,6.64434
338.45,-5.27357,6.60054
338.93,-5.14883,6.55741
339.41,-5.03411,6.51102
339.89,-4.91366,6.45636
340.37,-4.77224,6.38841
340.86,-4.61481,6.30608
341.34,-4.46357,6.21907
341.82,-4.33484,6.14336
342.3,-4.22146,6.08773
342.78,-4.10342,6.04671
343.27,-3.97071,6.00809
343.75,-3.83543,5.96764
344.23,-3.71588,5.93368
344.71,-3.61533,5.91532
345.2,-3.52076,5.91167
345.68,-3.42015,5.91376
346.16,-3.31393,5.91325
346.64,-3.20907,5.90725
347.12,-3.10739,5.89172
347.61,-3.00323,5.86152
348.09,-2.8921,5.81826
348.57,-2.77608,5.7779
349.05,-2.65707,5.76183
349.53,-2.53262,5.77848
350.02,-2.4007,5.81771
350.5,-2.26785,5.85949
350.98,-2.14525,5.89011
351.46,-2.03601,5.90498
351.95,-1.93088,5.90151
352.43,-1.81945,5.87888
352.91,-1.70039,5.84598
353.39,-1.57932,5.82091
353.87,-1.45568,5.81698
354.36,-1.32085,5.82897
354.84,-1.17094,5.83909
355.32,-1.01886,5.83608
355.8,-0.884345,5.82617
356.28,-0.77576,5.82063
356.77,-0.683022,5.82249
357.25,-0.585584,5.82706
357.73,-0.469474,5.83268
358.21,-0.332244,5.84295
358.69,-0.179016,5.85995
359.18,-0.0185614,5.87907
359.66,0.138384,5.89875
360.14,0.281924,5.92943
360.62,0.408024,5.98689
361.11,0.525446,6.06925
361.59,0.651587,6.15283
362.07,0.801097,6.21092
362.55,0.975857,6.2359
363.03,1.1625,6.24566
363.52,1.33503,6.26704
364,1.46698,6.32171
364.48,1.54755,6.41838
364.96,1.59435,6.54944
365.44,1.6441,6.69133
365.93,1.72759,6.81017
366.41,1.84877,6.88144
366.89,1.986,6.90979
367.37,2.11473,6.93236
367.86,2.23001,6.98729
368.34,2.34349,7.08917
368.82,2.46328,7.22467
369.3,2.58036,7.37547
369.78,2.6806,7.52908
370.27,2.76145,7.67874
370.75,2.83859,7.81605
371.23,2.92797,7.93383
371.71,3.03059,8.03123
372.19,3.13111,8.11003
372.68,3.21901,8.17539
373.16,3.30581,8.24225
373.64,3.42512,8.336
374.12,3.59918,8.48311
374.6,3.80524,8.68786
375.09,3.96599,8.91532
375.57,4.00798,9.11737
376.05,3.92912,9.26828
376.53,3.81074,9.38872
377.02,3.74971,9.52675
377.5,3.7879,9.70305
377.98,3.89736,9.89918
378.46,4.01902,10.0881
378.94,4.10297,10.2767
379.43,4.13742,10.482
379.91,4.13823,10.7007
380.39,4.13184,10.9086
380.87,4.12887,11.0977
381.35,4.11479,11.3024
381.84,4.06023,11.5628
382.32,3.97001,11.8789
382.8,3.88178,12.2047
383.28,3.83802,12.4914
383.76,3.83163,12.7201
384.25,3.81076,12.9145
384.73,3.74626,13.1007
385.21,3.66638,13.3041
385.69,3.61806,13.5451
386.18,3.60344,13.8372
386.66,3.56739,14.173
387.14,3.46105,14.5132
387.62,3.29445,14.8041
388.1,3.11549,15.0094
388.59,2.93657,15.1398
389.07,2.72202,15.2352
389.55,2.43572,15.3374
390.03,2.09383,15.4669
390.51,1.74331,15.6204
391,1.41763,15.7781
391.48,1.12302,15.912
391.96,0.863457,16.004
392.44,0.653293,16.0585
392.93,0.491502,16.0972
393.41,0.332552,16.1424
393.89,0.109444,16.198
394.37,-0.200868,16.2503
394.85,-0.550931,16.2835
395.34,-0.867727,16.2955
395.82,-1.12565,16.2958
396.3,-1.35947,16.2935
396.78,-1.617,16.2925
397.26,-1.90523,16.2939
397.75,-2.18674,16.3019
398.23,-2.42294,16.3215
398.71,-2.61343,16.3459
399.19,-2.79849,16.3556
399.67,-3.02117,16.328
400.16,-3.29111,16.2533
400.64,-3.57468,16.1447
401.12,-3.83062,16.0286
401.6,-4.04003,15.9247
402.09,-4.21874,15.8313
402.57,-4.39307,15.731
403.05,-4.57266,15.6109
403.53,-4.74561,15.469
404.01,-4.90126,15.3081
404.5,-5.04811,15.1259
404.98,-5.20178,14.9212
405.46,-5.36322,14.7033
405.94,-5.51284,14.4878
406.42,-5.63331,14.2792
406.91,-5.73078,14.0634
407.39,-5.83162,13.8249
407.87,-5.95625,13.5684
408.35,-6.09613,13.315
408.83,-6.21537,13.0804
409.32,-6.27696,12.8577
409.8,-6.26923,12.631
410.28,-6.21844,12.3994
410.76,-6.17229,12.1782
411.25,-6.16588,11.9786
411.73,-6.2012,11.794
412.21,-6.24936,11.6103
412.69,-6.2771,11.425
413.17,-6.27394,11.2459
413.66,-6.25104,11.074
414.14,-6.21753,10.896
414.62,-6.16366,10.6991
415.1,-6.07091,10.4915
415.58,-5.93639,10.2969
416.07,-5.77823,10.1304
416.55,-5.61976,9.98478
417.03,-5.46722,9.84349
417.51,-5.31144,9.70342
418,-5.14345,9.58305
418.48,-4.96727,9.50436
418.96,-4.79569,9.47137
419.44,-4.63669,9.46412
419.92,-4.49006,9.45321
420.41,-4.35196,9.42141
420.89,-4.21605,9.37335
421.37,-4.0741,9.32864
421.85,-3.91571,9.30348
422.33,-3.7366,9.2979
422.82,-3.54522,9.29604
423.3,-3.35907,9.28429
423.78,-3.19147,9.26592
424.26,-3.04416,9.26056
424.74,-2.90943,9.28825
425.23,-2.77895,9.35155
425.71,-2.64583,9.43488
426.19,-2.50187,9.51838
426.67,-2.34163,9.59551
427.16,-2.17013,9.67838
427.64,-2.00383,9.78786
428.12,-1.85983,9.93766
428.6,-1.74274,10.1251
429.08,-1.64551,10.3319
429.57,-1.56216,10.5393
430.05,-1.49511,10.7413
430.53,-1.44576,10.95
431.01,-1.40477,11.1881
431.49,-1.35377,11.467
431.98,-1.28416,11.7763
432.46,-1.20365,12.091
432.94,-1.13021,12.3936
433.42,-1.08095,12.6909
433.91,-1.06749,13.0033
434.39,-1.10342,13.3417
434.87,-1.19445,13.6944
435.35,-1.32216,14.0429
435.83,-1.45288,14.3856
436.32,-1.56872,14.7428
436.8,-1.69031,15.1395
437.28,-1.8578,15.5827
437.76,-2.08693,16.0601
438.24,-2.35418,16.5599
438.73,-2.64546,17.0737
439.21,-2.98951,17.5888
439.69,-3.44997,18.0893
440.17,-4.06499,18.5661
440.65,-4.80856,19.024
441.14,-5.62111,19.4623
441.62,-6.46307,19.8555
442.1,-7.34481,20.1486
442.58,-8.30965,20.2972
443.07,-9.39476,20.2912
443.55,-10.5985,20.1339
444.03,-11.8672,19.822
444.51,-13.1146,19.3448
444.99,-14.2632,18.7077
445.48,-15.283,17.9358
445.96,-16.1745,17.0525
446.44,-16.9338,16.0665
446.92,-17.5281,14.9918
447.4,-17.9201,13.8735
447.89,-18.1078,12.7835
448.37,-18.1377,11.7793
448.85,-18.0763,10.8712
449.33,-17.9766,10.0245
449.81,-17.8542,9.20272
450.3,-17.698,8.40222
450.78,-17.4887,7.65489
451.26,-17.2214,6.99535
451.74,-16.9133,6.43104
452.23,-16.5924,5.94174
452.71,-16.2781,5.50379
453.19,-15.9675,5.1055
453.67,-15.6392,4.74231
454.15,-15.2779,4.40497
454.64,-14.8957,4.08079
455.12,-14.5284,3.76668
455.6,-14.205,3.47235
456.08,-13.923,3.2076
456.56,-13.6525,2.97069
457.05,-13.3668,2.74976
457.53,-13.069,2.54159
458.01,-12.7839,2.35842
458.49,-12.5276,2.2134
458.98,-12.2878,2.10232
459.46,-12.0375,2.00389
459.94,-11.7621,1.89727
460.42,-11.4736,1.77812
460.9,-11.1954,1.65688
461.39,-10.942,1.54322
461.87,-10.7121,1.43782
462.35,-10.4971,1.33816
462.83,-10.2921,1.24522
463.31,-10.0971,1.16311
463.8,-9.91448,1.09295
464.28,-9.74618,1.03191
464.76,-9.59255,0.979196
465.24,-9.45076,0.939975
465.72,-9.31126,0.920225
466.21,-9.16357,0.915785
466.69,-9.00522,0.912336
467.17,-8.84664,0.89495
467.65,-8.70423,0.861389
468.14,-8.58604,0.823545
468.62,-8.48578,0.796217
469.1,-8.38802,0.784426
469.58,-8.28,0.780719
470.06,-8.15706,0.772245
470.55,-8.0202,0.750674
471.03,-7.87232,0.716655
471.51,-7.71719,0.676814
471.99,-7.56135,0.638743
472.47,-7.41289,0.607178
472.96,-7.27876,0.582056
473.44,-7.16123,0.561207
473.92,-7.05718,0.542188
474.4,-6.9584,0.526197
474.88,-6.85564,0.515529
475.37,-6.74254,0.510575
475.85,-6.6199,0.504925
476.33,-6.49401,0.490087
476.81,-6.37129,0.462478
477.3,-6.25517,0.429127
477.78,-6.14601,0.401152
478.26,-6.04467,0.384198
478.74,-5.95148,0.373573
479.22,-5.8647,0.36089
479.71,-5.77938,0.343664
480.19,-5.69088,0.326571
480.67,-5.59871,0.313516
481.15,-5.50721,0.302138
481.63,-5.42142,0.286051
482.12,-5.34355,0.265163
482.6,-5.27204,0.247824
483.08,-5.204,0.243372
483.56,-5.1368,0.252058
484.05,-5.06839,0.265043
484.53,-4.99896,0.273999
485.01,-4.92919,0.278577
485.49,-4.85866,0.28338
485.97,-4.78364,0.289851
486.46,-4.69971,0.293272
486.94,-4.60752,0.288492
487.42,-4.51601,0.278008
487.9,-4.4368,0.27241
488.38,-4.37459,0.28194
488.87,-4.32114,0.30828
489.35,-4.26328,0.343299
489.83,-4.19447,0.374
490.31,-4.12022,0.391171
490.79,-4.05089,0.393784
491.28,-3.98995,0.387163
491.76,-3.93197,0.378939
492.24,-3.86887,0.374128
492.72,-3.79787,0.373347
493.21,-3.72344,0.374963
493.69,-3.65254,0.378959
494.17,-3.58979,0.388257
494.65,-3.53551,0.405988
495.13,-3.48632,0.430953
495.62,-3.43759,0.457349
496.1,-3.38649,0.478294
496.58,-3.33383,0.491269
497.06,-3.28382,0.498627
497.54,-3.24035,0.504211
498.03,-3.20378,0.510519
498.51,-3.16973,0.518085
498.99,-3.13318,0.528494
499.47,-3.0928,0.544395
499.96,-3.05253,0.566761
500.44,-3.01792,0.591334
500.92,-2.99237,0.610172
501.4,-2.97359,0.61792
501.88,-2.9546,0.616956
502.37,-2.92694,0.615062
502.85,-2.88732,0.618568
503.33,-2.83942,0.626208
503.81,-2.79156,0.631792
504.29,-2.7508,0.631391
504.78,-2.71855,0.627794
505.26,-2.69252,0.628009
505.74,-2.66971,0.636344
506.22,-2.64771,0.651491
506.7,-2.62344,0.66849
507.19,-2.59211,0.682819
507.67,-2.55183,0.691855
508.15,-2.5073,0.69425
508.63,-2.46699,0.690224
509.12,-2.43585,0.682772
509.6,-2.41164,0.676822
510.08,-2.38801,0.675015
510.56,-2.36047,0.674823
511.04,-2.32858,0.670681
511.53,-2.29471,0.659307
512.01,-2.2612,0.643074
512.49,-2.23129,0.628331
512.97,-2.20912,0.620139
513.45,-2.19648,0.618288
513.94,-2.19011,0.618665
514.42,-2.1827,0.615864
514.9,-2.16841,0.607144
515.38,-2.14699,0.593447
515.86,-2.12264,0.578726
516.35,-2.09798,0.566753
516.83,-2.07122,0.558099
517.31,-2.03864,0.549392
517.79,-2.00065,0.536702
518.28,-1.96269,0.519476
518.76,-1.93102,0.501334
519.24,-1.90774,0.487015
519.72,-1.88908,0.478544
520.2,-1.86949,0.474969
520.69,-1.84479,0.475124
521.17,-1.81336,0.478108
521.65,-1.77572,0.482036
522.13,-1.7336,0.482409
522.61,-1.68982,0.475093
523.1,-1.64713,0.460472
523.58,-1.60633,0.444124
524.06,-1.5669,0.432527
524.54,-1.52831,0.428194
525.03,-1.49178,0.428798
525.51,-1.45828,0.430039
525.99,-1.42624,0.428688
526.47,-1.39184,0.423515
526.95,-1.35222,0.414888
527.44,-1.30875,0.405154
527.92,-1.26515,0.397744
528.4,-1.22307,0.394706
528.88,-1.18039,0.394497
529.36,-1.13394,0.392905
529.85,-1.0848,0.387792
530.33,-1.03822,0.381239
530.81,-0.999739,0.378037
531.29,-0.970213,0.381018
531.77,-0.94629,0.388974
532.26,-0.923837,0.398532
532.74,-0.899853,0.406968
533.22,-0.872041,0.412914
533.7,-0.837944,0.415713
534.19,-0.797172,0.415678
534.67,-0.753892,0.415209
535.15,-0.715139,0.418247
535.63,-0.685158,0.427372
536.11,-0.661888,0.441733
536.6,-0.638876,0.458131
537.08,-0.611379,0.474041
537.56,-0.579139,0.488734
538.04,-0.54453,0.502103
538.52,-0.508758,0.513283
539.01,-0.471486,0.522179
539.49,-0.433657,0.531193
539.97,-0.398512,0.544405
540.45,-0.369692,0.563503
540.93,-0.347931,0.585998
541.42,-0.330145,0.607072
541.9,-0.311342,0.623423
542.38,-0.287894,0.635151
542.86,-0.259487,0.644392
543.35,-0.229708,0.653531
543.83,-0.203658,0.664325
544.31,-0.184277,0.676853
544.79,-0.169306,0.688991
545.27,-0.152317,0.697077
545.76,-0.128629,0.699299
546.24,-0.0999364,0.698911
546.72,-0.0733345,0.702292
547.2,-0.0546274,0.71352
547.68,-0.0424335,0.730414
548.17,-0.0305633,0.74775
548.65,-0.0151612,0.762564
549.13,9.66E-04,0.77582
549.61,0.0123329,0.788247
550.1,0.017663,0.79738
550.58,0.0223426,0.799905
551.06,0.0337801,0.79668
551.54,0.052976,0.793096
552.02,0.0737682,0.793955
552.51,0.0883146,0.799229
552.99,0.0943285,0.806679
553.47,0.0962142,0.815744
553.95,0.0999715,0.828204
554.43,0.10872,0.843435
554.92,0.122717,0.856061
555.4,0.140778,0.860488
555.43,0.162615,0.85657
555.88,0.162611,0.856574
556.36,0.186958,0.849965
556.84,0.210825,0.846066
557.33,0.230874,0.845973
557.81,0.247005,0.847294
558.29,0.262264,0.847618
558.77,0.279675,0.846536
559.26,0.298352,0.843571
559.28,0.298992,0.843372
559.74,0.313726,0.838815
560.22,0.322036,0.833938
560.7,0.325029,0.832579
561.18,0.329303,0.837077
561.67,0.340949,0.845357
562.15,0.360906,0.851658
562.63,0.384403,0.851881
563.11,0.405404,0.84695
563.14,0.40645,0.84651
563.59,0.422184,0.839921
564.08,0.438193,0.831334
564.56,0.458834,0.819128
565.04,0.48694,0.802705
565.52,0.519395,0.786386
566.01,0.548012,0.777137
566.49,0.566103,0.778243
566.97,0.573488,0.786426
567,0.573748,0.786954
567.45,0.577605,0.795019
567.93,0.588862,0.799222
568.42,0.612849,0.799025
568.9,0.647758,0.795445
569.38,0.687566,0.787362
569.86,0.726307,0.773359
570.34,0.760292,0.755598
570.83,0.786596,0.741207
570.86,0.787616,0.741054
571.31,0.803013,0.738597
571.79,0.810178,0.750745
572.27,0.814947,0.771041
572.75,0.826919,0.788788
573.24,0.851423,0.796734
573.72,0.884911,0.796447
574.2,0.919877,0.79386
574.68,0.950619,0.794281
574.71,0.952368,0.794371
575.17,0.979558,0.795491
575.65,1.01086,0.792882
576.13,1.04708,0.78368
576.61,1.08553,0.771565
577.09,1.12058,0.765234
577.58,1.14912,0.770458
578.06,1.17029,0.787258
578.54,1.1857,0.80995
578.57,1.18647,0.811355
579.02,1.19798,0.833059
579.5,1.21236,0.850805
579.99,1.23616,0.858158
580.47,1.2734,0.851102
580.95,1.32119,0.829648
581.43,1.36915,0.803509
581.91,1.4067,0.789766
582.4,1.43115,0.798841
582.43,1.43221,0.80037
582.88,1.44808,0.824155
583.36,1.46652,0.846144
583.84,1.4925,0.849806
584.33,1.52706,0.83467
584.81,1.56735,0.812428
585.29,1.60822,0.799633
585.77,1.64415,0.805547
586.25,1.67117,0.828924
586.28,1.67228,0.830991
586.74,1.69032,0.860562
587.22,1.70471,0.89591
587.7,1.71984,0.931722
588.18,1.73969,0.963232
588.66,1.76575,0.984887
589.15,1.79695,0.994202
589.63,1.83102,0.993967
590.11,1.86675,0.988985
590.14,1.869,0.988742
590.59,1.90332,0.985451
591.08,1.94066,0.987008
591.56,1.98203,0.991131
592.04,2.03052,0.993926
592.52,2.08496,0.992485
593,2.13789,0.991126
593.49,2.18157,0.998707
593.97,2.21399,1.01923
594,2.21577,1.02075
594.45,2.24323,1.04294
594.93,2.27769,1.0557
595.41,2.32222,1.04748
595.9,2.37535,1.01887
596.38,2.43128,0.981617
596.86,2.48325,0.952688
597.34,2.52479,0.94724
597.82,2.55286,0.969428
597.85,2.55404,0.971903
598.31,2.57281,1.01242
598.79,2.59352,1.06243
599.27,2.62533,1.10823
599.75,2.67024,1.1446
600.24,2.72278,1.16808
600.72,2.77513,1.17982
601.2,2.82456,1.18363
601.68,2.87132,1.1899
601.71,2.87412,1.19114
602.16,2.91707,1.21242
602.65,2.95932,1.25699
603.13,2.99806,1.31621
603.61,3.03994,1.36838
604.09,3.09149,1.39312
604.57,3.15193,1.38614
605.06,3.21487,1.35939
605.54,3.27342,1.33389
605.57,3.2769,1.33312
606.02,3.32831,1.32894
606.5,3.38472,1.33925
606.98,3.44329,1.35922
607.47,3.49901,1.3852
607.95,3.54618,1.41163
608.43,3.58384,1.4411
608.91,3.61662,1.47624
609.4,3.65237,1.52013
609.43,3.65512,1.52311
609.88,3.69765,1.56542
610.36,3.75387,1.60725
610.84,3.82061,1.63882
611.32,3.89381,1.66014
611.81,3.9671,1.67701
612.29,4.02944,1.69966
612.77,4.07529,1.73179
613.25,4.10792,1.76916
613.28,4.10978,1.77169
613.73,4.13809,1.81497
614.22,4.17788,1.86462
614.7,4.23061,1.91758
615.18,4.28983,1.97332
615.66,4.34326,2.03022
616.15,4.3863,2.0833
616.63,4.42575,2.12359
617.11,4.47596,2.14129
617.14,4.4801,2.14092
617.59,4.54127,2.13986
618.07,4.61101,2.13654
618.56,4.66876,2.16305
619.04,4.70449,2.23542
619.52,4.72735,2.33094
620,4.75255,2.41749
620.48,4.79143,2.48035
620.97,4.84688,2.52761
621,4.85108,2.53034
621.45,4.9126,2.57397
621.93,4.98115,2.62604
622.41,5.04164,2.68189
622.89,5.08584,2.73858
623.38,5.11641,2.7952
623.86,5.14467,2.8503
624.34,5.18683,2.89954
624.82,5.24847,2.93914
624.85,5.25297,2.94115
625.31,5.3171,2.99186
625.79,5.37628,3.05671
626.27,5.41322,3.1479
626.75,5.42893,3.26085
627.23,5.43751,3.37281
627.72,5.45627,3.46539
628.2,5.49298,3.53247
628.68,5.54387,3.58808
628.71,5.54714,3.592
629.16,5.58931,3.65736
629.64,5.62249,3.74722
630.13,5.64239,3.85412
630.61,5.65749,3.95972
631.09,5.67764,4.05577
631.57,5.70365,4.14464
632.05,5.72797,4.23513
632.54,5.74599,4.33289
632.57,5.74695,4.33896
633.02,5.75077,4.43046
633.5,5.76221,4.52224
633.98,5.78497,4.60885
634.47,5.81345,4.69862
634.95,5.83792,4.79536
635.43,5.85336,4.90105
635.91,5.86156,5.01066
636.39,5.86885,5.1182
636.43,5.86978,5.12673
636.88,5.86749,5.22178
637.36,5.86903,5.31897
637.84,5.87083,5.41247
638.32,5.86765,5.5045
638.8,5.85661,5.59763
639.29,5.84019,5.69439
639.77,5.8256,5.7903
640.25,5.81931,5.88545
640.28,5.81949,5.8914
640.73,5.80597,5.98876
641.22,5.79402,6.09746
641.7,5.77732,6.20875
642.18,5.75078,6.32175
642.66,5.71521,6.4318
643.14,5.67551,6.53709
643.63,5.6365,6.6424
644.11,5.60284,6.74807
644.14,5.60109,6.75488
644.59,5.56076,6.86124
645.07,5.52117,6.97562
645.55,5.48086,7.0879
646.04,5.43678,7.19939
646.52,5.392,7.30749
647,5.34939,7.41623
647.48,5.31082,7.5269
647.96,5.27444,7.63952
648,5.27128,7.64898
648.45,5.24102,7.74939
648.93,5.20537,7.85664
649.41,5.16721,7.96306
649.89,5.12884,8.06938
650.38,5.09093,8.17918
650.86,5.05548,8.28891
651.34,5.02237,8.3986
651.82,4.99185,8.5052
651.85,4.99005,8.5116
652.3,4.98192,8.62547
652.79,4.97136,8.74825
653.27,4.95663,8.87193
653.75,4.93702,9.00159
654.23,4.91477,9.13606
654.71,4.89334,9.27204
655.2,4.875,9.4091
655.68,4.86131,9.54112
655.71,4.8607,9.54927
656.16,4.82313,9.76529
656.64,4.78425,9.99664
657.13,4.74212,10.2361
657.61,4.69579,10.4754
658.09,4.64387,10.7178
658.57,4.58893,10.9596
659.05,4.53491,11.1979
659.54,4.48331,11.4382
659.57,4.48033,11.4529
660.02,4.2686,11.7685
660.5,4.04271,12.1085
660.98,3.81489,12.4515
661.46,3.58401,12.7955
661.95,3.34448,13.1462
662.43,3.10546,13.4897
662.91,2.86262,13.8327
663.39,2.61815,14.1738
663.43,2.59781,14.202
663.87,2.10489,14.3917
664.36,1.55785,14.5998
664.84,1.02314,14.8027
665.32,0.488363,15.0064
665.8,-0.0474595,15.2111
666.29,-0.595246,15.4198
666.77,-1.13227,15.6233
667.25,-1.66909,15.8258
667.28,-1.70264,15.8384
667.73,-2.26023,15.6381
668.21,-2.85493,15.4238
668.7,-3.46143,15.2045
669.18,-4.05486,14.989
669.66,-4.64764,14.7727
670.14,-5.24023,14.5561
670.62,-5.83295,14.3393
671.11,-6.43818,14.1184
671.14,-6.47523,14.1049
671.59,-6.73418,13.6678
672.07,-7.0102,13.2018
672.55,-7.28611,12.736
673.03,-7.56193,12.2702
673.52,-7.84339,11.7945
674,-8.11905,11.3283
674.48,-8.39471,10.862
674.96,-8.67038,10.3956
675,-8.69335,10.3567
675.45,-8.69339,10.3567
678.85,-8.72278,7.1519
682.71,-7.94701,4.98137
686.57,-7.01897,3.59052
690.43,-6.19768,2.65246
694.28,-5.4745,2.00735
698.14,-4.83654,1.54977
702,-4.25706,1.2107
705.85,-3.76016,0.956634
709.71,-3.32683,0.759577
713.57,-2.92447,0.637892
717.43,-2.58609,0.553075
721.28,-2.28227,0.493516
725.14,-2.01105,0.4483
729,-1.7623,0.41459
732.85,-1.52931,0.391339
736.71,-1.32398,0.368108
740.57,-1.13694,0.348642
744.43,-0.966397,0.336592
748.28,-0.809547,0.325077
752.14,-0.679341,0.317932
756,-0.574281,0.311948
759.85,-0.478102,0.313315
763.71,-0.38096,0.315897
767.57,-0.287455,0.321181
771.43,-0.210791,0.332655
775.28,-0.141352,0.336415
779.14,-0.079016,0.34464
783,-0.0198415,0.36013
786.85,0.0520321,0.365192
790.71,0.123179,0.368613
794.57,0.173197,0.372932
798.43,0.21896,0.365841
802.28,0.269757,0.351488
806.14,0.309968,0.348107
810,0.341623,0.349366
813.85,0.37812,0.342988
817.71,0.418109,0.336576
821.57,0.458055,0.350592
825.43,0.520031,0.354424
829.28,0.606709,0.275754
833.14,0.676991,0.178562
837,0.733418,0.137567
840.85,0.799242,0.127144
844.71,0.868115,0.120523
848.57,0.922514,0.122061
852.43,0.946757,0.156117
856.28,0.96709,0.221244
860.14,1.0331,0.233539
864,1.0995,0.212054
867.85,1.12193,0.250694
871.71,1.13448,0.285392
875.57,1.16421,0.292807
879.43,1.2089,0.283562
883.28,1.24668,0.267588
887.14,1.26616,0.29378
891,1.2959,0.299341
894.85,1.34504,0.252269
898.71,1.37067,0.282135
902.57,1.38641,0.3559
906.43,1.42983,0.334538
910.28,1.46782,0.290715
914.14,1.48432,0.326353
918,1.5121,0.376859
921.85,1.55226,0.339356
925.71,1.58622,0.284661
929.57,1.60417,0.3202
933.43,1.64636,0.305942
937.28,1.67607,0.318563
941.14,1.70229,0.327312
945,1.72774,0.344366
948.85,1.74266,0.405991
952.71,1.76567,0.424532
956.57,1.78288,0.452808
960.43,1.80422,0.466461
964.28,1.83459,0.41343
968.14,1.86452,0.365158
972,1.88499,0.358604
975.85,1.89744,0.375378
979.71,1.91099,0.379873
983.57,1.93354,0.327453
987.42,1.95045,0.33165
991.28,1.96362,0.341488
995.14,1.97822,0.348517
999,2.0003,0.339009
1002.85,2.02798,0.356968
1006.71,2.06255,0.345161
1010.57,2.03952,0.566272
1014.42,2.08464,0.540752
1018.28,2.14815,0.4292
1022.14,2.1702,0.504536
1026,2.197,0.520981
1029.85,2.2068,0.551908
1033.71,2.22384,0.545998
1037.57,2.23537,0.545195
1041.42,2.26944,0.481775
1045.28,2.26666,0.592645
1049.14,2.24869,0.70805
1053,2.25846,0.735201
1056.85,2.29419,0.675202
1060.71,2.30866,0.677591
1064.57,2.33799,0.660571
1068.42,2.36423,0.674122
1072.28,2.3858,0.713864
1076.14,2.41539,0.717122
1080,2.44952,0.718058
1083.85,2.47932,0.746919
1087.71,2.49826,0.826788
1091.57,2.51567,0.94829
1095.42,2.56076,1.00068
1099.28,2.6087,1.07478
1103.14,2.65535,1.1993
1107,2.73017,1.23544
1110.85,2.79023,1.1962
1114.71,2.77543,1.17048
1118.57,2.69173,1.14132
1122.42,2.64263,0.912919
1126.28,2.57953,0.756475
1130.14,2.56477,0.554063
1134,2.54092,0.52612
1137.85,2.52955,0.485602
1141.71,2.51817,0.475465
1145.57,2.51349,0.484049
1149.42,2.51065,0.497959
1153.28,2.52084,0.441388
1157.14,2.51622,0.498411
1161,2.52171,0.512741
1164.85,2.53766,0.488302
1168.71,2.5428,0.517767
1172.57,2.54783,0.539174
1176.42,2.55495,0.558382
1180.28,2.56496,0.568101
1184.14,2.57621,0.551569
1188,2.58427,0.552135
1191.85,2.59147,0.565582
1195.71,2.59619,0.58653
1199.57,2.60355,0.581655
1203.42,2.61446,0.544222
1207.28,2.61357,0.57772
1211.14,2.60233,0.69119
1215,2.60186,0.734653
1218.85,2.61439,0.714961
1222.71,2.62988,0.685035
1226.57,2.63832,0.652879
1230.42,2.64323,0.637082
1234.28,2.65312,0.621659
1238.14,2.67441,0.568494
1242,2.70006,0.516633
1245.85,2.71766,0.608387
1249.71,2.76138,0.672526
1253.57,2.81615,0.717722
1257.42,2.88852,0.717037
1261.28,2.93127,0.914718
1265.14,2.96277,0.935706
1269,2.88244,0.835702
1272.85,2.78386,0.682896
1276.71,2.74339,0.624193
1280.57,2.74624,0.5758
1284.42,2.75291,0.548578
1288.28,2.75434,0.600737
1292.14,2.75403,0.658038
1296,2.75897,0.682261
1299.85,2.75911,0.720172
1303.71,2.75961,0.762221
1307.57,2.76464,0.772811
1311.42,2.77626,0.756496
1315.28,2.78372,0.762925
1319.14,2.78794,0.789465
1323,2.79498,0.807858
1326.85,2.79991,0.828708
1330.71,2.80374,0.851837
1334.57,2.79929,0.893736
1338.42,2.79162,0.933313
1342.28,2.78226,0.981046
1346.14,2.77108,1.02617
1350,2.76102,1.05651
1353.85,2.74679,1.08916
1357.71,2.72537,1.12829
1361.57,2.70826,1.15041
1365.42,2.70153,1.15679
1369.28,2.69337,1.16286
1373.14,2.67639,1.18716
1377,2.65597,1.23252
1380.85,2.64042,1.28069
1384.71,2.62725,1.31647
1388.57,2.6147,1.34708
1392.42,2.59822,1.40557
1396.28,2.5868,1.4521
1400.14,2.57782,1.47764
1403.99,2.56651,1.50234
1407.85,2.56029,1.52759
1411.71,2.55836,1.54865
1415.57,2.55844,1.56897
1419.42,2.55781,1.57988
1423.28,2.55521,1.58649
1427.14,2.55169,1.59075
1430.99,2.54666,1.6082
1434.85,2.54442,1.63138
1438.71,2.5517,1.62373
1442.57,2.55875,1.61491
1446.42,2.5577,1.63637
1450.28,2.55295,1.65743
1454.14,2.55013,1.65909
1457.99,2.55289,1.64813
1461.85,2.55767,1.64708
1465.71,2.55735,1.66169
1469.57,2.55057,1.67689
1473.42,2.54346,1.68627
1477.28,2.53665,1.69684
1481.14,2.53341,1.70048
1484.99,2.53248,1.70902
1488.85,2.5265,1.7353
1492.71,2.51513,1.7541
1496.57,2.50213,1.77702
1500.42,2.48993,1.80658
1504.28,2.47631,1.83277
1508.14,2.45323,1.87197
1511.99,2.4268,1.90002
1515.85,2.41122,1.91035
1519.71,2.40474,1.92352
1523.57,2.39163,1.9582
1527.42,2.37436,1.99628
1531.28,2.36319,2.01706
1535.14,2.35695,2.02537
1538.99,2.35101,2.03889
1542.85,2.34497,2.05397
1546.71,2.33788,2.06864
1550.57,2.33284,2.0786
1554.42,2.32899,2.08853
1558.28,2.32364,2.09889
1562.14,2.31695,2.11037
1565.99,2.30685,2.12617
1569.85,2.29832,2.13553
1573.71,2.29031,2.14743
1577.57,2.2843,2.15558
1581.42,2.27939,2.16299
1585.28,2.27382,2.17088
1589.14,2.27332,2.17598
1592.99,2.27785,2.18169
1596.85,2.28618,2.16775
1600.71,2.29014,2.16062
1604.57,2.29209,2.16404
1608.42,2.30155,2.15708
1612.28,2.31508,2.14568
1616.14,2.32788,2.13084
1619.99,2.34291,2.11439
1623.85,2.36695,2.08986
1627.71,2.39939,2.05683
1631.57,2.42756,2.03369
1635.42,2.44696,2.01968
1639.28,2.46533,1.99643
1643.14,2.49073,1.96493
1646.99,2.51974,1.93713
1650.85,2.54766,1.90579
1654.71,2.57093,1.87663
1658.57,2.58708,1.86182
1662.42,2.60142,1.85255
1666.28,2.61745,1.83859
1670.14,2.62517,1.83342
1673.99,2.62066,1.84555
1677.85,2.61205,1.86106
1681.71,2.60009,1.88091
1685.57,2.58226,1.90748
1689.42,2.55375,1.95351
1693.28,2.52167,2.0024
1697.14,2.49717,2.03374
1700.99,2.47761,2.06063
1704.85,2.45572,2.09438
1708.71,2.43556,2.11196
1712.57,2.42108,2.12142
1716.42,2.40897,2.13392
1720.28,2.40337,2.13473
1724.14,2.40129,2.13723
1727.99,2.39823,2.13868
1731.85,2.39358,2.14551
1735.71,2.38533,2.16023
1739.57,2.37959,2.16462
1743.42,2.37798,2.16093
1747.28,2.37788,2.16061
1751.14,2.38103,2.15531
1754.99,2.38276,2.14912
1758.85,2.38103,2.15169
1762.71,2.38208,2.15538
1766.57,2.38513,2.15891
1770.42,2.38952,2.15808
1774.28,2.39522,2.14601
1778.14,2.39969,2.13502
1781.99,2.40461,2.12798
1785.85,2.40687,2.12708
1789.71,2.40639,2.13298
1793.56,2.40849,2.13454
1797.42,2.41583,2.13083
1801.28,2.42241,2.12439
1805.14,2.42498,2.12037
1808.99,2.42752,2.11614
1812.85,2.43224,2.11463
1816.71,2.43668,2.1136
1820.56,2.44072,2.10584
1824.42,2.44455,2.10023
1828.28,2.44881,2.09611
1832.14,2.45455,2.09415
1835.99,2.4603,2.09404
1839.85,2.46335,2.08964
1843.71,2.46385,2.08765
1847.56,2.46576,2.08829
1851.42,2.47224,2.08161
1855.28,2.47825,2.07281
1859.14,2.4804,2.06814
1862.99,2.48066,2.06817
1866.85,2.48217,2.07103
1870.71,2.48712,2.06827
1874.56,2.49134,2.06395
1878.42,2.49632,2.05909
1882.28,2.50527,2.0472
1886.14,2.51386,2.03819
1889.99,2.51752,2.03174
1893.85,2.5176,2.02764
1897.71,2.52077,2.02634
1901.56,2.52564,2.02826
1905.42,2.52951,2.02503
1909.28,2.53203,2.01876
1913.14,2.53508,2.01406
1916.99,2.54113,2.00985
1920.85,2.54612,2.0101
1924.71,2.55054,2.00854
1928.56,2.55413,2.00636
1932.42,2.55791,2.00296
1936.28,2.56194,1.99919
1940.14,2.56721,1.99472
1943.99,2.56948,1.99468
1947.85,2.5726,1.99475
1951.71,2.57778,1.98951
1955.56,2.58139,1.98203
1959.42,2.58491,1.97586
1963.28,2.5906,1.96987
1967.14,2.59587,1.96645
1970.99,2.60064,1.96388
1974.85,2.60485,1.95646
1978.71,2.61132,1.94208
1982.56,2.61941,1.93236
1986.42,2.625,1.93097
1990.28,2.62802,1.92804
1994.14,2.63047,1.92455
1997.99,2.63602,1.91837
2001.85,2.64071,1.91739
2005.71,2.646,1.91735
2009.56,2.65067,1.91412
2013.42,2.65483,1.90716
2017.28,2.65827,1.90326
2021.14,2.6646,1.90022
2024.99,2.67397,1.89383
2028.85,2.68089,1.88274
2032.71,2.68431,1.87324
2036.56,2.68969,1.87028
2040.42,2.6966,1.87427
2044.28,2.70132,1.87687
2048.14,2.70571,1.87087
2051.99,2.70892,1.86661
2055.85,2.71161,1.86486
2059.71,2.71779,1.85495
2063.56,2.72482,1.84526
2067.42,2.72911,1.84428
2071.28,2.73074,1.84139
2075.14,2.73069,1.83705
2078.99,2.73266,1.83131
2082.85,2.73665,1.83189
2086.71,2.74402,1.82706
2090.56,2.74858,1.81591
2094.42,2.7475,1.80914
2098.28,2.74906,1.80069
2102.14,2.75754,1.79277
2105.99,2.76691,1.79331
2109.85,2.76803,1.79891
2113.71,2.76226,1.80626
2117.56,2.76192,1.80795
2121.42,2.77437,1.80082
2125.28,2.7888,1.78893
2129.14,2.79056,1.77974
2132.99,2.78627,1.77675
2136.85,2.78835,1.77528
2140.71,2.79896,1.77197
2144.56,2.80939,1.7662
2148.42,2.81346,1.7572
2152.28,2.81337,1.75531
2156.14,2.81553,1.75639
2159.99,2.82228,1.75382
2163.85,2.82997,1.75163
2167.71,2.83475,1.7453
2171.56,2.83734,1.73396
2175.42,2.84217,1.7228
2179.28,2.84706,1.72057
2183.13,2.84978,1.72658
2186.99,2.85226,1.72944
2190.85,2.8511,1.7298
2194.71,2.84943,1.72215
2198.56,2.85199,1.71164
2202.42,2.85813,1.70952
2206.28,2.86548,1.70634
2210.13,2.86563,1.70157
2213.99,2.85639,1.70333
2217.85,2.85199,1.70289
2221.71,2.85794,1.70205
2225.56,2.86212,1.70861
2229.42,2.85662,1.7106
2233.28,2.85061,1.70256
2237.13,2.8537,1.69385
2240.99,2.86545,1.68552
2244.85,2.87251,1.67932
2248.71,2.86848,1.67534
2252.56,2.86451,1.67078
2256.42,2.87275,1.66353
2260.28,2.88455,1.66137
2264.13,2.8888,1.66069
2267.99,2.88949,1.65251
2271.85,2.89131,1.64809
2275.71,2.89867,1.65086
2279.56,2.90733,1.65172
2283.42,2.90883,1.65885
2287.28,2.90796,1.66281
2291.13,2.91232,1.65228
2294.99,2.91884,1.64543
2298.85,2.92423,1.64276
2302.71,2.92804,1.63832
2306.56,2.93225,1.63378
2310.42,2.93672,1.623
2314.28,2.93929,1.61008
2318.13,2.94128,1.60844
2321.99,2.94455,1.61616
2325.85,2.95157,1.59988
2329.71,2.95465,1.57656
2333.56,2.95104,1.57772
2337.42,2.95636,1.56816
2341.28,2.9655,1.57172
2345.13,2.9664,1.58487
2348.99,2.95988,1.58567
2352.85,2.9572,1.57705
2356.71,2.96919,1.56621
2360.56,2.98441,1.56189
2364.42,2.98451,1.56836
2368.28,2.97625,1.57581
2372.13,2.98177,1.561
2375.99,2.99578,1.55066
2379.85,3.00291,1.55707
2383.71,2.9981,1.56701
2387.56,2.99249,1.57044
2391.42,2.99958,1.56159
2395.28,3.01461,1.54692
2399.13,3.02465,1.53353
2402.99,3.02397,1.52642
2406.85,3.02397,1.51304
2410.71,3.02915,1.50236
2414.56,3.03068,1.51316
2418.42,3.02823,1.52754
2422.28,3.02396,1.53676
2426.13,3.02206,1.52762
2429.99,3.01945,1.51829
2433.85,3.0171,1.51473
2437.71,3.01742,1.51851
2441.56,3.01815,1.52172
2445.42,3.01355,1.51714
2449.28,3.0035,1.51755
2453.13,2.99997,1.51978
2456.99,3.00879,1.52246
2460.85,3.01453,1.52828
2464.71,3.00931,1.52083
2468.56,3.0029,1.50246
2472.42,3.00862,1.49418
2476.28,3.02137,1.49592
2480.13,3.02208,1.50309
2483.99,3.01061,1.5048
2487.85,3.00681,1.49387
2491.71,3.02071,1.49013
2495.56,3.03838,1.49507
2499.42,3.04297,1.49182
2503.28,3.0405,1.48185
2507.13,3.0484,1.47161
2510.99,3.067,1.46733
2514.85,3.08238,1.46651
2518.71,3.08347,1.47502
2522.56,3.08073,1.47431
2526.42,3.08453,1.46387
2530.28,3.09415,1.45695
2534.13,3.10113,1.46013
2537.99,3.10379,1.46627
2541.85,3.10839,1.4517
2545.71,3.11254,1.4365
2549.56,3.10909,1.4479
2553.42,3.1097,1.45415
2557.28,3.11832,1.44541
2561.13,3.11492,1.45182
2564.99,3.09605,1.47289
2568.85,3.08037,1.48761
2572.7,3.08698,1.48653
2576.56,3.09713,1.48912
2580.42,3.09152,1.47764
2584.28,3.07385,1.46513
2588.13,3.06792,1.4657
2591.99,3.08605,1.45658
2595.85,3.09945,1.44255
2599.7,3.08718,1.43216
2603.56,3.06999,1.43096
2607.42,3.07513,1.43359
2611.28,3.09303,1.43568
2615.13,3.09139,1.44125
2618.99,3.07307,1.44363
2622.85,3.07124,1.42615
2626.7,3.09058,1.40763
2630.56,3.10291,1.41795
2634.42,3.09556,1.43783
2638.28,3.08774,1.42382
2642.13,3.0964,1.40717
2645.99,3.11043,1.41035
2649.85,3.11799,1.40171
2653.7,3.11641,1.40387
2657.56,3.1201,1.39388
2661.42,3.1282,1.38666
2665.28,3.13823,1.35597
2669.13,3.14245,1.34067
2672.99,3.14467,1.34925
2676.85,3.15106,1.3283
2680.7,3.1451,1.33616
2684.56,3.13451,1.36651
2688.42,3.14896,1.33487
2692.28,3.16833,1.31922
2696.13,3.17352,1.3067
2699.99,3.15816,1.31272
2703.85,3.15839,1.29151
2707.7,3.18203,1.26944
2711.56,3.19293,1.3039
2715.42,3.18476,1.31099
2719.28,3.16292,1.34108
2723.13,3.15944,1.36883
2726.99,3.17969,1.37386
2730.85,3.18863,1.36628
2734.7,3.16877,1.37828
2738.56,3.15805,1.38342
2742.42,3.18117,1.35713
2746.28,3.20834,1.31964
2750.13,3.20556,1.3014
2753.99,3.18379,1.31777
2757.85,3.18173,1.32335
2761.7,3.20075,1.30533
2765.56,3.20995,1.29601
2769.42,3.19899,1.31156
2773.28,3.19204,1.30517
2777.13,3.19932,1.28332
2780.99,3.20535,1.27409
2784.85,3.20299,1.27946
2788.7,3.18994,1.325
2792.56,3.18706,1.31884
2796.42,3.17753,1.32646
2800.28,3.16801,1.34404
2804.13,3.17014,1.34981
2807.99,3.17207,1.35481
2811.85,3.16174,1.35255
2815.7,3.14599,1.3548
2819.56,3.14673,1.34523
2823.42,3.16086,1.34476
2827.28,3.16722,1.35197
2831.13,3.15382,1.34706
2834.99,3.1459,1.33398
2838.85,3.16133,1.33034
2842.7,3.18144,1.34491
2846.56,3.18547,1.33345
2850.42,3.17802,1.32654
2854.28,3.17808,1.33751
2858.13,3.19455,1.32749
2861.99,3.20582,1.30701
2865.85,3.18904,1.34729
2869.7,3.17853,1.36066
2873.56,3.19554,1.31166
2877.42,3.21199,1.28679
2881.28,3.21338,1.30927
2885.13,3.21119,1.3392
2888.99,3.21976,1.33007
2892.85,3.23201,1.3018
2896.7,3.23926,1.28082
2900.56,3.2388,1.29315
2904.42,3.24184,1.29751
2908.28,3.24301,1.27967
2912.13,3.243,1.27521
2915.99,3.25035,1.28853
2919.85,3.25968,1.26996
2923.7,3.26303,1.25027
2927.56,3.2566,1.26204
2931.42,3.24132,1.30795
2935.28,3.23472,1.32122
2939.13,3.23168,1.31199
2942.99,3.23297,1.32166
2946.85,3.2442,1.32529
2950.7,3.27506,1.2744
2954.56,3.31323,1.24087
2958.42,3.33619,1.24427
2962.27,3.33971,1.2469
2966.13,3.32262,1.2642
2969.99,3.30926,1.22574
2973.85,3.2896,1.23379
2977.7,3.26596,1.29901
2981.56,3.24947,1.33559
2985.42,3.25056,1.2964
2989.27,3.25516,1.2583
2993.13,3.27074,1.19555
2996.99,3.27327,1.20994
3000.85,3.26786,1.23955
3004.7,3.2676,1.21776
3008.56,3.27059,1.19955
3012.42,3.26887,1.21886
3016.27,3.26543,1.24369
3020.13,3.27024,1.23429
3023.99,3.27091,1.23201
3027.85,3.26901,1.23163
3031.7,3.2731,1.21937
3035.56,3.27356,1.23273
3039.42,3.27271,1.2598
3043.27,3.27637,1.24687
3047.13,3.2822,1.21523
3050.99,3.2814,1.2155
3054.85,3.26962,1.25034
3058.7,3.27001,1.24272
3062.56,3.27765,1.22104
3066.42,3.27245,1.25605
3070.27,3.27443,1.25446
3074.13,3.27813,1.2377
3077.99,3.28175,1.23311
3081.85,3.27712,1.24886
3085.7,3.27573,1.23939
3089.56,3.28516,1.22132
3093.42,3.28857,1.22725
3097.27,3.28486,1.23074
3101.13,3.27704,1.25686
3104.99,3.27777,1.2694
3108.85,3.28137,1.25476
3112.7,3.27797,1.25651
3116.56,3.27823,1.25833
3120.42,3.27819,1.25729
3124.27,3.28339,1.2384
3128.13,3.29076,1.22059
3131.99,3.29139,1.23304
3135.85,3.29274,1.2319
3139.7,3.29252,1.2374
3143.56,3.29031,1.24776
3147.42,3.28722,1.26043
3151.27,3.28641,1.24927
3155.13,3.29531,1.20828
3158.99,3.30059,1.20199
3162.85,3.28992,1.24394
3166.7,3.29469,1.21805
3170.56,3.30701,1.17498
3174.42,3.30352,1.17953
3178.27,3.29755,1.19524
3182.13,3.29413,1.22328
3185.99,3.31135,1.15961
3189.85,3.31215,1.15269
3193.7,3.29536,1.22439
3197.56,3.28737,1.27216
3201.42,3.28966,1.26702
3205.27,3.30085,1.22124
3209.13,3.30224,1.21627
3212.99,3.29084,1.26686
3216.85,3.29148,1.26789
3220.7,3.29393,1.25614
3224.56,3.29693,1.2467
3228.42,3.30324,1.20838
3232.27,3.31063,1.16545
3236.13,3.30559,1.18959
3239.99,3.29224,1.25115
3243.85,3.29032,1.25035
3247.7,3.29412,1.22639
3251.56,3.30206,1.20656
3255.42,3.30498,1.21875
3259.27,3.29754,1.24943
3263.13,3.2972,1.2672
3266.99,3.29957,1.26458
3270.85,3.3128,1.20649
3274.7,3.32576,1.15062
3278.56,3.32211,1.17286
3282.42,3.30838,1.23258
3286.27,3.30572,1.25317
3290.13,3.30783,1.27686
3293.99,3.32402,1.24166
3297.85,3.33468,1.23585
3301.7,3.35243,1.29518
3305.56,3.36335,1.32936
3309.42,3.33923,1.36154
3313.27,3.3427,1.28021
3317.13,3.33945,1.24118
3320.99,3.34601,1.16262
3324.85,3.34637,1.13337
3328.7,3.33897,1.16669
3332.56,3.32764,1.19877
3336.42,3.32186,1.19206
3340.27,3.3295,1.1588
3344.13,3.33158,1.15801
3347.99,3.32261,1.1959
3351.84,3.32132,1.17846
3355.7,3.33061,1.14402
3359.56,3.32291,1.19784
3363.42,3.30805,1.25241
3367.27,3.31366,1.233
3371.13,3.32843,1.19483
3374.99,3.33181,1.19195
3378.84,3.33234,1.19421
3382.7,3.33301,1.19485
3386.56,3.33544,1.17958
3390.42,3.33163,1.1887
3394.27,3.3312,1.19617
3398.13,3.3374,1.1715
3401.99,3.33569,1.16575
3405.84,3.33731,1.17445
3409.7,3.33485,1.20697
3413.56,3.34175,1.18676
3417.42,3.34679,1.14562
3421.27,3.33819,1.15757
3425.13,3.32876,1.2166
3428.99,3.33858,1.19311
3432.84,3.34902,1.13672
3436.7,3.34695,1.15733
3440.56,3.34153,1.19232
3444.42,3.33974,1.19391
3448.27,3.34464,1.16694
3452.13,3.34031,1.17423
3455.99,3.34024,1.18025
3459.84,3.34844,1.15253
3463.7,3.35593,1.12813
3467.56,3.34877,1.1589
3471.42,3.3359,1.20314
3475.27,3.33618,1.20667
3479.13,3.34076,1.22245
3482.99,3.34629,1.21639
3486.84,3.34789,1.19892
3490.7,3.34544,1.20109
3494.56,3.35508,1.14173
3498.42,3.35931,1.12574
3502.27,3.36226,1.14972
3506.13,3.36306,1.14777
3509.99,3.35921,1.13669
3513.84,3.35297,1.14681
3517.7,3.35907,1.13556
3521.56,3.35916,1.15218
3525.42,3.35009,1.18995
3529.27,3.34591,1.21657
3533.13,3.34445,1.24562
3536.99,3.35594,1.21591
3540.84,3.36596,1.17345
3544.7,3.36254,1.18021
3548.56,3.36111,1.19342
3552.42,3.36746,1.16313
3556.27,3.36455,1.16383
3560.13,3.3584,1.17882
3563.99,3.35658,1.1678
3567.84,3.35985,1.17047
3571.7,3.36762,1.16262
3575.56,3.36669,1.15105
3579.42,3.36548,1.13696
3583.27,3.36503,1.13867
3587.13,3.36792,1.14088
3590.99,3.37366,1.13756
3594.84,3.37743,1.14136
3598.7,3.3761,1.14552
3602.56,3.37554,1.12918
3606.42,3.37063,1.12854
3610.27,3.37869,1.1049
3614.13,3.37465,1.12913
3617.99,3.36982,1.13057
3621.84,3.37669,1.09581
3625.7,3.38652,1.06884
3629.56,3.39171,1.04669
3633.42,3.39272,1.03439
3637.27,3.38598,1.06815
3641.13,3.37887,1.12828
3644.99,3.37817,1.14829
3648.84,3.38221,1.12259
3652.7,3.37358,1.15244
3656.56,3.37077,1.16405
3660.42,3.37471,1.16767
3664.27,3.37492,1.17971
3668.13,3.37837,1.16456
3671.99,3.38425,1.13348
3675.84,3.39012,1.11771
3679.7,3.38321,1.15861
3683.56,3.38229,1.17521
3687.42,3.38743,1.16666
3691.27,3.39006,1.15294
3695.13,3.39388,1.13238
3698.99,3.39546,1.13519
3702.84,3.39515,1.1544
3706.7,3.39754,1.17854
3710.56,3.40265,1.16024
3714.42,3.40998,1.101
3718.27,3.4092,1.10353
3722.13,3.41074,1.11364
3725.99,3.41826,1.09152
3729.84,3.42908,1.07703
3733.7,3.43178,1.08302
3737.56,3.42729,1.07489
3741.41,3.41867,1.09578
3745.27,3.4157,1.11362
3749.13,3.41788,1.11319
3752.99,3.41788,1.12387
3756.84,3.42046,1.14888
3760.7,3.42938,1.12668
3764.56,3.4311,1.103
3768.41,3.43396,1.07703
3772.27,3.43304,1.08536
3776.13,3.42027,1.1497
3779.99,3.41234,1.18056
3783.84,3.41728,1.1603
3787.7,3.42015,1.1555
3791.56,3.41557,1.1697
3795.41,3.42037,1.13986
3799.27,3.42478,1.13579
3803.13,3.42625,1.13864
3806.99,3.42629,1.13754
3810.84,3.43029,1.13241
3814.7,3.42802,1.1444
3818.56,3.42921,1.11728
3822.41,3.43888,1.08556
3826.27,3.44013,1.10623
3830.13,3.43706,1.10874
3833.99,3.43494,1.11015
3837.84,3.43325,1.11697
3841.7,3.4334,1.10113
3845.56,3.43225,1.09693
3849.41,3.43361,1.10579
3853.27,3.43769,1.1055
3857.13,3.43648,1.10757
3860.99,3.43271,1.10128
3864.84,3.44531,1.0563
3868.7,3.44633,1.07504
3872.56,3.43711,1.12841
3876.41,3.43332,1.1534
3880.27,3.43568,1.14333
3884.13,3.44353,1.08834
3887.99,3.45301,1.04908
3891.84,3.45471,1.07557
3895.7,3.44761,1.12038
3899.56,3.44466,1.12968
3903.41,3.45715,1.05991
3907.27,3.46385,1.00963
3911.13,3.4581,1.02914
3914.99,3.4513,1.06295
3918.84,3.45467,1.07115
3922.7,3.45598,1.0811
3926.56,3.44801,1.09721
3930.41,3.44435,1.10078
3934.27,3.44456,1.10818
3938.13,3.44634,1.11059
3941.99,3.45228,1.07794
3945.84,3.45795,1.04374
3949.7,3.44992,1.08666
3953.56,3.44678,1.08336
3957.41,3.45431,1.06114
3961.27,3.45791,1.08285
3965.13,3.45435,1.08859
3968.99,3.4493,1.09237
3972.84,3.44764,1.10275
3976.7,3.44023,1.1589
3980.56,3.43841,1.17604
3984.41,3.4533,1.10344
3988.27,3.46134,1.07285
3992.13,3.45758,1.07953
3995.99,3.45267,1.1069
3999.84,3.45737,1.09506
4003.7,3.45591,1.09982
4007.56,3.45344,1.09514
4011.41,3.45548,1.09708
4015.27,3.45551,1.11757
4019.13,3.45477,1.11992
4022.99,3.4644,1.06315
4026.84,3.46987,1.03679
4030.7,3.4591,1.07809
4034.56,3.45396,1.1019
4038.41,3.4603,1.10194
4042.27,3.46393,1.09903
4046.13,3.45734,1.1049
4049.99,3.45159,1.11207
4053.84,3.45911,1.09388
4057.7,3.47202,1.03725
4061.56,3.47248,1.02584
4065.41,3.47063,1.06017
4069.27,3.47504,1.05921
4073.13,3.48008,1.01823
4076.99,3.47793,0.998166
4080.84,3.47396,1.0128
4084.7,3.47703,1.0168
4088.56,3.48341,0.99663
4092.41,3.48845,0.988188
4096.27,3.48376,1.01283
4100.13,3.47524,1.0345
4103.99,3.47724,1.04979
4107.84,3.48205,1.04414
4111.7,3.47851,1.05419
4115.56,3.47887,1.05072
4119.41,3.48727,1.01121
4123.27,3.4866,1.01435
4127.13,3.48007,1.03911
4130.99,3.48695,1.01101
4134.84,3.49257,1.01503
4138.7,3.48248,1.07396
4142.56,3.4761,1.08302
4146.41,3.48259,1.08586
4150.27,3.48753,1.08244
4154.13,3.48729,1.04596
4157.98,3.48305,1.07555
4161.84,3.47984,1.12071
4165.7,3.47763,1.10228
4169.56,3.47644,1.07815
4173.41,3.48244,1.07243
4177.27,3.48782,1.05382
4181.13,3.48895,1.02953
4184.98,3.48223,1.07244
4188.84,3.48308,1.06993
4192.7,3.48454,1.05401
4196.56,3.48125,1.08261
4200.41,3.48219,1.10674
4204.27,3.48359,1.08573
4208.13,3.48096,1.06634
4211.98,3.48939,1.02803
4215.84,3.49627,1.02211
4219.7,3.49448,1.02832
4223.56,3.48996,1.0268
4227.41,3.49027,1.01758
4231.27,3.49198,1.02667
4235.13,3.48813,1.05818
4238.98,3.48662,1.07534
4242.84,3.48691,1.07429
4246.7,3.4873,1.06969
4250.56,3.48778,1.06892
4254.41,3.48888,1.08568
4258.27,3.49355,1.06066
4262.13,3.49968,1.00729
4265.98,3.51407,0.933166
4269.84,3.51216,0.940177
4273.7,3.50111,0.991753
4277.56,3.49534,1.04548
4281.41,3.48757,1.10998
4285.27,3.48715,1.1127
4289.13,3.49101,1.0739
4292.98,3.50811,0.997574
4296.84,3.52067,0.951524
4300.7,3.51308,0.984026
4304.56,3.50699,1.00139
4308.41,3.50779,1.02253
4312.27,3.49949,1.09204
4316.13,3.49438,1.11052
4319.98,3.50395,1.04976
4323.84,3.50342,1.06291
4327.7,3.50441,1.0331
4331.56,3.50798,0.988589
4335.41,3.51054,0.992372
4339.27,3.50586,1.04068
4343.13,3.50507,1.03661
4346.98,3.50396,1.03231
4350.84,3.49559,1.07764
4354.7,3.50289,1.0331
4358.56,3.50393,1.02552
4362.41,3.50564,1.02909
4366.27,3.5084,1.01222
4370.13,3.51004,0.987158
4373.98,3.51352,1.0094
4377.84,3.51468,1.01756
4381.7,3.51236,1.01873
4385.56,3.50609,1.04006
4389.41,3.50601,1.03392
4393.27,3.50658,1.02944
4397.13,3.51198,0.999186
4400.98,3.52502,0.947143
4404.84,3.52192,0.983614
4408.7,3.51495,1.01411
4412.56,3.52008,0.991404
4416.41,3.51903,1.02739
4420.27,3.51093,1.07609
4424.13,3.50084,1.09262
4427.98,3.50415,1.06836
4431.84,3.51716,1.02492
4435.7,3.51771,0.999707
4439.56,3.52112,0.969368
4443.41,3.52712,0.978126
4447.27,3.51579,1.03724
4451.13,3.50324,1.07427
4454.98,3.50847,1.05567
4458.84,3.51508,1.04286
4462.7,3.52004,0.996101
4466.56,3.51442,1.00719
4470.41,3.51758,1.02918
4474.27,3.52472,1.00219
4478.13,3.52762,0.966819
4481.98,3.52714,0.995536
4485.84,3.52175,1.03628
4489.7,3.51693,1.03398
4493.56,3.5208,1.00221
4497.41,3.52149,1.01909
4501.27,3.52671,0.98645
4505.13,3.53063,0.977903
4508.98,3.53606,0.974802
4512.84,3.53608,0.975568
4516.7,3.53082,0.969873
4520.56,3.52915,0.950072
4524.41,3.52335,1.01354
4528.27,3.51743,1.03972
4532.13,3.51773,1.02272
4535.98,3.5307,0.954787
4539.84,3.53186,0.95146
4543.7,3.52399,1.0049
4547.55,3.52428,1.03588
4551.41,3.53752,0.981925
4555.27,3.53442,0.98509
4559.13,3.53158,0.981045
4562.98,3.53441,0.970684
4566.84,3.53353,0.974456
4570.7,3.52525,1.02472
4574.55,3.52152,1.06771
4578.41,3.52274,1.07496
4582.27,3.52515,1.03146
4586.13,3.52998,0.992282
4589.98,3.53529,0.991186
4593.84,3.53172,1.02463
4597.7,3.52375,1.05016
4601.55,3.53115,1.00994
4605.41,3.54079,0.969352
4609.27,3.5367,0.992299
4613.13,3.53368,1.00768
4616.98,3.53629,1.00232
4620.84,3.54753,0.953134
4624.7,3.5434,0.957098
4628.55,3.5365,0.98872
4632.41,3.5469,0.938458
4636.27,3.54056,0.957571
4640.13,3.54566,0.927779
4643.98,3.55161,0.916198
4647.84,3.53276,1.02715
4651.7,3.52525,1.06775
4655.55,3.54074,1.00857
4659.41,3.53743,1.04096
4663.27,3.53087,1.03848
4667.13,3.53032,1.00796
4670.98,3.53157,1.02613
4674.84,3.53455,1.02613
4678.7,3.53893,0.988104
4682.55,3.54438,0.962589
4686.41,3.54859,0.963402
4690.27,3.54707,0.975725
4694.13,3.54425,0.97826
4697.98,3.54719,0.985493
4701.84,3.54939,0.975121
4705.7,3.55451,0.936021
4709.55,3.55694,0.933155
4713.41,3.5602,0.894756
4717.27,3.55841,0.87483
4721.13,3.55323,0.924761
4724.98,3.54762,0.99769
4728.84,3.54903,0.985218
4732.7,3.55413,0.928735
4736.55,3.54832,0.969592
4740.41,3.5412,1.01643
4744.27,3.54219,0.999554
4748.13,3.54964,0.971155
4751.98,3.54729,1.00467
4755.84,3.54443,1.02223
4759.7,3.54414,1.00364
4763.55,3.54971,0.984541
4767.41,3.55773,0.957442
4771.27,3.54852,0.98518
4775.13,3.54946,0.990955
4778.98,3.54912,1.04001
4782.84,3.53964,1.08694
4786.7,3.5395,1.06381
4790.55,3.5508,1.03233
4794.41,3.54982,1.03842
4798.27,3.54756,1.01384
4802.13,3.55353,0.973394
4805.98,3.56512,0.941742
4809.84,3.55817,0.989649
4813.7,3.55145,0.994112
4817.55,3.56324,0.92728
4821.41,3.56448,0.934641
4825.27,3.55684,0.9727
4829.13,3.56184,0.958889
4832.98,3.55799,1.01825
4836.84,3.55388,1.01767
4840.7,3.55999,0.918636
4844.55,3.56653,0.901723
4848.41,3.5662,0.941981
4852.27,3.55564,0.995174
4856.13,3.55267,1.0081
4859.98,3.56406,0.940804
4863.84,3.56994,0.901171
4867.7,3.57465,0.885838
4871.55,3.58022,0.905949
4875.41,3.5787,0.947597
4879.27,3.57325,0.923001
4883.13,3.57163,0.908996
4886.98,3.56697,0.954359
4890.84,3.56912,0.940627
4894.7,3.57678,0.876192
4898.55,3.58317,0.844835
4902.41,3.57779,0.901372
4906.27,3.56395,0.963535
4910.13,3.56582,0.941082
4913.98,3.57293,0.951684
4917.84,3.57274,0.972366
4921.7,3.5758,0.915318
4925.55,3.57682,0.883859
4929.41,3.56757,0.933536
4933.27,3.55993,0.976256
4937.12,3.55801,1.04205
4940.98,3.57272,0.997782
4944.84,3.56525,0.996271
4948.7,3.56625,0.943334
4952.55,3.57639,0.909835
4956.41,3.58087,0.889663
4960.27,3.5896,0.80479
4964.12,3.59053,0.833996
4967.98,3.5892,0.887938
4971.84,3.5803,0.931962
4975.7,3.58309,0.898619
4979.55,3.58198,0.93622
4983.41,3.58086,0.967074
4987.27,3.58168,0.956048
4991.12,3.5861,0.94798
4994.98,3.58655,0.954407
4998.84,3.583,0.940555
5002.7,3.58023,0.936156
5006.55,3.57272,0.972257
5010.41,3.57394,0.963503
5014.27,3.58425,0.897974
5018.12,3.59429,0.845353
5021.98,3.59559,0.839525
5025.84,3.58976,0.845118
5029.7,3.58513,0.862573
5033.55,3.58574,0.892609
5037.41,3.58482,0.918072
5041.27,3.58834,0.883966
5045.12,3.584,0.905518
5048.98,3.59766,0.872124
5052.84,3.59588,0.874401
5056.7,3.59513,0.858703
5060.55,3.59515,0.905591
5064.41,3.59004,0.955376
5068.27,3.57595,1.00275
5072.12,3.5783,0.998037
5075.98,3.57032,1.04234
5079.84,3.59302,0.86531
5083.7,3.59701,0.847205
5087.55,3.59969,0.886333
5091.41,3.5934,0.957899
5095.27,3.58921,0.937227
5099.12,3.59612,0.863397
5102.98,3.60233,0.85086
5106.84,3.59602,0.912078
5110.7,3.60036,0.888835
5114.55,3.60902,0.852846
5118.41,3.59946,0.889644
5122.27,3.59336,0.91632
5126.12,3.60234,0.885798
5129.98,3.59997,0.877824
5133.84,3.59658,0.863913
5137.7,3.59741,0.843207
5141.55,3.59014,0.90707
5145.41,3.60418,0.84003
5149.27,3.60861,0.81168
5153.12,3.6119,0.842721
5156.98,3.60057,0.920592
5160.84,3.58717,0.964654
5164.7,3.5993,0.892461
5168.55,3.60275,0.871603
5172.41,3.5831,0.96246
5176.27,3.57813,0.982868
5180.12,3.58489,0.971518
5183.98,3.59145,0.953782
5187.84,3.58826,0.94748
5191.7,3.58988,0.906955
5195.55,3.60161,0.841197
5199.41,3.60723,0.809774
5203.27,3.59844,0.873072
5207.12,3.60047,0.908083
5210.98,3.60526,0.881034
5214.84,3.59043,0.921717
5218.7,3.59496,0.888446
5222.55,3.60726,0.848398
5226.41,3.60392,0.864146
5230.27,3.6043,0.820005
5234.12,3.59139,0.901897
5237.98,3.58196,0.975866
5241.84,3.58923,0.910022
5245.7,3.6029,0.856276
5249.55,3.60947,0.846057
5253.41,3.60699,0.846455
5257.27,3.60376,0.860266
5261.12,3.60629,0.864295
5264.98,3.60023,0.912805
5268.84,3.59249,0.928948
5272.7,3.59498,0.91797
5276.55,3.60566,0.898426
5280.41,3.59843,0.933746
5284.27,3.58309,0.965586
5288.12,3.59522,0.934411
5291.98,3.60344,0.914808
5295.84,3.60055,0.877826
5299.7,3.59781,0.872237
5303.55,3.59828,0.897867
5307.41,3.59751,0.886049
5311.27,3.59438,0.918978
5315.12,3.59859,0.950639
5318.98,3.59624,0.97919
5322.84,3.60034,0.92761
5326.69,3.61061,0.864525
5330.55,3.62075,0.792891
5334.41,3.61344,0.807044
5338.27,3.60022,0.915059
5342.12,3.59996,0.953288
5345.98,3.6147,0.866693
5349.84,3.61312,0.878012
5353.69,3.60148,0.954182
5357.55,3.60689,0.904762
5361.41,3.6023,0.902989
5365.27,3.60226,0.917213
5369.12,3.61012,0.91848
5372.98,3.60933,0.916037
5376.84,3.60342,0.889524
5380.69,3.6017,0.86613
5384.55,3.62003,0.787842
5388.41,3.62318,0.757296
5392.27,3.60191,0.859421
5396.12,3.61129,0.866068
5399.98,3.61318,0.883555
5403.84,3.59978,0.909424
5407.69,3.60325,0.877091
5411.55,3.60591,0.896261
5415.41,3.60984,0.87878
5419.27,3.60391,0.923912
5423.12,3.61007,0.929225
5426.98,3.61632,0.860686
5430.84,3.60885,0.901846
5434.69,3.61389,0.860037
5438.55,3.62254,0.780459
5442.41,3.61804,0.804403
5446.27,3.61704,0.842873
5450.12,3.60774,0.947308
5453.98,3.61923,0.877264
5457.84,3.61158,0.868267
5461.69,3.60791,0.907965
5465.55,3.60348,0.974178
5469.41,3.60556,0.951411
5473.27,3.60504,0.927113
5477.12,3.61693,0.870647
5480.98,3.61031,0.883446
5484.84,3.60458,0.884818
5488.69,3.6022,0.932461
5492.55,3.61485,0.88812
5496.41,3.62258,0.809963
5500.27,3.61864,0.800586
5504.12,3.61122,0.891821
5507.98,3.60735,0.943739
5511.84,3.61297,0.901794
5515.69,3.62011,0.875257
5519.55,3.62105,0.909441
5523.41,3.61064,0.958059
5527.27,3.60825,0.935819
5531.12,3.60449,0.930533
5534.98,3.61656,0.873197
5538.84,3.62578,0.820526
5542.69,3.6263,0.834924
5546.55,3.61607,0.915877
5550.41,3.59174,1.01031
5554.27,3.59588,0.960938
5558.12,3.61539,0.880837
5561.98,3.62914,0.762466
5565.84,3.6385,0.654064
5569.69,3.62933,0.750184
5573.55,3.61249,0.94321
5577.41,3.61338,0.929133
5581.27,3.61207,0.917099
5585.12,3.61455,0.948636
5588.98,3.62481,0.896922
5592.84,3.63061,0.793571
5596.69,3.62837,0.798899
5600.55,3.60578,0.950607
5604.41,3.58942,1.02059
5608.27,3.60876,0.941468
5612.12,3.6202,0.885279
5615.98,3.62302,0.793158
5619.84,3.62715,0.73309
5623.69,3.63336,0.755854
5627.55,3.62896,0.821646
5631.41,3.62084,0.85046
5635.27,3.62001,0.880375
5639.12,3.59449,1.02804
5642.98,3.59965,0.967331
5646.84,3.60603,0.903866
5650.69,3.62789,0.839415
5654.55,3.64173,0.765651
5658.41,3.63196,0.771206
5662.27,3.62711,0.780134
5666.12,3.63547,0.776689
5669.98,3.63085,0.813233
5673.84,3.60505,0.975564
5677.69,3.60619,1.01081
5681.55,3.62204,0.912754
5685.41,3.63073,0.805212
5689.27,3.62638,0.824701
5693.12,3.62894,0.819873
5696.98,3.62249,0.87141
5700.84,3.62611,0.853989
5704.69,3.61932,0.890123
5708.55,3.62382,0.840358
5712.41,3.61159,0.884351
5716.26,3.60698,0.949411
5720.12,3.61215,0.979663
5723.98,3.62038,0.914992
5727.84,3.61745,0.912808
5731.69,3.62851,0.899015
5735.55,3.63637,0.848839
5739.41,3.63128,0.826975
5743.26,3.62967,0.856292
5747.12,3.63159,0.877646
5750.98,3.62165,0.926162
5754.84,3.61607,0.916216
5758.69,3.61878,0.897858
5762.55,3.62672,0.866113
5766.41,3.63446,0.802195
5770.26,3.62568,0.855093
5774.12,3.62681,0.874872
5777.98,3.61467,0.934991
5781.84,3.60645,0.967844
5785.69,3.61908,0.928599
5789.55,3.62836,0.885338
5793.41,3.62788,0.854921
5797.26,3.62909,0.862809
5801.12,3.6278,0.908381
5804.98,3.62425,0.902535
5808.84,3.6219,0.878836
5812.69,3.6338,0.808113
5816.55,3.6354,0.81261
5820.41,3.63107,0.84222
5824.26,3.62653,0.872635
5828.12,3.62493,0.899963
5831.98,3.61559,0.934614
5835.84,3.61216,0.965122
5839.69,3.62339,0.920428
5843.55,3.64231,0.804601
5847.41,3.64304,0.802967
5851.26,3.62647,0.915922
5855.12,3.62304,0.9427
5858.98,3.61344,0.950248
5862.84,3.61585,0.927964
5866.69,3.62816,0.914758
5870.55,3.63634,0.865016
5874.41,3.62161,0.893544
5878.26,3.61434,0.94579
5882.12,3.61672,0.988005
5885.98,3.62822,0.903418
5889.84,3.63301,0.843802
5893.69,3.63336,0.87466
5897.55,3.63769,0.825775
5901.41,3.6297,0.835438
5905.26,3.63094,0.861464
5909.12,3.64433,0.83437
5912.98,3.64858,0.781997
5916.84,3.63442,0.832518
5920.69,3.63196,0.911357
5924.55,3.62929,0.97266
5928.41,3.64092,0.882088
5932.26,3.64865,0.819767
5936.12,3.65307,0.803854
5939.98,3.65068,0.804327
5943.84,3.64753,0.807888
5947.69,3.64561,0.845808
5951.55,3.65331,0.771223
5955.41,3.64676,0.809456
5959.26,3.63429,0.935936
5963.12,3.64565,0.8541
5966.98,3.64605,0.80609
5970.84,3.62975,0.914111
5974.69,3.65095,0.830798
5978.55,3.64599,0.816832
5982.41,3.63039,0.869137
5986.26,3.61621,0.992764
5990.12,3.62596,0.987968
5993.98,3.62233,0.941506
5997.84,3.61487,0.944411
6001.69,3.62461,0.941923
6005.55,3.64223,0.853241
6009.41,3.65973,0.750197
6013.26,3.65958,0.780385
6017.12,3.65772,0.807413
6020.98,3.65943,0.747875
6024.84,3.64961,0.78362
6028.69,3.62394,0.964575
6032.55,3.62333,0.97003
6036.41,3.63189,0.910998
6040.26,3.63339,0.925202
6044.12,3.63567,0.935137
6047.98,3.64108,0.857849
6051.84,3.651,0.798776
6055.69,3.6433,0.901785
6059.55,3.62774,0.976218
6063.41,3.62858,0.938813
6067.26,3.61,1.06308
6071.12,3.60838,1.07383
6074.98,3.62844,0.929761
6078.84,3.6376,0.900924
6082.69,3.65076,0.881036
6086.55,3.64045,0.898256
6090.41,3.63221,0.89384
6094.26,3.64007,0.876205
6098.12,3.63551,0.921219
6101.98,3.64616,0.828233
6105.83,3.64097,0.830193
6109.69,3.65207,0.830376
6113.55,3.65657,0.824543
6117.41,3.65607,0.825525
6121.26,3.64505,0.923291
6125.12,3.64748,0.875577
6128.98,3.64098,0.848193
6132.83,3.64011,0.876434
6136.69,3.64878,0.884889
6140.55,3.65877,0.786286
6144.41,3.65871,0.786886
6148.26,3.65113,0.889613
6152.12,3.64956,0.896141
6155.98,3.64784,0.886954
6159.83,3.65186,0.825101
6163.69,3.65995,0.734362
6167.55,3.6585,0.737402
6171.41,3.64617,0.849965
6175.26,3.63729,0.936575
6179.12,3.64204,0.920555
6182.98,3.6355,0.933008
6186.83,3.63409,0.945345
6190.69,3.63395,0.959787
6194.55,3.63913,0.904227
6198.41,3.63921,0.875907
6202.26,3.63622,0.951412
6206.12,3.64965,0.908991
6209.98,3.63994,0.907925
6213.83,3.63981,0.877512
6217.69,3.65521,0.825562
6221.55,3.63894,0.921778
6225.41,3.63028,0.968185
6229.26,3.6349,0.999746
6233.12,3.64551,0.937067
6236.98,3.66207,0.754123
6240.83,3.65958,0.763843
6244.69,3.67257,0.685615
6248.55,3.66955,0.664008
6252.41,3.64213,0.839795
6256.26,3.63314,0.926915
6260.12,3.63609,0.914787
6263.98,3.63965,0.909755
6267.83,3.65543,0.847885
6271.69,3.66385,0.77712
6275.55,3.65992,0.76471
6279.41,3.64074,0.894097
6283.26,3.64027,0.966653
6287.12,3.64029,0.978791
6290.98,3.63433,0.955217
6294.83,3.63729,0.911086
6298.69,3.6365,0.923456
6302.55,3.63919,0.894358
6306.41,3.64237,0.872239
6310.26,3.65786,0.837115
6314.12,3.64604,0.900366
6317.98,3.63283,0.943808
6321.83,3.63003,0.958666
6325.69,3.64311,0.907129
6329.55,3.64962,0.833233
6333.41,3.64605,0.853241
6337.26,3.65993,0.817456
6341.12,3.67253,0.726403
6344.98,3.67347,0.711258
6348.83,3.63944,0.954793
6352.69,3.65206,0.869754
6356.55,3.65276,0.855399
6360.41,3.67371,0.745791
6364.26,3.67654,0.758014
6368.12,3.66467,0.817375
6371.98,3.63946,0.91098
6375.83,3.64521,0.903445
6379.69,3.64263,0.929861
6383.55,3.64783,0.863902
6387.41,3.65937,0.765222
6391.26,3.65822,0.798402
6395.12,3.65599,0.818526
6398.98,3.64937,0.877109
6402.83,3.64641,0.938342
6406.69,3.65732,0.883748
6410.55,3.64453,0.926332
6414.41,3.6499,0.890188
6418.26,3.66376,0.795044
6422.12,3.6426,0.916373
6425.98,3.62987,1.01514
6429.83,3.64523,0.960339
6433.69,3.6542,0.898876
6437.55,3.65208,0.862562
6441.41,3.66433,0.806633
6445.26,3.67025,0.825289
6449.12,3.66753,0.847805
6452.98,3.66699,0.813465
6456.83,3.67972,0.710814
6460.69,3.68145,0.683774
6464.55,3.66847,0.761461
6468.41,3.65799,0.820499
6472.26,3.65424,0.867367
6476.12,3.64513,0.917073
6479.98,3.64065,0.960249
6483.83,3.65069,0.933056
6487.69,3.66257,0.86403
6491.55,3.65812,0.877008
6495.4,3.65441,0.901626
6499.26,3.6652,0.839054
6503.12,3.66237,0.846193
6506.98,3.65794,0.847332
6510.83,3.65994,0.831129
6514.69,3.67116,0.752547
6518.55,3.6732,0.72673
6522.4,3.67645,0.724873
6526.26,3.67671,0.758928
6530.12,3.67537,0.773315
6533.98,3.67062,0.778774
6537.83,3.66765,0.80861
6541.69,3.66602,0.839259
6545.55,3.64778,0.890013
6549.4,3.65088,0.884081
6553.26,3.66468,0.869922
6557.12,3.67174,0.835954
6560.98,3.66123,0.891411
6564.83,3.68449,0.730515
6568.69,3.68213,0.70238
6572.55,3.67536,0.757704
6576.4,3.65561,0.936424
6580.26,3.6654,0.905863
6584.12,3.67829,0.770187
6587.98,3.65812,0.83612
6591.83,3.66109,0.824943
6595.69,3.66758,0.756443
6599.55,3.66423,0.752392
6603.4,3.66041,0.835708
6607.26,3.67499,0.774381
6611.12,3.67178,0.793311
6614.98,3.6664,0.849994
6618.83,3.66206,0.892784
6622.69,3.64519,0.959498
6626.55,3.63665,0.994193
6630.4,3.64083,0.999142
6634.26,3.66557,0.867792
6638.12,3.66509,0.84235
6641.98,3.66664,0.831294
6645.83,3.67883,0.784411
6649.69,3.65741,0.936482
6653.55,3.67173,0.799367
6657.4,3.67731,0.757183
6661.26,3.67379,0.794206
6665.12,3.66852,0.7717
6668.98,3.65659,0.846576
6672.83,3.65166,0.909412
6676.69,3.65135,0.906702
6680.55,3.65518,0.930298
6684.4,3.66448,0.913998
6688.26,3.67989,0.760846
6692.12,3.67403,0.772191
6695.98,3.66213,0.885637
6699.83,3.66131,0.944603
6703.69,3.66639,0.898877
6707.55,3.6718,0.807482
6711.4,3.66382,0.873101
6715.26,3.64509,0.988808
6719.12,3.63753,0.99766
6722.98,3.64542,0.924746
6726.83,3.65028,0.908124
6730.69,3.64258,0.93802
6734.55,3.64613,0.923712
6738.4,3.67007,0.833381
6742.26,3.67939,0.794344
6746.12,3.68015,0.745447
6749.98,3.68166,0.708367
6753.83,3.67863,0.760892
6757.69,3.66962,0.846828
6761.55,3.66926,0.917719
6765.4,3.65976,0.982169
6769.26,3.66323,0.897291
6773.12,3.67584,0.785528
6776.98,3.67624,0.807641
6780.83,3.66361,0.924839
6784.69,3.66413,0.86477
6788.55,3.6863,0.627169
6792.4,3.68831,0.654806
6796.26,3.68359,0.696172
6800.12,3.68377,0.677873
6803.98,3.68535,0.735733
6807.83,3.67798,0.866865
6811.69,3.68408,0.746462
6815.55,3.6718,0.724345
6819.4,3.65258,0.877094
6823.26,3.65239,0.963707
6827.12,3.66869,0.861423
6830.98,3.66253,0.939581
6834.83,3.67457,0.891291
6838.69,3.68489,0.777742
6842.55,3.68476,0.731749
6846.4,3.69902,0.685369
6850.26,3.68115,0.813872
6854.12,3.66657,0.874233
6857.98,3.67412,0.820102
6861.83,3.68077,0.779809
6865.69,3.67651,0.791046
6869.55,3.67303,0.793362
6873.4,3.67836,0.780531
6877.26,3.67674,0.773519
6881.12,3.68009,0.709912
6884.98,3.68025,0.684853
6888.83,3.6758,0.725449
6892.69,3.67772,0.679548
6896.55,3.67572,0.659626
6900.4,3.66212,0.816968
6904.26,3.65185,0.921809
6908.12,3.64866,0.942343
6911.97,3.67614,0.819988
6915.83,3.69604,0.680659
6919.69,3.6725,0.805413
6923.55,3.66028,0.908245
6927.4,3.66711,0.958544
6931.26,3.67997,0.8698
6935.12,3.68404,0.773906
6938.97,3.67725,0.836701
6942.83,3.68244,0.79248
6946.69,3.68667,0.753388
6950.55,3.68971,0.770699
6954.4,3.6906,0.761128
6958.26,3.6698,0.821591
6962.12,3.66608,0.837891
6965.97,3.66791,0.874614
6969.83,3.66803,0.862785
6973.69,3.66544,0.861389
6977.55,3.67503,0.822738
6981.4,3.6966,0.690983
6985.26,3.70695,0.615882
6989.12,3.69741,0.717865
6992.97,3.69677,0.757616
6996.83,3.69594,0.74814
7000.69,3.68646,0.790702
7004.55,3.66594,0.943416
7008.4,3.67238,0.929186
7012.26,3.67933,0.901712
7016.12,3.67646,0.884952
7019.97,3.66961,0.891491
7023.83,3.67075,0.9117
7027.69,3.66586,0.983525
7031.55,3.67183,0.93492
7035.4,3.66039,0.980058
7039.26,3.64559,1.03322
7043.12,3.66504,0.898439
7046.97,3.6823,0.790016
7050.83,3.67318,0.878781
7054.69,3.66536,0.896796
7058.55,3.64851,0.973768
7062.4,3.67356,0.845425
7066.26,3.68229,0.8307
7070.12,3.67971,0.871118
7073.97,3.68897,0.826604
7077.83,3.67492,0.888492
7081.69,3.65327,0.971411
7085.55,3.66634,0.892314
7089.4,3.68512,0.795829
7093.26,3.68876,0.720912
7097.12,3.69374,0.726799
7100.97,3.6794,0.953548
7104.83,3.68074,0.90988
7108.69,3.6816,0.86271
7112.55,3.68357,0.862342
7116.4,3.6914,0.802083
7120.26,3.68386,0.83081
7124.12,3.67854,0.820979
7127.97,3.67188,0.816115
7131.83,3.67635,0.782574
7135.69,3.68532,0.742211
7139.55,3.69766,0.781445
7143.4,3.66352,1.00891
7147.26,3.67635,0.843857
7151.12,3.68231,0.819123
7154.97,3.68081,0.898848
7158.83,3.67801,0.860264
7162.69,3.67536,0.837794
7166.55,3.67624,0.880668
7170.4,3.68564,0.860759
7174.26,3.6801,0.842806
7178.12,3.68672,0.768078
7181.97,3.67597,0.861998
7185.83,3.67041,0.888483
7189.69,3.66796,0.923422
7193.55,3.68526,0.867212
7197.4,3.69784,0.76458
7201.26,3.69914,0.74484
7205.12,3.69536,0.783801
7208.97,3.70086,0.75239
7212.83,3.68554,0.792938
7216.69,3.68259,0.779956
7220.55,3.67268,0.936827
7224.4,3.68806,0.851191
7228.26,3.67963,0.819253
7232.12,3.68055,0.843095
7235.97,3.71174,0.714496
7239.83,3.70887,0.690759
7243.69,3.70691,0.650557
7247.55,3.6934,0.80046
7251.4,3.67903,0.938951
7255.26,3.66843,0.976504
7259.12,3.6854,0.860871
7262.97,3.69409,0.855956
7266.83,3.68479,0.902884
7270.69,3.67839,0.864949
7274.55,3.67103,0.871125
7278.4,3.69779,0.759442
7282.26,3.70525,0.718027
7286.12,3.70334,0.728232
7289.97,3.68717,0.876455
7293.83,3.67514,0.948918
7297.69,3.68869,0.839844
7301.54,3.69128,0.840994
7305.4,3.69659,0.809583
7309.26,3.68743,0.810474
7313.12,3.67457,0.850218
7316.97,3.65863,0.912135
7320.83,3.68005,0.845609
7324.69,3.70942,0.746564
7328.54,3.70247,0.759604
7332.4,3.70507,0.727142
7336.26,3.70341,0.741575
7340.12,3.68497,0.857353
7343.97,3.69129,0.814608
7347.83,3.67107,0.886001
7351.69,3.66932,0.903923
7355.54,3.6798,0.872944
7359.4,3.69655,0.780693
7363.26,3.6955,0.749065
7367.12,3.68116,0.826119
7370.97,3.70726,0.714853
7374.83,3.68654,0.86949
7378.69,3.69356,0.768797
7382.54,3.70878,0.712059
7386.4,3.71578,0.651956
7390.26,3.69852,0.674246
7394.12,3.6798,0.872527
7397.97,3.66924,0.935023
7401.83,3.66318,0.937217
7405.69,3.6607,0.973767
7409.54,3.71337,0.727314
7413.4,3.70267,0.695664
7417.26,3.68848,0.749528
7421.12,3.69024,0.798982
7424.97,3.67059,0.923821
7428.83,3.68357,0.80656
7432.69,3.69515,0.74826
7436.54,3.68966,0.835349
7440.4,3.68374,0.836794
7444.26,3.69241,0.738688
7448.12,3.68259,0.868451
7451.97,3.67399,0.949217
7455.83,3.68243,0.871574
7459.69,3.67937,0.8958
7463.54,3.69615,0.801799
7467.4,3.69021,0.821639
7471.26,3.68731,0.845106
7475.12,3.69497,0.814217
7478.97,3.69378,0.870788
7482.83,3.68876,0.932874
7486.69,3.7041,0.808728
7490.54,3.72586,0.64919
7494.4,3.72763,0.668718
7498.26,3.70939,0.761505
7502.12,3.70865,0.711441
7505.97,3.71722,0.573845
7509.83,3.68656,0.753486
7513.69,3.68857,0.836391
7517.54,3.68992,0.882508
7521.4,3.6965,0.8039
7525.26,3.70571,0.671954
7529.12,3.70593,0.682487
7532.97,3.68601,0.794488
7536.83,3.70126,0.696417
7540.69,3.70097,0.740344
7544.54,3.67748,0.942119
7548.4,3.66714,1.00384
7552.26,3.68652,0.866357
7556.12,3.69939,0.774138
7559.97,3.71564,0.683383
7563.83,3.72336,0.573875
7567.69,3.73085,0.569333
7571.54,3.722,0.754094
7575.4,3.72656,0.699288
7579.26,3.71634,0.710059
7583.12,3.69951,0.827117
7586.97,3.69017,0.83454
7590.83,3.69285,0.809522
7594.69,3.67553,0.944748
7598.54,3.65835,1.04279
7602.4,3.65971,0.99865
7606.26,3.69624,0.846473
7610.12,3.70082,0.882493
7613.97,3.69995,0.867103
7617.83,3.70103,0.781365
7621.69,3.7118,0.722928
7625.54,3.71698,0.688707
7629.4,3.72215,0.65312
7633.26,3.72396,0.662732
7637.12,3.73323,0.653734
7640.97,3.72193,0.67651
7644.83,3.72417,0.612347
7648.69,3.72514,0.614325
7652.54,3.70616,0.780088
7656.4,3.68643,0.860681
7660.26,3.68913,0.809498
7664.12,3.7025,0.796031
7667.97,3.70922,0.729288
7671.83,3.70945,0.702517
7675.69,3.71366,0.705381
7679.54,3.6951,0.790147
7683.4,3.69147,0.758094
7687.26,3.70122,0.737358
7691.11,3.69598,0.879272
7694.97,3.67016,1.01831
7698.83,3.69511,0.889292
7702.69,3.70621,0.880304
7706.54,3.70576,0.809351
7710.4,3.70855,0.640047
7714.26,3.71172,0.635685
7718.11,3.70617,0.745815
7721.97,3.69703,0.864942
7725.83,3.66613,1.09347
7729.69,3.65551,1.11448
7733.54,3.66747,1.02784
7737.4,3.67803,0.919149
7741.26,3.68221,0.885488
7745.11,3.70504,0.818712
7748.97,3.70145,0.800834
7752.83,3.68862,0.854279
7756.69,3.68438,0.932657
7760.54,3.71307,0.797986
7764.4,3.73236,0.640026
7768.26,3.724,0.706729
7772.11,3.69341,0.914681
7775.97,3.69108,0.858839
7779.83,3.70566,0.709547
7783.69,3.70605,0.789082
7787.54,3.71453,0.766809
7791.4,3.72579,0.646612
7795.26,3.72349,0.638255
7799.11,3.7111,0.729468
7802.97,3.71098,0.780147
7806.83,3.72598,0.549916
7810.69,3.73639,0.539816
7814.54,3.72053,0.685284
7818.4,3.69871,0.829342
7822.26,3.70043,0.929288
7826.11,3.71984,0.841178
7829.97,3.72606,0.694968
7833.83,3.72087,0.698321
7837.69,3.71994,0.702918
7841.54,3.71764,0.850955
7845.4,3.6988,0.987649
7849.26,3.67834,1.00413
7853.11,3.69172,0.886373
7856.97,3.72923,0.702025
7860.83,3.71425,0.945646
7864.69,3.7051,0.978774
7868.54,3.71076,0.851045
7872.4,3.70524,0.864439
7876.26,3.72938,0.658281
7880.11,3.73255,0.623771
7883.97,3.71523,0.770326
7887.83,3.70165,0.82403
7891.69,3.703,0.748012
7895.54,3.69314,0.83917
7899.4,3.70437,0.910253
7903.26,3.70817,0.93488
7907.11,3.71484,0.878768
7910.97,3.71318,0.802626
7914.83,3.72289,0.756179
7918.69,3.70403,0.866786
7922.54,3.70396,0.796561
7926.4,3.7121,0.74074
7930.26,3.7441,0.426151
7934.11,3.74052,0.468765
7937.97,3.73956,0.665143
7941.83,3.73319,0.818786
7945.69,3.71169,0.912582
7949.54,3.70748,0.829597
7953.4,3.70537,0.73928
7957.26,3.70891,0.747776
7961.11,3.70549,0.896123
7964.97,3.70574,0.944719
7968.83,3.73629,0.770073
7972.69,3.7499,0.506006
7976.54,3.71207,0.610354
7980.4,3.70423,0.883839
7984.26,3.73487,0.753041
7988.11,3.72737,0.766967
7991.97,3.70023,0.844822
7995.83,3.70641,0.705782
7999.69,3.71621,0.608393
8003.54,3.7115,0.746236
8007.4,3.69468,0.915339
8011.26,3.7284,0.773793
8015.11,3.75069,0.599456
8018.97,3.74931,0.582186
8022.83,3.74383,0.607355
8026.69,3.71943,0.765459
8030.54,3.70869,0.93948
8034.4,3.7233,1.02403
8038.26,3.73779,0.819903
8042.11,3.73342,0.642854