0.12,-21413.1,138415,0.993068,276.829,0.00405742
0.2,11107.6,108516,0.991051,361.721,0.00405805
0.3,3759.07,69331.7,0.98904,346.658,0.00521971
0.6,-871.379,31874.7,0.9845,318.747,0.0080273
1,-910.919,18599.2,0.97999,309.987,0.0106141
2,-441.502,9232.6,0.971701,307.753,0.0150574
6,-317.783,2790.02,0.950985,279.002,0.02816
8.57143,-205.211,1954.23,0.941416,279.176,0.0335324
15,-124.677,1080.47,0.9225,270.118,0.0452835
30,-74.7857,499.27,0.890398,249.635,0.067474
31.5789,-69.094,475.501,0.887551,250.263,0.0690335
33.3333,-65.9435,447.766,0.88447,248.759,0.0711904
35.2941,-62.7901,420.083,0.88112,247.108,0.0735574
37.5,-59.642,392.442,0.877462,245.276,0.0761726
40,-56.5123,364.825,0.873443,243.216,0.0790859
42.8571,-53.424,337.197,0.869001,240.855,0.0823648
46.1538,-50.4195,309.488,0.864056,238.067,0.086107
50,-47.5877,281.542,0.858505,234.618,0.0904677
54.5455,-45.1847,252.888,0.852213,229.898,0.0957603
57.1429,-44.3277,237.934,0.848735,226.604,0.0989644
60,-44.7389,220.539,0.845,220.539,0.103313
61,-42.0904,213.012,0.842,216.562,0.104963
62,-39.9948,208.986,0.84,215.952,0.105773
63,-40.506,204.18,0.839,214.389,0.107238
64,-38.0012,197.73,0.836,210.912,0.108775
65,-36.7149,193.048,0.834,209.136,0.110022
66,-33.9711,187.961,0.831,206.757,0.111179
67,-32.6474,183.939,0.829,205.398,0.112276
68,-30.2374,179.038,0.826,202.91,0.113492
69,-27.5316,175.034,0.823,201.289,0.114347
70,-24.5326,171.82,0.82,200.456,0.114839
71,-22.9687,169.151,0.818,200.162,0.115458
72,-20.4855,165.603,0.815,198.723,0.116179
73,-17.4148,163.14,0.812,198.486,0.116306
74,-15.1131,161.924,0.81,199.707,0.116127
75.37,-13.9077,160.289,0.80847,201.35,0.11641
75.97,-14.0549,159.2,0.80804,201.574,0.116881
76.56,-14.3004,157.203,0.80723,200.591,0.117752
77.15,-13.5589,154.553,0.80543,198.729,0.118605
77.75,-11.9863,152.251,0.8032,197.292,0.11906
78.34,-10.249,150.536,0.80112,196.55,0.119203
78.94,-8.38279,149.006,0.79902,196.042,0.119205
79.53,-5.95552,147.741,0.79667,195.831,0.118866
80.12,-3.08899,147.486,0.79463,196.943,0.117903
80.72,-0.724693,148.643,0.79382,199.974,0.116535
81.31,0.202949,150.624,0.79445,204.121,0.115407
81.9,-0.515148,152.369,0.79593,207.983,0.115011
82.5,-2.27447,152.929,0.79733,210.278,0.115442
83.09,-4.16061,152.058,0.798,210.575,0.116462
83.68,-5.28983,150.034,0.79756,209.247,0.117678
84.28,-5.20237,147.64,0.79611,207.386,0.118631
84.87,-4.12511,145.809,0.7943,206.247,0.118993
85.46,-2.84998,144.943,0.79292,206.447,0.118865
86.06,-2.04948,144.72,0.79225,207.576,0.118645
86.65,-1.76607,144.54,0.79195,208.739,0.118608
87.24,-1.68598,144.163,0.79166,209.613,0.118733
87.84,-1.63341,143.68,0.79132,210.348,0.118915
88.43,-1.65829,143.198,0.79103,211.05,0.119128
89.03,-1.69763,142.639,0.7907,211.653,0.119381
89.62,-1.63581,142.128,0.79033,212.291,0.119574
90.21,-1.59741,141.904,0.79016,213.352,0.119654
90.81,-2.03833,142.03,0.79054,214.963,0.119779
91.4,-3.41096,142.064,0.7915,216.411,0.120317
91.99,-5.59642,141.093,0.79242,216.319,0.12161
92.59,-7.53724,138.471,0.7922,213.684,0.123575
93.18,-7.84923,134.834,0.79014,209.398,0.125445
93.77,-6.24435,131.697,0.78682,205.821,0.126334
94.37,-3.93296,130.288,0.78403,204.922,0.126025
94.96,-2.68708,130.441,0.78317,206.445,0.125385
95.55,-3.12099,130.504,0.78355,207.827,0.125551
96.15,-3.91672,129.023,0.78312,206.759,0.126654
96.74,-3.42741,126.599,0.78097,204.12,0.127671
97.33,-1.67147,124.821,0.77821,202.481,0.12775
97.93,0.120126,124.371,0.77642,202.994,0.127088
98.52,1.02871,124.623,0.7759,204.63,0.126498
99.11,1.23555,124.638,0.77575,205.881,0.126384
99.71,1.39801,124.195,0.77527,206.392,0.126525
100.3,1.69872,123.729,0.77466,206.834,0.126605
100.89,1.78135,123.414,0.77434,207.52,0.126722
101.49,1.5944,122.849,0.77403,207.799,0.127109
102.08,1.5798,121.856,0.77323,207.318,0.127629
102.68,2.05105,120.759,0.77194,206.658,0.127949
103.27,2.83877,120.031,0.77069,206.593,0.127899
103.86,3.54383,119.78,0.76991,207.34,0.127638
104.46,3.9231,119.783,0.76961,208.543,0.127424
105.05,3.96569,119.799,0.76959,209.749,0.127392
105.64,3.73445,119.713,0.7697,210.775,0.127566
106.24,3.26533,119.439,0.76984,211.487,0.127972
106.83,2.65094,118.894,0.76987,211.691,0.128603
107.42,2.00057,118.015,0.76965,211.286,0.129438
108.02,1.46137,116.775,0.76903,210.234,0.130422
108.61,1.17098,115.281,0.76797,208.677,0.131426
109.2,1.23297,113.616,0.76643,206.781,0.132345
109.8,1.69184,111.909,0.76446,204.793,0.133068
110.39,2.54674,110.357,0.76223,203.038,0.13346
110.99,3.69246,109.081,0.75996,201.781,0.133491
111.58,5.07111,108.182,0.75783,201.183,0.133118
112.17,6.43131,107.858,0.7563,201.641,0.132394
112.76,7.2578,107.99,0.75572,202.95,0.131755
113.36,7.47574,107.929,0.75547,203.915,0.131641
113.95,7.71998,107.257,0.75456,203.698,0.131855
114.55,8.48747,106.374,0.75297,203.086,0.131818
115.14,9.6493,105.858,0.75143,203.142,0.131277
115.73,10.7601,105.897,0.75055,204.257,0.13045
116.33,11.5444,106.24,0.75029,205.982,0.129691
116.92,12.0341,106.606,0.7503,207.739,0.129139
117.51,12.3451,106.976,0.75046,209.513,0.128718
118.11,12.4244,107.409,0.75087,211.435,0.128435
118.7,12.1442,107.799,0.75151,213.262,0.128435
119.29,11.5244,107.904,0.75211,214.531,0.128823
119.89,10.7164,107.517,0.75234,214.836,0.129604
120.48,10.0252,106.48,0.75179,213.812,0.130662
121.07,10.5424,104.97,0.74971,211.813,0.13112
121.67,11.4764,104.559,0.74848,212.028,0.130652
122.26,11.4811,104.803,0.74875,213.554,0.130515
122.86,11.1911,104.287,0.74841,213.545,0.131015
123.45,11.3258,103.51,0.74742,212.971,0.131344
124.04,11.0757,102.993,0.74704,212.921,0.131824
124.64,10.8402,101.553,0.74558,210.96,0.132825
125.23,12.3061,99.5831,0.74199,207.846,0.132786
125.82,14.5257,99.3811,0.73991,208.402,0.131068
126.42,15.032,100.665,0.74108,212.102,0.129961
127.01,14.9594,100.602,0.74106,212.957,0.130054
127.6,15.2912,100.274,0.7404,213.249,0.129954
128.2,15.4087,100.218,0.74024,214.132,0.129887
128.79,15.6024,99.7391,0.7395,214.09,0.129978
129.38,16.0293,99.2969,0.73862,214.117,0.129851
129.98,16.4289,99.0071,0.73795,214.482,0.129664
130.57,16.7819,98.6337,0.73721,214.643,0.129556
131.16,17.3761,98.1847,0.73619,214.632,0.129275
131.76,17.9072,98.0492,0.73562,215.316,0.128882
132.35,18.1938,97.856,0.73516,215.854,0.128729
132.94,18.611,97.389,0.73425,215.781,0.128594
133.54,19.1029,97.0186,0.73341,215.931,0.128341
134.13,19.5078,96.593,0.73256,215.934,0.128186
134.73,20.2418,95.9303,0.73116,215.411,0.127841
135.32,20.9334,95.6174,0.73026,215.649,0.127355
135.91,21.3058,95.0738,0.72927,215.358,0.127265
136.51,22.5077,93.7537,0.72665,213.305,0.126737
137.1,24.305,93.158,0.72467,212.866,0.125265
137.69,26.1438,93.0898,0.72348,213.626,0.1235
138.29,28.2968,93.3498,0.72267,215.156,0.121298
138.88,29.5838,94.7676,0.724,219.355,0.119559
139.47,30.0386,95.4291,0.72469,221.825,0.118904
140.07,30.898,95.2726,0.72407,222.414,0.118141
140.66,32.3245,95.3213,0.7235,223.465,0.116774
141.25,33.8103,95.8611,0.72362,225.673,0.115217
141.85,35.1413,96.5897,0.72409,228.354,0.11378
142.44,36.1688,97.4016,0.7248,231.231,0.112629
143.03,36.6699,98.0038,0.72542,233.625,0.112028
143.63,37.0843,97.497,0.72461,233.391,0.11177
144.22,38.8777,95.6752,0.72161,229.971,0.110512
144.81,42.9861,94.2045,0.71859,227.363,0.106912
145.41,48.4131,95.1975,0.71904,230.711,0.101785
146,52.697,98.7972,0.72319,240.407,0.0978024
146.59,54.6841,102.489,0.72746,250.399,0.0959904
147.19,56.053,104.146,0.72928,255.488,0.0948369
147.78,58.7393,104.606,0.72968,257.644,0.0927501
148.38,62.9835,105.355,0.73048,260.543,0.0895594
148.97,68.3531,106.206,0.73161,263.691,0.0857066
149.56,76.0036,106.56,0.73275,265.619,0.080488
150.16,88.1804,107.704,0.73595,269.547,0.0729627
150.75,105.809,113.204,0.74454,284.425,0.064308
151.34,128.156,127.688,0.75952,322.073,0.0570316
151.94,152.172,155.385,0.77865,393.487,0.0527456
152.53,172.065,199.347,0.79915,506.772,0.0514565
153.12,179.409,264.56,0.82062,675.157,0.0525099
153.72,152.497,356.348,0.84404,912.964,0.0560307
154.31,49.4112,444.544,0.86862,1143.29,0.0631247
154.9,-110.715,434.965,0.8907,1122.94,0.0745608
155.5,-204.557,326.681,0.90618,846.649,0.0891167
156.09,-211.606,226.819,0.91365,590.069,0.104102
156.68,-188.072,165.614,0.91489,432.474,0.118118
157.28,-161.528,129.553,0.91229,339.602,0.131006
157.87,-137.94,108.255,0.90649,284.837,0.142598
158.46,-117.6,96.1215,0.89724,253.857,0.152666
159.06,-101.148,89.6369,0.88578,237.627,0.160655
159.65,-88.9253,86.316,0.87446,229.672,0.166293
160.24,-79.8387,84.2535,0.86443,225.013,0.17035
160.84,-72.6849,82.4383,0.85564,220.989,0.173702
161.43,-66.6132,81.064,0.84734,218.103,0.176379
162.02,-61.6632,80.1273,0.83995,216.37,0.178319
162.62,-57.7105,79.209,0.83373,214.683,0.179957
163.21,-54.4501,78.0312,0.82843,212.258,0.181694
163.81,-51.1757,76.6888,0.82284,209.373,0.183591
164.4,-47.8447,75.6986,0.81676,207.414,0.185059
164.99,-44.7801,75.427,0.81085,207.412,0.18556
165.59,-42.83,75.3857,0.807,208.052,0.185643
166.18,-41.642,74.7443,0.80461,207.017,0.186431
166.77,-40.3793,73.2764,0.80197,203.672,0.18828
167.37,-38.2384,71.5032,0.79731,199.458,0.190556
167.96,-35.3486,70.367,0.79079,196.981,0.191906
168.55,-32.4532,70.3157,0.78424,197.528,0.191562
169.15,-30.4376,70.985,0.7799,200.118,0.190166
169.74,-29.2498,71.7981,0.77757,203.117,0.188686
170.34,-29.2079,72.1244,0.77762,204.761,0.188209
170.93,-29.1723,71.3452,0.7772,203.251,0.189315
171.52,-28.3841,70.0896,0.77485,200.363,0.190927
172.12,-27.0626,69.0151,0.77126,197.981,0.192131
172.71,-25.5293,68.3813,0.76729,196.836,0.192567
173.3,-24.2652,68.0945,0.7641,196.68,0.192516
173.9,-23.3769,67.5528,0.76161,195.791,0.192989
174.49,-21.6979,66.8675,0.75704,194.462,0.193293
175.08,-19.8976,66.8722,0.75266,195.133,0.192324
175.68,-18.2694,67.4985,0.74931,197.636,0.190353
176.27,-17.3566,68.5633,0.74819,201.428,0.188105
176.86,-17.2766,69.4894,0.74891,204.832,0.186639
176.95,-17.313,69.5591,0.74906,205.141,0.186557
177.98,-17.7585,69.7293,0.75023,206.84,0.186586
179.01,-17.6759,68.9825,0.74933,205.809,0.187667
180.04,-16.9032,68.2985,0.74688,204.941,0.188215
181.07,-16.1094,68.3975,0.74515,206.412,0.187519
182.1,-17.3251,68.3617,0.74792,207.478,0.188396
183.13,-18.4435,65.763,0.74811,200.72,0.193269
184.15,-16.0645,62.5311,0.7388,191.918,0.197187
185.18,-12.5839,61.6544,0.72866,190.286,0.195903
186.21,-10.0912,62.6956,0.72379,194.576,0.191721
187.24,-9.44415,64.0913,0.72425,200.008,0.188751
188.27,-9.68111,64.0075,0.72469,200.845,0.189124
189.3,-7.22094,63.2286,0.71772,199.486,0.18781
190.33,-4.65684,65.3707,0.7155,207.367,0.181572
191.36,-5.66924,69.1008,0.72349,220.385,0.177351
192.39,-8.23173,70.3685,0.73047,225.637,0.178141
193.41,-10.4257,69.8579,0.73432,225.187,0.180856
194.44,-11.686,68.6147,0.73545,222.357,0.183764
195.47,-12.0592,67.5751,0.73498,220.149,0.185655
196.5,-12.8701,67.0344,0.73616,219.538,0.187172
197.53,-14.2536,65.8417,0.73799,216.762,0.190188
198.56,-15.1019,63.4275,0.73731,209.903,0.194891
199.59,-14.0687,60.8013,0.7315,202.255,0.19874
200.62,-12.0367,59.6202,0.72447,199.35,0.199112
201.65,-11.0185,59.7981,0.72198,200.972,0.197786
202.67,-10.9186,59.8646,0.72181,202.213,0.197563
203.7,-11.2879,59.239,0.7219,201.116,0.199098
204.73,-11.0546,57.8772,0.71927,197.487,0.201469
205.76,-9.64895,56.9191,0.71384,195.195,0.201839
206.79,-8.86603,57.1406,0.71201,196.935,0.20051
207.82,-9.19382,57.1213,0.71289,197.849,0.200926
208.85,-9.16899,56.1057,0.71115,195.295,0.202912
209.88,-8.34914,55.1096,0.70709,192.773,0.203952
210.9,-7.37059,54.7314,0.70358,192.381,0.203485
211.93,-6.68806,54.7725,0.7017,193.466,0.202497
212.96,-6.59543,54.7427,0.70138,194.3,0.202433
213.99,-6.25362,54.2243,0.69941,193.391,0.203022
215.02,-5.46982,53.9496,0.69663,193.338,0.202474
216.05,-5.29178,54.1007,0.69643,194.808,0.20191
217.08,-5.08946,53.8111,0.69527,194.689,0.202202
218.11,-4.52897,53.6473,0.69335,195.017,0.2017
219.13,-4.58655,53.8381,0.69391,196.626,0.201401
220.16,-4.67625,53.4966,0.69345,196.297,0.202229
221.19,-4.4076,53.0758,0.6918,195.664,0.202681
222.22,-4.31996,52.8745,0.69112,195.829,0.202961
223.25,-4.15682,52.5212,0.68989,195.423,0.203438
224.28,-4.05566,52.2244,0.68895,195.215,0.203898
225.31,-4.05613,51.7753,0.68796,194.425,0.204847
226.34,-3.76072,51.0982,0.68557,192.76,0.205813
227.37,-3.14908,50.5793,0.68256,191.67,0.2059
228.39,-2.40716,50.4478,0.68007,192.03,0.204883
229.42,-2.04543,50.7169,0.67968,193.925,0.203666
230.45,-2.15442,50.8854,0.6804,195.442,0.203507
231.48,-2.53452,50.5844,0.68077,195.155,0.204817
232.51,-2.4781,49.7025,0.67846,192.605,0.206625
233.54,-1.31507,49.0828,0.67346,191.047,0.205805
234.57,-0.681289,49.8111,0.67353,194.736,0.203031
235.6,-1.58178,50.4615,0.67773,198.146,0.203362
236.62,-2.34702,49.6456,0.67793,195.786,0.206511
237.65,-2.41223,48.4424,0.67511,191.872,0.209321
238.68,-1.82397,47.3568,0.67046,188.385,0.210684
239.71,-0.728059,46.8409,0.66566,187.137,0.209637
240.74,-0.463224,47.0353,0.6654,188.721,0.208635
241.77,-0.523791,46.5206,0.66413,187.455,0.209942
242.8,0.304261,45.6178,0.65896,184.6,0.210209
243.83,1.16228,45.4887,0.65598,184.858,0.208528
244.85,1.60644,45.5045,0.65472,185.696,0.207446
245.88,2.07351,45.245,0.65255,185.414,0.206901
246.91,2.65905,44.9996,0.65009,185.181,0.206
247.94,3.3635,44.831,0.64757,185.257,0.204588
248.97,4.19891,44.8631,0.64542,186.16,0.202369
250,4.78899,45.251,0.64519,188.546,0.200053
251.03,4.93476,45.5645,0.64587,190.634,0.199062
252.06,5.22902,45.4135,0.64463,190.782,0.19859
253.09,5.92163,45.3746,0.64281,191.398,0.196842
254.11,6.38281,45.8325,0.64328,194.108,0.194787
255.14,6.5015,46.1924,0.64422,196.425,0.193835
256.17,6.61419,46.2806,0.64426,197.595,0.193386
257.2,6.80853,46.3304,0.64399,198.603,0.192793
258.23,7.02461,46.4048,0.64376,199.719,0.192102
259.26,7.17488,46.4852,0.6437,200.862,0.191573
260.29,7.31115,46.4603,0.64332,201.552,0.19126
261.32,7.40605,46.3225,0.64265,201.75,0.191243
262.34,7.78807,45.9089,0.64042,200.729,0.190919
263.37,8.67514,45.6418,0.63765,200.345,0.188946
264.4,9.47232,45.9709,0.63723,202.578,0.186252
265.43,10.0487,46.3212,0.63737,204.917,0.184164
266.46,10.7474,46.6033,0.6371,206.965,0.181871
267.49,11.3893,47.1993,0.63806,210.422,0.17935
268.52,11.9065,47.8387,0.63939,214.094,0.177172
269.55,12.4593,48.5268,0.64083,218.007,0.174904
270.57,12.883,49.4875,0.64334,223.164,0.172721
271.6,13.0758,50.5459,0.64643,228.804,0.17107
272.63,13.0527,51.618,0.64978,234.544,0.169957
273.66,12.8144,52.6526,0.65323,240.149,0.169386
274.69,12.4398,53.548,0.65639,245.152,0.169249
275.72,12.1666,54.3351,0.65904,249.688,0.16898
276.75,11.9135,55.4054,0.6624,255.558,0.16834
277.78,11.1124,56.8379,0.66745,263.141,0.168381
278.8,9.66771,57.948,0.67255,269.265,0.169911
279.83,8.04046,58.4732,0.67652,272.709,0.172304
280.86,6.20572,58.6699,0.6802,274.634,0.17535
281.89,4.32267,58.1704,0.68255,273.294,0.179335
282.92,3.16094,57.0627,0.68227,269.07,0.182992
283.95,2.42625,56.251,0.6819,266.208,0.185542
284.98,1.40404,55.6015,0.68263,264.088,0.188386
286.01,0.393693,54.4271,0.68221,259.445,0.19217
287.04,-0.213662,52.8542,0.67993,252.855,0.196122
288.06,-0.219976,51.1724,0.67576,245.679,0.199383
289.09,0.410228,49.7439,0.67033,239.675,0.201026
290.12,1.0384,48.8956,0.6663,236.426,0.20147
291.15,1.42008,48.1332,0.6631,233.567,0.202225
292.18,1.9182,47.1102,0.65873,229.411,0.20325
293.21,2.85742,46.0523,0.6529,225.05,0.203267
294.24,4.13077,45.3587,0.64725,222.439,0.201534
295.27,5.15582,45.0902,0.64372,221.896,0.199408
296.29,6.14061,44.5943,0.63959,220.214,0.197713
297.32,7.64738,43.9954,0.63396,218.012,0.194579
298.35,9.42396,43.9208,0.62995,218.396,0.189538
299.38,11.2656,44.2791,0.62788,220.938,0.183578
300.41,12.8264,45.124,0.62848,225.929,0.177934
301.44,13.8824,45.9294,0.62987,230.749,0.173998
302.47,15.4484,46.0008,0.62814,231.897,0.169498
303.5,17.8345,46.6441,0.62792,235.941,0.162297
304.52,20.1758,48.3654,0.63185,245.47,0.154932
305.55,22.4717,50.3429,0.63673,256.371,0.14821
306.58,24.7462,53.1676,0.64403,271.669,0.141879
307.61,26.4233,56.7527,0.65317,290.962,0.137217
308.64,27.9675,60.1754,0.66125,309.542,0.133274
309.67,30.0878,64.4584,0.6705,332.68,0.128476
310.7,32.189,70.9546,0.68344,367.427,0.123698
311.73,32.242,80.4329,0.70079,417.889,0.121194
312.76,27.5086,91.2777,0.72012,475.8,0.122844
313.78,18.482,99.22,0.73669,518.887,0.127803
314.81,8.39546,103.668,0.75011,543.929,0.133448
315.84,-2.87106,106.642,0.76396,561.361,0.13916
316.87,-16.9668,106.07,0.77927,560.176,0.14714
317.9,-29.8319,98.5127,0.79157,521.953,0.158522
318.93,-35.6449,87.9762,0.79612,467.637,0.170384
319.96,-37.7339,79.7462,0.79755,425.26,0.179999
320.99,-39.4984,72.652,0.80009,388.676,0.189071
322.01,-39.4407,65.7721,0.80002,352.988,0.198691
323.04,-37.8148,60.109,0.7967,323.627,0.207679
324.07,-35.604,56.0859,0.7914,302.929,0.21495
325.1,-33.626,53.4782,0.78605,289.763,0.22017
326.13,-32.6349,51.2308,0.78343,278.465,0.224877
327.16,-31.5139,48.8329,0.78033,266.27,0.23025
328.19,-30.0391,46.8743,0.77566,256.394,0.235049
329.22,-28.9154,45.224,0.77194,248.144,0.239307
330.24,-27.6721,43.7675,0.76747,240.896,0.243318
331.27,-26.5576,42.6166,0.76319,235.293,0.246655
332.3,-25.7755,41.3845,0.76017,229.201,0.250299
333.33,-24.6172,40.1684,0.75529,223.156,0.254131
334.36,-23.408,39.3762,0.74979,219.431,0.256782
335.39,-22.5792,38.7536,0.74587,216.626,0.258882
336.42,-21.7929,38.0966,0.74202,213.607,0.261131
337.45,-21.0274,37.5381,0.73813,211.121,0.263076
338.48,-20.4477,37.0184,0.73509,208.833,0.264913
339.5,-19.9379,36.4137,0.73233,206.041,0.267097
340.53,-19.3558,35.7696,0.72908,203.011,0.269477
341.56,-18.7781,35.1036,0.72574,199.833,0.272002
342.59,-18.0418,34.4395,0.72135,196.644,0.274563
343.62,-17.1118,34.0793,0.71572,195.172,0.275852
344.65,-16.6239,33.912,0.71271,194.796,0.276411
345.68,-16.3643,33.3626,0.71086,192.213,0.278684
346.71,-15.4756,32.7204,0.70493,189.075,0.281183
347.73,-14.4682,32.6147,0.69841,189.018,0.281131
348.76,-13.9623,32.8056,0.69535,190.688,0.279914
349.79,-13.8105,32.7946,0.69437,191.187,0.279853
350.82,-13.7042,32.386,0.69326,189.361,0.281669
351.85,-13.0984,31.8559,0.6887,186.808,0.283703
352.88,-12.2439,31.7701,0.68291,186.85,0.283322
353.91,-11.9104,31.9838,0.68101,188.656,0.281931
354.94,-11.8412,31.9152,0.68045,188.8,0.282187
355.96,-11.5514,31.6283,0.67808,187.64,0.28326
356.99,-11.1094,31.4475,0.67482,187.107,0.28362
358.02,-10.7033,31.4405,0.67208,187.605,0.283123
359.05,-10.4847,31.5018,0.67073,188.512,0.282516
360.08,-10.4241,31.4413,0.67021,188.69,0.282732
361.11,-10.2738,31.2386,0.66881,188.01,0.283534
362.14,-10.0529,31.0492,0.66694,187.403,0.284168
363.17,-9.84839,30.874,0.66519,186.875,0.284752
364.2,-9.56205,30.7276,0.66292,186.517,0.285053
365.22,-9.38954,30.6519,0.66157,186.578,0.285162
366.25,-9.31735,30.4344,0.66059,185.776,0.286178
367.28,-8.94855,30.1414,0.65735,184.506,0.28709
368.31,-8.5494,30.0766,0.6544,184.625,0.286704
369.34,-8.31346,30.111,0.65284,185.353,0.286068
370.37,-8.11019,30.1351,0.65149,186.019,0.285537
371.4,-8.08257,30.128,0.65128,186.492,0.285519
372.43,-8.00498,29.9459,0.65026,185.879,0.286336
373.45,-7.70907,29.8011,0.6478,185.487,0.2865
374.48,-7.52376,29.8456,0.64663,186.277,0.285862
375.51,-7.49769,29.8604,0.64649,186.881,0.285726
376.54,-7.46383,29.7881,0.64605,186.94,0.286041
377.57,-7.50428,29.6881,0.64605,186.822,0.286671
378.6,-7.63809,29.3899,0.64616,185.45,0.288594
379.63,-7.42538,28.8923,0.64322,182.807,0.290907
380.66,-6.86071,28.6683,0.63844,181.881,0.290869
381.68,-6.60808,28.8153,0.63707,183.304,0.289415
382.71,-6.65507,28.8349,0.63747,183.923,0.289421
383.74,-6.653,28.5924,0.63669,182.868,0.290793
384.77,-6.54525,28.1981,0.63464,180.83,0.292802
385.8,-6.02045,27.7923,0.62938,178.704,0.29381
386.83,-5.24149,27.8303,0.62375,179.426,0.291354
387.86,-4.93822,28.3275,0.62344,183.119,0.287567
388.89,-5.13985,28.618,0.62595,185.488,0.286534
389.92,-5.21293,28.4704,0.62592,185.02,0.28758
390.94,-4.99754,28.3089,0.62379,184.452,0.287853
391.97,-4.73962,28.3513,0.62213,185.214,0.286822
393,-4.57025,28.5346,0.62166,186.901,0.285264
394.03,-4.63646,28.744,0.62293,188.766,0.284309
395.06,-4.85889,28.7298,0.62441,189.166,0.28507
396.09,-4.79755,28.5265,0.62321,188.318,0.286015
397.12,-4.64808,28.5268,0.62217,188.81,0.285551
398.15,-4.77304,28.5947,0.6233,189.749,0.285559
399.17,-4.84929,28.4213,0.62317,189.082,0.286765
400.2,-4.70803,28.2436,0.62149,188.385,0.287333
401.23,-4.58821,28.2423,0.62064,188.861,0.286964
402.26,-4.61275,28.2671,0.62091,189.512,0.286901
403.29,-4.67716,28.1765,0.62101,189.388,0.287618
404.32,-4.64642,28.0104,0.62014,188.752,0.288472
405.35,-4.53488,27.8809,0.61883,188.358,0.288862
406.38,-4.35288,27.8632,0.61746,188.718,0.288371
407.4,-4.3332,27.9938,0.61785,190.078,0.287557
408.43,-4.5847,27.9977,0.61965,190.585,0.288349
409.46,-4.65754,27.7041,0.61901,189.062,0.290285
410.49,-4.44426,27.4873,0.61659,188.054,0.290866
411.52,-4.29772,27.5296,0.6157,188.816,0.29013
412.55,-4.34288,27.6256,0.61642,189.949,0.289718
413.58,-4.55809,27.5942,0.61785,190.207,0.290609
414.61,-4.75815,27.3165,0.61821,188.762,0.292904
415.64,-4.64644,26.9315,0.61583,186.563,0.294874
416.66,-4.37747,26.7684,0.61313,185.889,0.294974
417.69,-4.28346,26.794,0.61253,186.527,0.294494
418.72,-4.30441,26.7519,0.61251,186.692,0.294825
419.75,-4.31828,26.6227,0.61207,186.248,0.29567
420.78,-4.30527,26.4525,0.61125,185.511,0.296685
421.81,-4.19975,26.2796,0.6097,184.75,0.297402
422.84,-4.0941,26.1814,0.60846,184.509,0.297646
423.87,-4.01467,26.1205,0.60758,184.529,0.297746
424.89,-4.02141,26.0589,0.60736,184.536,0.298162
425.92,-4.0747,25.8722,0.60695,183.658,0.299554
426.95,-3.849,25.6343,0.60411,182.41,0.300261
427.98,-3.66692,25.6536,0.60277,182.987,0.299443
429.01,-3.76242,25.6716,0.6036,183.556,0.299691
430.04,-3.73428,25.4872,0.60253,182.675,0.300787
431.07,-3.72561,25.3338,0.60175,182.011,0.301765
432.1,-3.66047,25.0866,0.60007,180.665,0.30316
433.13,-3.33389,24.8954,0.59652,179.715,0.303136
434.15,-3.16537,24.9622,0.5955,180.622,0.301991
435.18,-3.11458,24.9931,0.59525,181.275,0.301572
436.21,-3.12206,24.9651,0.59517,181.5,0.301791
437.24,-3.21284,24.809,0.59512,180.792,0.303219
438.27,-3.00838,24.5138,0.59198,179.061,0.304361
439.3,-2.68062,24.4532,0.58902,179.038,0.303333
440.33,-2.49997,24.5962,0.58834,180.508,0.301552
441.36,-2.49749,24.7543,0.58916,182.093,0.300486
442.38,-2.74309,24.7576,0.59111,182.538,0.301554
443.41,-2.79971,24.4267,0.58984,180.517,0.304045
444.44,-2.4821,24.1579,0.58584,178.945,0.304454
445.47,-2.21481,24.2243,0.58406,179.854,0.302746
446.5,-2.17636,24.3662,0.58454,181.325,0.301603
447.53,-2.26038,24.3656,0.5852,181.739,0.302002
448.56,-2.27584,24.2051,0.58444,180.957,0.303166
449.59,-2.10043,24.0349,0.58209,180.097,0.303494
450.61,-1.84219,24.0543,0.58015,180.652,0.302098
451.64,-1.78933,24.2557,0.58089,182.581,0.30048
452.67,-1.98509,24.3376,0.58288,183.615,0.300883
453.7,-2.10096,24.1534,0.58276,182.64,0.302686
454.73,-2.01938,23.9375,0.58089,181.418,0.30377
455.76,-1.8682,23.8467,0.57916,181.139,0.303648
456.79,-1.773,23.855,0.57845,181.612,0.303114
457.82,-1.81084,23.8445,0.57869,181.942,0.303376
458.85,-1.81055,23.6905,0.57779,181.173,0.30444
459.87,-1.63272,23.5395,0.57547,180.419,0.30458
460.9,-1.49575,23.5438,0.5744,180.855,0.303836
461.93,-1.41943,23.5531,0.57385,181.331,0.30337
462.96,-1.3361,23.5595,0.57323,181.785,0.302884
463.99,-1.35767,23.5824,0.57354,182.367,0.302841
465.02,-1.34777,23.4952,0.57293,182.096,0.303389
466.05,-1.23542,23.4234,0.5716,181.941,0.303282
467.08,-1.1949,23.4395,0.57138,182.469,0.302952
468.1,-1.16475,23.4085,0.57095,182.625,0.303002
469.13,-1.13727,23.3726,0.57051,182.746,0.3031
470.16,-1.13254,23.3066,0.57006,182.63,0.30353
471.19,-1.0125,23.2064,0.56848,182.243,0.303561
472.22,-0.903465,23.2185,0.5677,182.738,0.302866
473.25,-0.86572,23.249,0.5676,183.377,0.302443
474.28,-0.808101,23.2551,0.56719,183.824,0.302076
475.31,-0.813164,23.3067,0.56756,184.632,0.301752
476.33,-0.891495,23.3053,0.56816,185.017,0.302202
477.36,-0.961601,23.1971,0.56802,184.556,0.303341
478.39,-0.917647,23.0297,0.5666,183.619,0.304258
479.42,-0.769765,22.9311,0.56479,183.227,0.3041
480.45,-0.656328,22.9527,0.56404,183.794,0.303289
481.48,-0.637843,22.9959,0.56418,184.535,0.302882
482.51,-0.674732,22.9673,0.56428,184.699,0.303295
483.54,-0.634518,22.8575,0.56324,184.208,0.303824
484.57,-0.473156,22.81,0.56166,184.217,0.303198
485.59,-0.404352,22.9224,0.56188,185.515,0.302012
486.62,-0.517207,22.9986,0.56326,186.526,0.302157
487.65,-0.598499,22.8911,0.56318,186.047,0.303379
488.68,-0.520819,22.7634,0.56172,185.4,0.303808
489.71,-0.427008,22.7773,0.56108,185.904,0.303149
490.74,-0.478915,22.8496,0.56197,186.887,0.302959
491.77,-0.6005,22.8044,0.56262,186.909,0.303995
492.8,-0.65885,22.6526,0.56207,186.054,0.305409
493.82,-0.633308,22.4953,0.56081,185.144,0.306376
494.85,-0.567001,22.3792,0.55949,184.572,0.306808
495.88,-0.511284,22.3,0.5585,184.302,0.307037
496.91,-0.47902,22.2158,0.55766,183.988,0.307446
497.94,-0.429344,22.1009,0.55646,183.415,0.307971
498.97,-0.333056,21.9883,0.55489,182.858,0.308183
500,-0.240942,21.9073,0.55357,182.561,0.308184
501.03,-0.119727,21.8192,0.55196,182.201,0.308039
502.05,0.066882,21.7894,0.55025,182.323,0.307024
503.08,0.129907,21.8767,0.55039,183.429,0.305978
504.11,0.0689914,21.8683,0.55081,183.734,0.306442
505.14,0.104811,21.7039,0.54932,182.725,0.30739
506.17,0.29932,21.5768,0.54683,182.025,0.30699
507.2,0.516462,21.6231,0.54548,182.787,0.305157
508.23,0.514732,21.7695,0.5466,184.399,0.304134
509.26,0.427,21.7299,0.54698,184.436,0.305016
510.29,0.468961,21.5547,0.54533,183.319,0.305975
511.31,0.605561,21.4155,0.5432,182.5,0.306011
512.34,0.850853,21.3363,0.54069,182.191,0.304813
513.37,1.04167,21.3993,0.53974,183.096,0.30298
514.4,1.17127,21.4592,0.53925,183.977,0.301615
515.43,1.36866,21.5263,0.53834,184.922,0.299703
516.46,1.38554,21.723,0.53978,186.985,0.298266
517.49,1.34552,21.7387,0.54019,187.493,0.298455
518.52,1.51265,21.6857,0.53858,187.408,0.297578
519.54,1.63325,21.8551,0.53908,189.243,0.295588
520.57,1.59955,22.0375,0.54075,191.201,0.294665
521.6,1.47638,22.1077,0.54215,192.189,0.295103
522.63,1.37619,22.0354,0.54229,191.939,0.296286
523.66,1.48163,21.9086,0.54056,191.211,0.29635
524.69,1.58553,21.9805,0.5404,192.216,0.295131
525.72,1.47635,22.0767,0.54191,193.436,0.295302
526.75,1.37077,21.925,0.54147,192.483,0.297044
527.77,1.51784,21.6815,0.53851,190.714,0.297567
528.8,1.78545,21.627,0.5362,190.606,0.295925
529.83,1.94602,21.7234,0.53588,191.828,0.294098
530.86,2.06278,21.7735,0.5355,192.644,0.292901
531.89,2.19259,21.8192,0.53501,193.423,0.291634
532.92,2.34683,21.8936,0.53461,194.459,0.290007
533.95,2.50586,22.0455,0.53483,196.187,0.287892
534.98,2.45916,22.2672,0.53691,198.542,0.286942
536.01,2.41154,22.256,0.53712,198.824,0.287363
537.03,2.61968,22.2162,0.5355,198.846,0.286036
538.06,2.71685,22.471,0.53695,201.512,0.283856
539.09,2.60821,22.6515,0.53904,203.52,0.283638
540.12,2.54251,22.6337,0.5393,203.748,0.284219
541.15,2.52524,22.5885,0.53905,203.729,0.284602
542.18,2.66018,22.4905,0.53745,203.232,0.284165
543.21,2.88163,22.537,0.53649,204.039,0.282261
544.23,2.94294,22.7105,0.53751,205.995,0.280855
545.26,2.96474,22.7215,0.53747,206.485,0.280634
546.29,3.16833,22.6546,0.53576,206.266,0.279483
547.32,3.46918,22.7556,0.53488,207.577,0.276699
548.35,3.65237,23.0064,0.53589,210.26,0.274059
549.38,3.7393,23.1781,0.53679,212.227,0.272567
550.41,3.95842,23.2398,0.53614,213.191,0.270653
551.44,4.29434,23.4362,0.53601,215.394,0.267261
552.47,4.58242,23.8036,0.53751,219.18,0.263524
553.49,4.80198,24.2157,0.53968,223.386,0.2602
554.52,4.92987,24.6664,0.54252,227.967,0.257461
555.55,5.09531,25.0524,0.54467,231.964,0.254805
556.58,5.39001,25.5581,0.54713,237.086,0.250924
557.61,5.43459,26.3794,0.55275,245.157,0.247659
558.64,5.24284,27.0219,0.55788,251.592,0.246551
559.67,5.2281,27.4646,0.56087,256.185,0.24508
560.7,5.28622,28.144,0.56503,263.005,0.242412
561.72,5.26857,28.9765,0.57029,271.278,0.239734
562.75,5.1313,29.9576,0.57667,280.977,0.237268
563.78,4.72547,31.055,0.58442,291.803,0.235755
564.81,4.27971,32.0605,0.59151,301.802,0.234617
565.84,3.79144,33.348,0.5999,314.494,0.232677
566.87,2.6443,35.0238,0.61213,330.899,0.231941
567.9,0.726055,36.3563,0.62534,344.112,0.234347
568.93,-1.38437,37.0605,0.63684,351.414,0.238449
569.96,-3.6885,37.5016,0.64859,356.24,0.24307
570.98,-6.48444,37.4192,0.66166,356.093,0.249699
572.01,-9.22549,36.2888,0.67306,345.959,0.25914
573.04,-11.3155,34.4514,0.68129,329.034,0.269886
574.07,-12.7776,32.3369,0.68718,309.394,0.281121
575.1,-13.6154,30.1433,0.6905,288.923,0.292622
576.13,-13.9442,28.0449,0.69148,269.292,0.304074
577.16,-13.8552,26.1201,0.69006,251.258,0.31533
578.19,-13.3867,24.5097,0.68574,236.187,0.325564
579.21,-12.8233,23.2633,0.68041,224.572,0.334172
580.24,-12.2563,22.2216,0.67475,214.897,0.341912
581.27,-11.6509,21.3181,0.66833,206.527,0.349082
582.3,-10.9646,20.5926,0.66058,199.851,0.355161
583.33,-10.2766,20.1338,0.6524,195.744,0.35908
584.36,-9.86231,19.7778,0.64722,192.623,0.362202
585.39,-9.48274,19.3013,0.64219,188.313,0.366576
586.42,-8.87877,18.9053,0.63411,184.774,0.370104
587.45,-8.36478,18.7332,0.62718,183.413,0.371362
588.47,-8.01615,18.6386,0.62243,182.804,0.371909
589.5,-7.80349,18.49,0.61933,181.664,0.373189
590.53,-7.61881,18.1785,0.61623,178.916,0.376304
591.56,-7.13073,17.8891,0.60887,176.375,0.378693
592.59,-6.67007,17.8871,0.60246,176.662,0.377724
593.62,-6.54132,17.9362,0.60082,177.455,0.376847
594.65,-6.43228,17.7919,0.59887,176.333,0.378243
595.67,-6.2283,17.5621,0.59528,174.353,0.38041
596.7,-5.84779,17.3895,0.58928,172.939,0.381381
597.73,-5.40983,17.4695,0.58338,174.034,0.378972
598.76,-5.34896,17.6937,0.58346,176.571,0.376077
599.79,-5.48837,17.6369,0.58516,176.307,0.377241
600.82,-5.33949,17.3736,0.58199,173.973,0.379885
601.85,-5.02254,17.2835,0.57711,173.368,0.379798
602.88,-4.85706,17.3556,0.57511,174.389,0.378254
603.91,-4.79762,17.3751,0.57437,174.883,0.377772
604.93,-4.68871,17.3527,0.57274,174.953,0.377586
605.96,-4.63583,17.3563,0.57202,175.287,0.377315
606.99,-4.58636,17.3281,0.57119,175.3,0.377444
608.02,-4.54411,17.2982,0.57045,175.295,0.377623
609.05,-4.5582,17.2194,0.57025,174.791,0.378654
610.08,-4.43027,17.1007,0.56784,173.88,0.379551
611.11,-4.30498,17.0947,0.56604,174.113,0.379045
612.14,-4.2655,17.1331,0.56569,174.798,0.378381
613.16,-4.30419,17.1288,0.56621,175.044,0.378618
614.19,-4.34215,17.0447,0.5663,174.478,0.379843
615.22,-4.3183,16.9295,0.56535,173.589,0.38118
616.25,-4.25827,16.8546,0.56409,173.111,0.381844
617.28,-4.25762,16.8118,0.56385,172.96,0.382386
618.31,-4.29915,16.7149,0.56393,172.249,0.383828
619.34,-4.29219,16.5564,0.56298,170.9,0.385851
620.37,-4.22831,16.4,0.56119,169.567,0.387604
621.4,-4.13553,16.2756,0.55912,168.561,0.388806
622.42,-4.04192,16.186,0.55721,167.909,0.38954
623.45,-3.96913,16.1124,0.55569,167.422,0.390162
624.48,-3.90865,16.0294,0.55429,166.834,0.390978
625.51,-3.82973,15.9384,0.55255,166.161,0.391807
626.54,-3.73037,15.8719,0.55063,165.74,0.392184
627.57,-3.65707,15.8396,0.54931,165.674,0.392223
628.6,-3.61815,15.81,0.54853,165.636,0.392413
629.63,-3.60405,15.7696,0.54806,165.483,0.392898
630.65,-3.64174,15.6897,0.54814,164.912,0.394237
631.68,-3.64984,15.5207,0.54721,163.402,0.396689
632.71,-3.54038,15.3348,0.5443,161.708,0.398746
633.74,-3.39428,15.2245,0.54125,160.806,0.399486
634.77,-3.2743,15.1645,0.53893,160.433,0.399623
635.8,-3.17881,15.1146,0.53706,160.164,0.399752
636.83,-3.11212,15.0501,0.53554,159.739,0.400276
637.86,-3.02053,14.951,0.53336,158.944,0.40115
638.89,-2.85609,14.8755,0.53016,158.397,0.401151
639.91,-2.71238,14.8845,0.52793,158.746,0.399981
640.94,-2.65451,14.909,0.5272,159.263,0.399189
641.97,-2.60155,14.8782,0.52612,159.189,0.399258
643,-2.50656,14.8433,0.52434,159.071,0.399065
644.03,-2.41804,14.8513,0.52301,159.411,0.398261
645.06,-2.37228,14.879,0.52252,159.965,0.397488
646.09,-2.3819,14.8802,0.52268,160.233,0.397546
647.11,-2.39612,14.8078,0.52231,159.705,0.398744
648.14,-2.31342,14.6961,0.52008,158.752,0.399779
649.17,-2.16071,14.6642,0.5174,158.659,0.399018
650.2,-2.08594,14.7313,0.51681,159.638,0.397379
651.23,-2.12914,14.767,0.51779,160.279,0.397203
652.26,-2.16149,14.6919,0.51765,159.715,0.398604
653.29,-2.11396,14.5805,0.51594,158.755,0.399904
654.32,-2.01861,14.5016,0.51374,158.144,0.400302
655.35,-1.89574,14.4734,0.51155,158.085,0.399662
656.37,-1.81497,14.5013,0.51054,158.637,0.398514
657.4,-1.79627,14.5188,0.51041,159.078,0.398079
658.43,-1.75786,14.4935,0.50958,159.049,0.398117
659.46,-1.70528,14.4844,0.50868,159.198,0.397776
660.49,-1.68652,14.4855,0.5084,159.459,0.397587
661.52,-1.65723,14.4613,0.50772,159.441,0.397685
662.55,-1.61392,14.4506,0.50695,159.571,0.397445
663.58,-1.60947,14.4537,0.50691,159.853,0.397357
664.6,-1.61138,14.4231,0.50665,159.76,0.39784
665.63,-1.58919,14.3815,0.50591,159.546,0.398268
666.66,-1.58952,14.3433,0.50555,159.368,0.398857
667.69,-1.56701,14.2705,0.5045,158.805,0.399767
668.72,-1.49636,14.2113,0.50282,158.389,0.400005
669.75,-1.46327,14.1865,0.50206,158.357,0.400067
670.78,-1.42397,14.1263,0.50085,157.927,0.400619
671.81,-1.32427,14.0733,0.49876,157.577,0.400448
672.84,-1.24499,14.0815,0.49761,157.91,0.399511
673.86,-1.19653,14.097,0.49702,158.323,0.398771
674.89,-1.16012,14.1076,0.49657,158.685,0.398228
675.92,-1.15161,14.1087,0.49645,158.939,0.398124
676.95,-1.11599,14.0822,0.49563,158.883,0.39816
677.98,-1.05795,14.0848,0.49477,159.154,0.397508
679.01,-1.04861,14.1212,0.49501,159.808,0.396849
680.04,-1.07972,14.1219,0.49549,160.058,0.397167
681.07,-1.08224,14.0761,0.49505,159.781,0.397899
682.09,-1.04628,14.0447,0.49417,159.662,0.398004
683.12,-1.04092,14.0467,0.49411,159.927,0.397914
684.15,-1.06853,14.0208,0.49426,159.873,0.398609
685.18,-1.0691,13.9498,0.49352,159.302,0.399723
686.21,-1.02735,13.8778,0.49211,158.718,0.400402
687.24,-0.952791,13.8381,0.49053,158.501,0.400213
688.27,-0.894256,13.8474,0.48973,158.846,0.399419
689.3,-0.890131,13.867,0.48988,159.308,0.399066
690.33,-0.901562,13.8472,0.48984,159.319,0.399503
691.35,-0.890186,13.8054,0.48921,159.073,0.400032
692.38,-0.866522,13.773,0.48849,158.936,0.400278
693.41,-0.848018,13.7498,0.48795,158.904,0.400435
694.44,-0.84459,13.7202,0.48757,158.798,0.400865
695.47,-0.828354,13.6707,0.48677,158.459,0.401466
696.5,-0.794928,13.6231,0.48572,158.141,0.401842
697.53,-0.755046,13.5856,0.48468,157.939,0.401979
698.55,-0.71254,13.5564,0.48369,157.83,0.40195
699.58,-0.673304,13.5333,0.48282,157.794,0.401855
702.16,-0.565977,13.4895,0.48066,157.863,0.40127
706.01,-0.435058,13.4789,0.47854,158.605,0.399835
709.87,-0.369383,13.5126,0.47795,159.87,0.398489
713.73,-0.410615,13.5313,0.47879,160.961,0.398708
717.59,-0.493119,13.449,0.47907,160.848,0.401027
721.45,-0.530389,13.2769,0.47761,159.644,0.404266
725.3,-0.482865,13.0799,0.4745,158.115,0.406917
729.16,-0.362083,12.927,0.47071,157.098,0.407907
733.02,-0.249857,12.8555,0.46804,157.056,0.407606
736.88,-0.203446,12.8131,0.46677,157.362,0.407687
740.74,-0.184737,12.7349,0.46547,157.221,0.40875
744.59,-0.154534,12.6354,0.4637,156.803,0.410023
748.45,-0.14094,12.5368,0.46219,156.387,0.411528
752.31,-0.151485,12.3935,0.46046,155.396,0.414185
756.17,-0.0839219,12.1804,0.45648,153.508,0.416991
760.03,0.100565,12.0041,0.451,152.058,0.417347
763.88,0.310513,11.9579,0.44695,152.24,0.414817
767.74,0.427846,12.0172,0.44597,153.769,0.41185
771.6,0.410527,12.0672,0.44697,155.185,0.411263
775.46,0.33747,12.0051,0.44721,155.158,0.41354
779.32,0.323172,11.842,0.44505,153.812,0.416687
783.17,0.404867,11.6694,0.44116,152.318,0.41845
787.03,0.538743,11.5555,0.43727,151.575,0.418205
790.89,0.667993,11.5054,0.43444,151.658,0.416804
794.75,0.771059,11.4913,0.43261,152.212,0.415177
798.61,0.844111,11.4984,0.4316,153.045,0.413704
802.46,0.867152,11.5159,0.43153,154.018,0.412967
806.32,0.841223,11.5031,0.43172,154.587,0.413673
810.18,0.813142,11.4312,0.431,154.356,0.415474
814.04,0.826284,11.3267,0.42911,153.674,0.417111
817.9,0.876383,11.2379,0.42688,153.192,0.417769
821.75,0.924984,11.1849,0.42525,153.186,0.417792
825.61,0.930881,11.1411,0.42443,153.303,0.418476
829.47,0.923456,11.0476,0.42298,152.727,0.420345
833.33,0.98305,10.9147,0.41979,151.593,0.421619
837.19,1.10322,10.8367,0.41657,151.207,0.42059
841.04,1.18017,10.8475,0.41558,152.054,0.418774
844.9,1.1675,10.8554,0.41591,152.862,0.418897
848.76,1.14348,10.7814,0.41498,152.513,0.420768
852.62,1.17973,10.6723,0.41249,151.658,0.422024
856.48,1.24732,10.6021,0.41019,151.341,0.421863
860.33,1.2956,10.5655,0.40879,151.497,0.421477
864.19,1.32769,10.5221,0.40751,151.551,0.421567
868.05,1.36574,10.4696,0.40597,151.469,0.421683
871.91,1.41403,10.4284,0.40448,151.544,0.421343
875.77,1.44777,10.412,0.40367,151.976,0.420868
879.62,1.43854,10.3977,0.40354,152.434,0.421347
883.48,1.40595,10.3374,0.4029,152.214,0.423229
887.34,1.40677,10.2247,0.40076,151.213,0.425342
891.2,1.4693,10.109,0.39759,150.153,0.426051
895.06,1.56587,10.0399,0.39479,149.772,0.424995
898.91,1.65136,10.0213,0.39316,150.138,0.423211
902.77,1.70444,10.023,0.39242,150.807,0.421846
906.63,1.74667,10.0193,0.39174,151.396,0.420847
910.49,1.78754,10.0345,0.39146,152.271,0.419536
914.35,1.75941,10.0831,0.39282,153.658,0.419367
918.2,1.65137,10.063,0.39398,153.997,0.422436
922.06,1.60319,9.90964,0.39166,152.288,0.426534
925.92,1.70915,9.75098,0.38689,150.477,0.426818
929.78,1.87022,9.74045,0.38435,150.941,0.422738
933.64,1.92577,9.8599,0.38602,153.427,0.419097
937.49,1.83199,9.95111,0.38917,155.484,0.419905
941.35,1.71933,9.90675,0.38989,155.429,0.423619
945.21,1.6905,9.81626,0.38849,154.64,0.426066
949.07,1.65301,9.78927,0.3885,154.845,0.427557
952.93,1.52872,9.73054,0.3892,154.542,0.431936
956.78,1.47065,9.52702,0.38596,151.921,0.437591
960.64,1.58509,9.32882,0.38,149.361,0.438572
964.5,1.72974,9.30477,0.37725,149.574,0.434986
968.36,1.73193,9.38214,0.37887,151.421,0.433378
972.22,1.61453,9.36332,0.38027,151.72,0.43704
976.07,1.54347,9.19757,0.37786,149.625,0.442504
979.93,1.60469,9.00813,0.37275,147.122,0.444792
983.79,1.722,8.9152,0.36882,146.178,0.443261
987.65,1.79157,8.89871,0.36737,146.48,0.441482
991.51,1.82348,8.86681,0.36616,146.526,0.441162
995.36,1.86809,8.8223,0.36447,146.356,0.440695
999.22,1.88283,8.80927,0.36395,146.707,0.440501
1003.08,1.85898,8.76179,0.36322,146.48,0.44224
1006.94,1.88414,8.65314,0.36032,145.22,0.443713
1010.8,1.964,8.57986,0.3574,144.542,0.442633
1014.65,2.02,8.56945,0.35633,144.917,0.44099
1018.51,2.03605,8.55065,0.35565,145.149,0.440839
1022.37,2.06829,8.49852,0.35394,144.811,0.440816
1026.23,2.12556,8.47006,0.35244,144.87,0.439443
1030.09,2.15659,8.4869,0.35241,145.705,0.438048
1033.94,2.13384,8.50154,0.35308,146.501,0.438532
1037.8,2.08406,8.46713,0.35296,146.453,0.440918
1041.66,2.0622,8.38293,0.35124,145.536,0.443394
1045.52,2.08176,8.29953,0.34892,144.622,0.444439
1049.38,2.10263,8.24279,0.34722,144.164,0.444877
1053.23,2.12097,8.17613,0.3453,143.522,0.445604
1057.09,2.17557,8.09872,0.34258,142.685,0.445215
1060.95,2.25795,8.06808,0.34066,142.664,0.442787
1064.81,2.29324,8.10119,0.34102,143.77,0.440816
1068.67,2.25988,8.11457,0.34181,144.53,0.441785
1072.52,2.23683,8.06138,0.34078,144.1,0.443708
1076.38,2.24426,8.01826,0.33958,143.845,0.444304
1080.24,2.18916,8.00541,0.34002,144.129,0.446638
1084.1,2.11133,7.88489,0.33804,142.467,0.45214
1087.96,2.18105,7.67377,0.33149,139.146,0.453976
1091.81,2.37868,7.58789,0.32647,138.076,0.447719
1095.67,2.50163,7.70283,0.32798,140.663,0.440439
1099.53,2.41806,7.83938,0.33264,143.66,0.441167
1103.39,2.2374,7.78559,0.33365,143.176,0.449359
1107.25,2.17982,7.55749,0.32839,139.467,0.456559
1111.1,2.3041,7.35444,0.32108,136.192,0.455712
1114.96,2.45791,7.3171,0.31801,135.971,0.449778
1118.82,2.4961,7.34904,0.31842,137.037,0.447475
1122.68,2.51915,7.2684,0.31588,136.002,0.448032
1126.54,2.66269,7.1731,0.31149,134.68,0.443362
1130.39,2.81876,7.24868,0.31193,136.564,0.434975
1134.25,2.803,7.42267,0.31693,140.319,0.432774
1138.11,2.63944,7.45619,0.31966,141.433,0.439252
1141.97,2.53629,7.29299,0.31636,138.806,0.446795
1145.83,2.60053,7.09337,0.30993,135.463,0.447699
1149.68,2.75845,7.00651,0.30566,134.254,0.441879
1153.54,2.8836,7.04085,0.30537,135.365,0.435395
1157.4,2.92678,7.09706,0.30656,136.902,0.432482
1161.26,2.937,7.10787,0.30677,137.568,0.431839
1165.12,2.96032,7.09912,0.3063,137.855,0.430891
1168.97,2.99092,7.10665,0.30623,138.458,0.429355
1172.83,2.99786,7.13356,0.30693,139.441,0.42863
1176.69,2.97016,7.14567,0.30753,140.137,0.429724
1180.55,2.93688,7.11521,0.30698,139.998,0.43173
1184.41,2.92623,7.05875,0.30547,139.341,0.433108
1188.26,2.94133,6.99903,0.30361,138.611,0.433327
1192.12,2.98589,6.94447,0.30162,137.977,0.432033
1195.98,3.05169,6.9232,0.30042,138,0.429178
1199.84,3.09357,6.95214,0.3009,139.024,0.426753
1203.7,3.07953,6.98308,0.30191,140.092,0.426989
1207.55,3.04873,6.95895,0.30148,140.055,0.428805
1211.41,3.05392,6.90387,0.29984,139.39,0.429348
1215.27,3.08651,6.87384,0.29869,139.226,0.42819
1219.13,3.10184,6.87273,0.29853,139.646,0.427458
1222.99,3.10494,6.85266,0.29792,139.679,0.427584
1226.84,3.11629,6.82502,0.29702,139.554,0.427406
1230.7,3.14055,6.80126,0.29613,139.505,0.42653
1234.56,3.16597,6.79783,0.29583,139.872,0.425318
1238.42,3.16509,6.81127,0.29623,140.587,0.425185
1242.28,3.1349,6.80144,0.29618,140.822,0.426807
1246.13,3.12053,6.74483,0.29463,140.082,0.428286
1249.99,3.15223,6.68598,0.29264,139.29,0.427474
1253.85,3.19883,6.67218,0.29188,139.432,0.425287
1257.71,3.21706,6.68614,0.29216,140.154,0.424188
1261.57,3.21871,6.68215,0.29203,140.5,0.424154
1265.42,3.21753,6.67747,0.2919,140.83,0.424272
1269.28,3.20923,6.67138,0.29178,141.131,0.424769
1273.14,3.18162,6.66013,0.29165,141.321,0.426316
1277,3.16085,6.60763,0.29024,140.632,0.428056
1280.86,3.18446,6.5448,0.28818,139.716,0.427634
1284.71,3.22574,6.5283,0.28739,139.783,0.42568
1288.57,3.23764,6.5427,0.28774,140.512,0.424884
1292.43,3.21774,6.5424,0.28787,140.927,0.425926
1296.29,3.19032,6.51469,0.28723,140.749,0.427705
1300.15,3.17208,6.46644,0.2859,140.122,0.429275
1304,3.17605,6.40506,0.284,139.203,0.429833
1307.86,3.20369,6.35196,0.28218,138.458,0.428988
1311.72,3.23456,6.32028,0.281,138.174,0.427677
1315.58,3.27051,6.28811,0.27978,137.875,0.426069
1319.44,3.31725,6.27487,0.27909,137.989,0.423636
1323.29,3.35188,6.29539,0.27952,138.844,0.421521
1327.15,3.34502,6.33238,0.28069,140.067,0.421517
1331.01,3.29268,6.34307,0.28133,140.711,0.424248
1334.87,3.23227,6.29223,0.28015,139.988,0.428128
1338.73,3.21834,6.19116,0.2771,138.138,0.430073
1342.58,3.27281,6.09716,0.27382,136.432,0.428013
1346.44,3.3579,6.06612,0.27238,136.128,0.423428
1350.3,3.41673,6.08886,0.2728,137.03,0.419848
1354.16,3.43576,6.11459,0.27351,138.002,0.418542
1358.02,3.43958,6.12291,0.27375,138.584,0.418254
1361.87,3.44529,6.12764,0.27387,139.084,0.417891
1365.73,3.43668,6.14701,0.27451,139.919,0.41821
1369.59,3.39664,6.15584,0.27498,140.516,0.420386
1373.45,3.34332,6.12215,0.27421,140.141,0.423726
1377.31,3.31995,6.04423,0.27189,138.746,0.425832
1381.16,3.34655,5.96763,0.26933,137.371,0.425006
1385.02,3.39174,5.93281,0.26801,136.951,0.422646
1388.88,3.41785,5.92038,0.2675,137.045,0.421203
1392.74,3.44203,5.8886,0.26639,136.688,0.420017
1396.6,3.48884,5.86563,0.26548,136.532,0.417393
1400.45,3.5321,5.88412,0.26591,137.34,0.414697
1404.31,3.5402,5.92,0.26701,138.559,0.413987
1408.17,3.51226,5.94101,0.26777,139.433,0.415484
1412.03,3.46807,5.92605,0.26747,139.463,0.41819
1415.89,3.44078,5.87018,0.26581,138.526,0.420232
1419.74,3.45614,5.80119,0.26355,137.27,0.419813
1423.6,3.50385,5.76045,0.26208,136.676,0.417182
1427.46,3.54884,5.75701,0.26183,136.965,0.414463
1431.32,3.58036,5.76266,0.26192,137.47,0.412519
1435.18,3.60125,5.77991,0.26241,138.254,0.411168
1439.03,3.59832,5.80626,0.26325,139.256,0.411208
1442.89,3.57749,5.81167,0.26348,139.76,0.412428
1446.75,3.56317,5.79896,0.26312,139.827,0.413359
1450.61,3.55207,5.79286,0.26296,140.053,0.414063
1454.47,3.53134,5.78203,0.26268,140.163,0.415379
1458.32,3.51912,5.74978,0.26169,139.75,0.416316
1462.18,3.52296,5.72671,0.26094,139.558,0.416217
1466.04,3.51516,5.7219,0.26081,139.809,0.416724
1469.9,3.49495,5.69629,0.26005,139.55,0.418124
1473.76,3.49783,5.64946,0.25853,138.766,0.418222
1477.61,3.52192,5.62963,0.25782,138.64,0.416823
1481.47,3.52786,5.64035,0.25815,139.267,0.416394
1485.33,3.50645,5.64127,0.25824,139.652,0.417728
1489.19,3.47504,5.62296,0.25774,139.561,0.419807
1493.05,3.44313,5.58647,0.25665,139.015,0.422051
1496.9,3.42757,5.52619,0.25472,137.869,0.423421
1500.76,3.44146,5.46506,0.25266,136.696,0.422872
1504.62,3.4729,5.42676,0.25131,136.087,0.421005
1508.48,3.50067,5.41268,0.25078,136.082,0.419239
1512.34,3.50882,5.41169,0.25073,136.405,0.418706
1516.19,3.49515,5.40143,0.25042,136.493,0.419652
1520.05,3.48248,5.36356,0.24919,135.881,0.420657
1523.91,3.49174,5.31971,0.24771,135.113,0.420214
1527.77,3.50447,5.29884,0.24699,134.924,0.419431
1531.63,3.49821,5.27759,0.24629,134.722,0.41993
1535.48,3.49657,5.22537,0.24454,133.724,0.420212
1539.34,3.52681,5.17158,0.24269,132.68,0.418265
1543.2,3.56729,5.1539,0.24206,132.558,0.415489
1547.06,3.58119,5.15596,0.24212,132.943,0.414523
1550.92,3.57256,5.13376,0.24138,132.701,0.415148
1554.77,3.57945,5.0795,0.23955,131.624,0.414715
1558.63,3.62248,5.02762,0.2378,130.603,0.411677
1562.49,3.68233,5.01182,0.2373,130.515,0.40743
1566.35,3.72363,5.02812,0.23788,131.263,0.40456
1570.21,3.73651,5.04068,0.23831,131.915,0.403689
1574.06,3.74554,5.03074,0.23799,131.978,0.403038
1577.92,3.7728,5.01792,0.2376,131.965,0.401107
1581.78,3.80792,5.03121,0.23809,132.638,0.398715
1585.64,3.81911,5.07156,0.23943,134.028,0.398074
1589.5,3.78628,5.10612,0.24052,135.27,0.400407
1593.35,3.73234,5.09003,0.23994,135.17,0.404071
1597.21,3.71328,5.02331,0.23771,133.721,0.405275
1601.07,3.74958,4.96945,0.23596,132.607,0.402589
1604.93,3.79856,4.97009,0.23606,132.944,0.39915
1608.79,3.8193,4.99505,0.23692,133.933,0.397799
1612.64,3.81962,5.01145,0.23746,134.695,0.397838
1616.5,3.81183,5.03042,0.23807,135.528,0.398442
1620.36,3.785,5.05289,0.23877,136.458,0.400361
1624.22,3.73367,5.06068,0.23897,136.994,0.403927
1628.08,3.66242,5.03968,0.23822,136.75,0.408868
1631.93,3.59539,4.96373,0.23563,135.008,0.413574
1635.79,3.58586,4.83776,0.23132,131.893,0.414114
1639.65,3.65014,4.7374,0.22796,129.461,0.409019
1643.51,3.73619,4.70868,0.22717,128.979,0.402429
1647.37,3.79627,4.71853,0.22767,129.553,0.398029
1651.22,3.83194,4.73467,0.22832,130.3,0.395518
1655.08,3.84872,4.76221,0.22929,131.364,0.394484
1658.94,3.83554,4.78986,0.23017,132.435,0.395618
1662.8,3.79724,4.79123,0.23011,132.781,0.398402
1666.66,3.75802,4.75492,0.22879,132.081,0.401069
1670.51,3.74273,4.68901,0.22652,130.551,0.401824
1674.37,3.76918,4.613,0.22402,128.731,0.399319
1678.23,3.83369,4.56547,0.22265,127.699,0.394041
1682.09,3.90219,4.56659,0.22298,128.023,0.3889
1685.95,3.94727,4.5917,0.22402,129.023,0.385811
1689.8,3.96994,4.62369,0.22518,130.219,0.384479
1693.66,3.9677,4.66267,0.22645,131.616,0.385033
1697.52,3.93468,4.6864,0.22709,132.588,0.38765
1701.38,3.89368,4.66897,0.22635,132.395,0.390487
1705.24,3.87917,4.62472,0.22482,131.438,0.391168
1709.09,3.8905,4.59422,0.22385,130.866,0.390043
1712.95,3.90276,4.57942,0.22341,130.738,0.388985
1716.81,3.9096,4.56528,0.22297,130.629,0.388333
1720.67,3.9156,4.55153,0.22254,130.528,0.387742
1724.53,3.92094,4.53784,0.22211,130.427,0.387197
1728.38,3.92632,4.52353,0.22166,130.306,0.386638
1732.24,3.932,4.50976,0.22123,130.2,0.386057
1736.1,3.93725,4.49602,0.2208,130.092,0.385504
1739.96,3.94259,4.48165,0.22035,129.965,0.384934
1743.82,3.94807,4.46784,0.21992,129.852,0.384353
1747.67,3.95275,4.45413,0.21949,129.739,0.383832
1751.53,3.95435,4.44062,0.21905,129.631,0.383541
1755.39,3.95351,4.41911,0.21833,129.288,0.383329
1759.25,3.96244,4.38598,0.21728,128.601,0.382207
1763.11,3.98545,4.36069,0.21658,128.14,0.380093
1766.96,4.01251,4.34432,0.21621,127.937,0.377785
1770.82,4.04679,4.33165,0.21602,127.843,0.374981
1774.68,4.08753,4.34482,0.21673,128.511,0.372111
1778.54,4.09843,4.39637,0.21848,130.319,0.372105
1782.4,4.05014,4.43112,0.2193,131.634,0.376211
1786.25,3.99037,4.38847,0.21753,130.648,0.380111
1790.11,3.98785,4.30717,0.21482,128.505,0.379118
1793.97,4.03813,4.26078,0.21363,127.395,0.374497
1797.83,4.08892,4.26353,0.21409,127.752,0.370651
1801.69,4.10777,4.28257,0.21485,128.598,0.36955
1805.54,4.11156,4.27647,0.21468,128.689,0.369158
1809.4,4.14104,4.26089,0.2144,128.494,0.366655
1813.26,4.1807,4.2995,0.21595,129.935,0.364384
1817.12,4.1533,4.37905,0.2183,132.621,0.367772
1820.98,4.05532,4.38027,0.21767,132.94,0.375081
1824.83,3.99873,4.27695,0.21389,130.078,0.377806
1828.69,4.03791,4.17984,0.21096,127.394,0.373107
1832.55,4.11454,4.1558,0.21078,126.928,0.3667
1836.41,4.16546,4.17451,0.21181,127.769,0.363168
1840.27,4.18662,4.19479,0.21264,128.659,0.361967
1844.12,4.19878,4.20846,0.21318,129.348,0.361322
1847.98,4.20857,4.22842,0.2139,130.234,0.36098
1851.84,4.19586,4.26391,0.21493,131.601,0.362605
1855.7,4.1478,4.27197,0.21481,132.125,0.366346
1859.56,4.10779,4.22076,0.21284,130.813,0.368448
1863.41,4.12026,4.1525,0.21072,128.963,0.366194
1867.27,4.1762,4.11386,0.20995,128.028,0.361106
1871.13,4.24766,4.11742,0.21071,128.404,0.355755
1874.99,4.30431,4.17732,0.21312,130.54,0.352837
1878.85,4.29846,4.27555,0.21615,133.885,0.355289
1882.7,4.21772,4.33656,0.21742,136.074,0.362319
1886.56,4.12046,4.31729,0.21607,135.747,0.369187
1890.42,4.06128,4.25082,0.21347,133.93,0.372547
1894.28,4.05042,4.17116,0.21077,131.689,0.371971
1898.14,4.08443,4.10648,0.20892,129.911,0.368067
1901.99,4.13814,4.09173,0.2089,129.707,0.363575
1905.85,4.16632,4.11749,0.20998,130.789,0.36194
1909.71,4.15749,4.13599,0.2105,131.642,0.363
1913.57,4.13865,4.13449,0.21029,131.86,0.364417
1917.43,4.11923,4.12939,0.20996,131.963,0.365814
1921.28,4.09076,4.11403,0.20922,131.737,0.367722
1925.14,4.06349,4.07133,0.20759,130.631,0.369007
1929,4.06284,4.0065,0.20545,128.809,0.367696
1932.86,4.10293,3.94771,0.20389,127.173,0.363163
1936.72,4.16749,3.93296,0.20404,126.951,0.357673
1940.57,4.20903,3.96927,0.20562,128.377,0.355298
1944.43,4.20112,4.00107,0.20656,129.663,0.356671
1948.29,4.17968,3.9932,0.2061,129.665,0.358155
1952.15,4.17854,3.97459,0.20549,129.316,0.357805
1956.01,4.1853,3.96973,0.2054,129.414,0.35716
1959.86,4.18346,3.96531,0.20524,129.524,0.357199
1963.72,4.18187,3.95119,0.20477,129.317,0.356983
1967.58,4.18744,3.94012,0.20447,129.208,0.356276
1971.44,4.18905,3.93557,0.20434,129.312,0.356037
1972.21,4.18986,3.93283,0.20426,129.273,0.355906
1984.78,4.19486,3.90693,0.20348,129.24,0.354865
1997.36,4.19338,3.87841,0.20255,129.11,0.354253
2007.16,4.19457,3.84371,0.20145,128.582,0.353248
2018.33,4.20557,3.81562,0.20067,128.353,0.351616
2029.51,4.21075,3.78972,0.1999,128.188,0.350487
2039.29,4.21216,3.76447,0.19911,127.947,0.349662
2049.08,4.21568,3.73371,0.19817,127.511,0.348492
2058.87,4.2232,3.70644,0.19739,127.185,0.347081
2070.05,4.23361,3.67322,0.19646,126.729,0.345235
2082.61,4.24294,3.65002,0.19584,126.693,0.343761
2096.6,4.24793,3.60337,0.19443,125.914,0.341866
2109.17,4.26057,3.57853,0.19381,125.796,0.340025
2120.35,4.26359,3.54253,0.19272,125.19,0.338566
2130.13,4.27357,3.51783,0.19208,124.891,0.336903
2141.32,4.28185,3.48441,0.19115,124.354,0.335048
2156.69,4.29937,3.44145,0.19006,123.702,0.33206
2170.66,4.32086,3.40099,0.18912,123.04,0.328792
2180.41,4.33763,3.38814,0.18897,123.125,0.326939
2197.17,4.34748,3.35286,0.18804,122.78,0.32476
2211.14,4.3587,3.31629,0.1871,122.213,0.322383
2225.1,4.37755,3.28045,0.18631,121.656,0.319383
2236.26,4.39406,3.26179,0.18601,121.57,0.317269
2247.43,4.40078,3.24246,0.18554,121.453,0.315904
2255.81,4.40328,3.21993,0.18491,121.059,0.314728
2264.2,4.41322,3.19356,0.18429,120.514,0.31277
2268.38,4.42155,3.18384,0.18414,120.369,0.311669
2279.54,4.43785,3.15864,0.18367,120.004,0.309232
2283.73,4.44524,3.14894,0.18351,119.856,0.308201
2292.1,4.45629,3.1374,0.18336,119.854,0.306792
2303.27,4.47224,3.10107,0.18258,119.043,0.303833
2317.2,4.50013,3.08982,0.18274,119.329,0.301104
2364.64,4.55226,2.99646,0.18103,118.093,0.292473
2370.22,4.56604,2.98201,0.18088,117.8,0.29068
2378.57,4.591,2.97076,0.18103,117.769,0.288198
2385.53,4.60629,2.97208,0.18135,118.166,0.287104
2391.1,4.60994,2.9696,0.18135,118.343,0.286701
2403.64,4.62049,2.96241,0.18135,118.676,0.285536
2413.4,4.62784,2.94598,0.18104,118.497,0.284132
2423.14,4.64218,2.94782,0.18136,119.05,0.283154
2432.91,4.63727,2.93944,0.18104,119.19,0.283084
2441.29,4.63629,2.92313,0.18058,118.937,0.282303
2452.45,4.64348,2.90063,0.18011,118.561,0.280574
2466.4,4.65911,2.87184,0.17964,118.052,0.277864
2480.33,4.6793,2.85704,0.17964,118.106,0.275566
2490.1,4.68703,2.83994,0.17934,117.862,0.274061
2502.64,4.70617,2.82551,0.17934,117.854,0.271864
2512.39,4.71688,2.81774,0.17935,117.988,0.270653
2523.54,4.72637,2.80429,0.17919,117.946,0.269215
2530.51,4.73504,2.79757,0.17919,117.988,0.268212
2543.05,4.74735,2.78795,0.17919,118.165,0.266786
2550.02,4.75281,2.78404,0.1792,118.323,0.266174
2555.59,4.75383,2.78324,0.1792,118.547,0.266056
2561.18,4.75154,2.77296,0.17889,118.368,0.265638
2569.54,4.75877,2.76095,0.17873,118.239,0.264437
2580.69,4.76684,2.74858,0.17858,118.22,0.263153
2587.67,4.77014,2.7396,0.17842,118.153,0.262402
2600.22,4.77967,2.71994,0.17812,117.874,0.260588
2611.36,4.79265,2.70921,0.17812,117.912,0.259047
2618.33,4.79491,2.70734,0.17812,118.145,0.258779
2625.31,4.79365,2.68959,0.17765,117.683,0.257825
2639.25,4.81335,2.67291,0.17765,117.575,0.25546
2650.4,4.82096,2.66032,0.1775,117.515,0.254181
2660.17,4.83042,2.6395,0.17719,117.025,0.252278
2668.51,4.84911,2.63624,0.17751,117.247,0.250796
2676.87,4.85503,2.63103,0.17751,117.382,0.250077
2685.23,4.86255,2.62437,0.17751,117.451,0.249162
2693.59,4.86824,2.61971,0.17752,117.607,0.248492
2704.75,4.87593,2.59949,0.1772,117.183,0.24674
2722.84,4.90858,2.58946,0.17767,117.511,0.243934
2731.19,4.91862,2.59375,0.17799,118.067,0.243528
2742.34,4.92051,2.59244,0.178,118.489,0.243323
2750.7,4.92179,2.59126,0.178,118.796,0.243166
2763.25,4.92084,2.57857,0.17768,118.754,0.24245
2775.79,4.92834,2.56562,0.17754,118.694,0.241156
2786.94,4.93648,2.55798,0.17754,118.816,0.240147
2798.08,4.93968,2.55496,0.17754,119.15,0.23975
2814.83,4.93854,2.52939,0.17692,118.663,0.238231
2821.79,4.94791,2.52039,0.17692,118.533,0.237053
2832.94,4.95774,2.5113,0.17693,118.573,0.235841
2845.48,4.96638,2.50288,0.17693,118.698,0.23475
2860.81,4.97457,2.48826,0.17678,118.64,0.233295
2873.35,4.98478,2.47812,0.17678,118.675,0.231995
2885.89,4.99269,2.4702,0.17678,118.812,0.230984
2897.04,4.99758,2.45861,0.17663,118.712,0.229931
2906.8,5.00625,2.44982,0.17663,118.685,0.228816
2913.76,5.01179,2.44416,0.17663,118.695,0.228102
2924.91,5.02089,2.43481,0.17663,118.693,0.226926
2933.27,5.02938,2.42649,0.17664,118.626,0.225857
2940.23,5.03999,2.42272,0.1768,118.723,0.224952
2949.97,5.05086,2.4255,0.17711,119.252,0.224458
2961.11,5.05353,2.4227,0.17711,119.565,0.224112
2970.87,5.05909,2.41686,0.17711,119.67,0.223391
2979.22,5.06609,2.41684,0.17727,120.005,0.222959
2991.76,5.06907,2.41415,0.17728,120.376,0.222602
3000.12,5.07059,2.41254,0.17728,120.632,0.222404
3009.88,5.07058,2.40517,0.17712,120.655,0.221927
3018.24,5.0752,2.40025,0.17712,120.742,0.221324
3029.39,5.07959,2.39603,0.17713,120.975,0.220782
3039.14,5.08016,2.39542,0.17713,121.334,0.220707
3046.12,5.07606,2.38544,0.17682,121.105,0.220305
3055.87,5.08312,2.37829,0.17683,121.129,0.219407
3065.63,5.08665,2.36697,0.17667,120.938,0.21845
3080.94,5.09967,2.3673,0.17698,121.559,0.217686
3092.1,5.09448,2.35889,0.17668,121.565,0.217445
3106.04,5.10023,2.34501,0.17652,121.395,0.216181
3121.36,5.11084,2.3337,0.17653,121.406,0.214797
3132.5,5.11922,2.33196,0.17669,121.747,0.214183
3143.65,5.1194,2.33175,0.17669,122.17,0.214158
3152.02,5.11543,2.32141,0.17638,121.952,0.213706
3160.38,5.12207,2.31391,0.17638,121.881,0.212812
3172.92,5.12778,2.30743,0.17638,122.022,0.212041
3182.68,5.13058,2.297,0.17623,121.843,0.211176
3193.82,5.14353,2.28988,0.17639,121.891,0.20994
3200.77,5.15044,2.29747,0.17671,122.561,0.210047
3209.15,5.14239,2.29119,0.17639,122.546,0.210095
3217.51,5.14767,2.28509,0.17639,122.538,0.209376
3225.86,5.15123,2.28145,0.1764,122.661,0.208924
3237.01,5.15432,2.27786,0.1764,122.891,0.208504
3249.56,5.15566,2.26895,0.17625,122.885,0.207824
3263.49,5.16245,2.26147,0.17626,123.005,0.206926
3274.64,5.16562,2.25773,0.17626,123.221,0.20649
3285.79,5.16659,2.24867,0.1761,123.144,0.205819
3302.51,5.1767,2.23711,0.17611,123.134,0.204453
3313.65,5.18489,2.23527,0.17627,123.449,0.203862
3327.58,5.18814,2.23136,0.17627,123.75,0.203411
3341.51,5.1924,2.22672,0.17628,124.01,0.202854
3354.05,5.19572,2.22269,0.17628,124.25,0.202391
3367.98,5.19898,2.21873,0.17628,124.544,0.201937
3377.74,5.20004,2.21745,0.17628,124.833,0.201789
3390.28,5.19729,2.21322,0.17613,125.057,0.201654
3402.83,5.19483,2.20055,0.17582,124.802,0.200921
3416.77,5.20151,2.19232,0.17582,124.844,0.199979
3429.31,5.20214,2.1839,0.17567,124.821,0.199362
3439.07,5.20504,2.17261,0.17552,124.529,0.198417
3453,5.21791,2.16468,0.17568,124.577,0.197154
3462.74,5.2244,2.16424,0.17583,124.903,0.196765
3471.1,5.22583,2.16244,0.17583,125.101,0.196562
3480.86,5.22863,2.15941,0.17584,125.277,0.196198
3492,5.23146,2.15582,0.17584,125.469,0.195793
3503.15,5.23349,2.15324,0.17584,125.719,0.195503
3514.3,5.23313,2.14588,0.17569,125.688,0.195009
3517.09,5.23482,2.14373,0.17569,125.661,0.194767
3524.05,5.23759,2.14017,0.17569,125.701,0.194368
3536.59,5.2431,2.13308,0.17569,125.73,0.193573
3547.73,5.25051,2.13191,0.17585,126.057,0.193089
3556.09,5.25172,2.13086,0.17586,126.292,0.192951
3567.24,5.25396,2.12796,0.17586,126.516,0.192627
3578.38,5.25637,2.12483,0.17586,126.724,0.192279
3590.92,5.25912,2.12178,0.17587,126.986,0.191917
3599.28,5.26055,2.1199,0.17587,127.169,0.191709
3611.82,5.26236,2.11754,0.17587,127.469,0.191446
3622.97,5.26194,2.11809,0.17587,127.896,0.191507
3634.13,5.25638,2.10945,0.17557,127.767,0.191199
3645.27,5.26015,2.10449,0.17557,127.857,0.190648
3655.03,5.25914,2.09782,0.17542,127.793,0.190232
3666.18,5.26264,2.09319,0.17542,127.9,0.189717
3680.12,5.26298,2.08416,0.17526,127.832,0.18906
3689.87,5.26718,2.07907,0.17527,127.858,0.188477
3702.41,5.2707,2.07435,0.17527,128.002,0.187956
3712.16,5.27299,2.07127,0.17527,128.148,0.187616
3721.92,5.27351,2.07111,0.17528,128.475,0.187577
3733.07,5.26769,2.06219,0.17497,128.305,0.187249
3741.44,5.26987,2.05053,0.17481,127.866,0.186301
3752.58,5.2801,2.04529,0.17497,127.919,0.185391
3766.51,5.28433,2.03948,0.17497,128.029,0.184754
3780.44,5.29057,2.03087,0.17497,127.96,0.183812
3787.4,5.29699,2.03081,0.17513,128.191,0.183476
3798.55,5.29873,2.02894,0.17514,128.451,0.183252
3811.09,5.30286,2.0232,0.17514,128.51,0.182628
3820.84,5.30914,2.02331,0.1753,128.846,0.182313
3833.38,5.3103,2.02169,0.1753,129.165,0.182138
3848.7,5.31331,2.01802,0.17531,129.446,0.181721
3864.03,5.31705,2.01278,0.17531,129.624,0.181153
3876.56,5.32303,2.01385,0.17548,130.114,0.180926
3884.92,5.32179,2.01561,0.17548,130.508,0.181115
3898.86,5.31734,2.01292,0.17532,130.802,0.181149
3912.8,5.31433,2.00035,0.17502,130.45,0.180398
3925.34,5.32325,1.99612,0.17517,130.591,0.179641
3936.48,5.32472,1.99402,0.17517,130.824,0.179414
3947.63,5.32673,1.99172,0.17518,131.043,0.179147
3954.59,5.32702,1.99131,0.17518,131.247,0.179103
3967.14,5.32482,1.98596,0.17503,131.309,0.178827
3975.51,5.32663,1.97483,0.17488,130.849,0.17793
3981.07,5.33602,1.97893,0.17519,131.304,0.177756
3995.01,5.3311,1.97692,0.17503,131.63,0.177857
4001.97,5.33285,1.9744,0.17503,131.692,0.177587
4013.12,5.33359,1.97333,0.17503,131.987,0.177472
4020.09,5.33115,1.96886,0.17489,131.917,0.177271
4029.84,5.3343,1.96429,0.17489,131.929,0.176781
4042.38,5.33636,1.96129,0.17489,132.138,0.17646
4046.56,5.33562,1.96237,0.17489,132.347,0.176576
4056.33,5.33002,1.95275,0.17458,132.016,0.176154
4066.08,5.33548,1.94473,0.17458,131.79,0.175297
4073.05,5.33842,1.9404,0.17458,131.723,0.174836
4078.62,5.34154,1.93635,0.17459,131.627,0.174385
4089.76,5.35056,1.93226,0.17475,131.708,0.173642
4095.33,5.35509,1.93484,0.17491,132.063,0.173608
4107.87,5.35507,1.93486,0.17491,132.469,0.173611
4119.01,5.35576,1.93384,0.17491,132.758,0.173502
4130.17,5.35413,1.92751,0.17476,132.683,0.17312
4142.7,5.35887,1.92041,0.17476,132.595,0.172368
4149.67,5.36276,1.91455,0.17476,132.412,0.171749
4159.41,5.37414,1.91564,0.17507,132.799,0.171278
4169.16,5.37743,1.9207,0.17524,133.462,0.171489
4181.7,5.37625,1.92248,0.17524,133.987,0.171675
4201.2,5.37437,1.92531,0.17524,134.81,0.171973
4209.57,5.36695,1.91883,0.17494,134.624,0.171859
4219.33,5.37223,1.91085,0.17494,134.375,0.171019
4227.68,5.37717,1.91223,0.17509,134.738,0.170882
4241.62,5.37447,1.90803,0.17495,134.886,0.170704
4254.16,5.37768,1.90314,0.17495,134.938,0.170191
4266.7,5.38362,1.89405,0.17495,134.689,0.169239
4272.25,5.39594,1.90323,0.17542,135.518,0.169323
4277.83,5.38736,1.90681,0.17526,135.95,0.169996
4287.58,5.38695,1.90803,0.17527,136.347,0.170104
4293.16,5.38465,1.91153,0.17527,136.775,0.17047
4301.53,5.37607,1.9062,0.17496,136.659,0.170493
4309.89,5.37683,1.90503,0.17496,136.842,0.170371
4319.65,5.37032,1.89655,0.17465,136.54,0.170061
4333.59,5.37451,1.89012,0.17465,136.517,0.169386
4347.52,5.37283,1.88375,0.1745,136.494,0.168997
4361.46,5.37336,1.87393,0.17435,136.218,0.168245
4371.22,5.37734,1.86834,0.17436,136.116,0.167642
4379.58,5.37989,1.86438,0.17436,136.087,0.167227
4390.72,5.38418,1.85765,0.17436,135.941,0.166525
4400.47,5.39201,1.85445,0.17451,136.007,0.165918
4407.43,5.39676,1.85671,0.17467,136.388,0.165862
4419.97,5.39849,1.85458,0.17468,136.62,0.165623
4435.28,5.4059,1.86242,0.175,137.673,0.165856
4445.05,5.39776,1.85573,0.17468,137.48,0.165742
4456.18,5.40898,1.85756,0.175,137.961,0.165353
4468.72,5.40582,1.86315,0.17501,138.765,0.165913
4479.87,5.39922,1.8638,0.17485,139.159,0.166271
4491.03,5.39325,1.85431,0.17454,138.796,0.165849
4502.17,5.39941,1.85435,0.1747,139.143,0.165563
4511.93,5.39376,1.85291,0.17453,139.336,0.165721
4523.08,5.39153,1.84666,0.17437,139.21,0.165362
4537.02,5.39152,1.84606,0.17436,139.594,0.165318
4545.39,5.38442,1.83778,0.17404,139.223,0.165034
4563.5,5.38859,1.83051,0.17403,139.226,0.164296
4573.27,5.38162,1.82138,0.1737,138.828,0.163938
4585.81,5.38455,1.80677,0.17354,138.092,0.162703
4599.75,5.39488,1.77923,0.17337,136.4,0.160147
4612.24,5.43386,1.7937,0.17462,137.883,0.159461
4623.38,5.42611,1.80583,0.17461,139.151,0.16072
4633.14,5.42404,1.80859,0.1746,139.657,0.16102
4645.68,5.42068,1.80404,0.17444,139.683,0.160834
4655.43,5.42582,1.80504,0.17459,140.054,0.160674
4672.15,5.42433,1.80623,0.17457,140.649,0.160831
4687.48,5.42336,1.80781,0.17457,141.234,0.160993
4701.41,5.41868,1.8048,0.1744,141.418,0.160982
4716.74,5.41846,1.80453,0.17439,141.859,0.160972
4726.5,5.41369,1.80232,0.17423,141.977,0.161024
4744.62,5.40923,1.79896,0.17406,142.257,0.160977
4759.96,5.40008,1.78762,0.17364,141.817,0.160543
4771.1,5.40138,1.7817,0.17358,141.678,0.160036
4785.05,5.39711,1.76731,0.17324,140.945,0.159141
4798.97,5.40599,1.75882,0.17334,140.675,0.158093
4811.51,5.40845,1.75468,0.17334,140.711,0.157667
4828.24,5.40995,1.74701,0.17326,140.583,0.157016
4839.39,5.41153,1.73983,0.17319,140.328,0.156398
4856.11,5.41775,1.73114,0.17322,140.11,0.155458
4863.08,5.4203,1.72806,0.17324,140.062,0.155109
4878.4,5.42566,1.72208,0.17329,140.017,0.154415
4895.12,5.43127,1.71564,0.17334,139.971,0.153675
4909.05,5.43644,1.71057,0.1734,139.955,0.153061
4927.17,5.44375,1.70241,0.17347,139.801,0.152118
4943.88,5.45501,1.69983,0.17373,140.063,0.151432
4963.38,5.46294,1.69848,0.17392,140.503,0.150987
4982.89,5.47095,1.699,0.17414,141.099,0.150682
5003.79,5.47609,1.70059,0.1743,141.824,0.150583
5027.48,5.47902,1.70142,0.17439,142.564,0.15052
5057.47,5.47985,1.7013,0.17441,143.404,0.150475
5140.11,5.48143,1.67486,0.17406,143.483,0.148395
5206.28,5.50426,1.66207,0.17448,144.22,0.146461
5290.83,5.51925,1.63784,0.17453,144.426,0.143993
5358.42,5.55374,1.63083,0.17535,145.645,0.142059
5409.94,5.56947,1.63094,0.17577,147.055,0.141437
5496.73,5.59709,1.63854,0.17661,150.11,0.140913
5567.49,5.60875,1.64721,0.17704,152.847,0.141102
5675.62,5.62062,1.65695,0.17749,156.737,0.14136
5730.74,5.62216,1.65619,0.17752,158.187,0.141242
5823.25,5.63588,1.66178,0.17796,161.283,0.141117
5898.78,5.63501,1.66629,0.178,163.818,0.141486
5995.16,5.63531,1.64056,0.17765,163.924,0.139565
6071.16,5.68016,1.64398,0.17888,166.348,0.13809
6109.82,5.68943,1.65758,0.17931,168.792,0.138734
6168.56,5.69727,1.67391,0.17974,172.093,0.139625
6227.87,5.701,1.69789,0.18017,176.237,0.141222
6309.27,5.68375,1.70358,0.1798,179.139,0.142305
6390.49,5.68978,1.72293,0.18023,183.506,0.143467
6474.64,5.664,1.71663,0.17947,185.243,0.144028
6622.33,5.68006,1.69118,0.17953,186.659,0.141547
6663.85,5.70801,1.69769,0.18035,188.552,0.140936
6727.92,5.70836,1.72843,0.18079,193.813,0.143135
6882.05,5.68724,1.743,0.18045,199.924,0.145011
6926.54,5.68947,1.74037,0.18047,200.912,0.144733
7061.06,5.70092,1.75182,0.18093,206.161,0.1451
7151.96,5.70556,1.7741,0.18137,211.472,0.146502
7268.81,5.68863,1.77934,0.18101,215.562,0.147551
7386.15,5.70005,1.79009,0.18146,220.364,0.147855
7505.37,5.70117,1.8195,0.18192,227.601,0.149883
7628,5.68212,1.82737,0.18155,232.32,0.151213
7751.13,5.68546,1.85242,0.18201,239.306,0.152832
8058.25,5.64382,1.87534,0.1813,251.866,0.156178
8214.75,5.64736,1.89931,0.18176,260.039,0.157701
8322.12,5.62868,1.90589,0.18139,264.351,0.15896
8483.74,5.63139,1.93082,0.18185,273.009,0.160574
8621.53,5.61353,1.96212,0.1819,281.941,0.163517
8791.52,5.5811,1.96601,0.18115,288.07,0.165228
8847.49,5.58933,1.97915,0.18157,291.842,0.165766
9021.07,5.55434,2.01032,0.18121,302.253,0.169498
9138.98,5.53183,2.02169,0.18084,307.936,0.17132
9288.3,5.50801,2.03539,0.18048,315.088,0.173378
9440.06,5.47891,2.05645,0.18012,323.551,0.176213
9628.06,5.43659,2.02773,0.17857,325.385,0.176266
9688.43,5.45414,2.04979,0.17939,330.988,0.176949
9913.27,5.3874,2.05596,0.17784,339.688,0.180663
10173.1,5.37088,2.06105,0.17752,349.455,0.181849
10271.9,5.36055,2.07699,0.17755,355.578,0.183486
10475.5,5.31533,2.076,0.17641,362.452,0.185737
10543.2,5.31368,2.07878,0.17642,365.284,0.186018
10646.6,5.29459,2.08498,0.17606,369.965,0.18745
10821.6,5.26072,2.08984,0.17531,376.924,0.189583
10857.6,5.25097,2.08193,0.17492,376.745,0.189542
11035,5.24072,2.07684,0.17457,381.966,0.189728
11216.4,5.2208,2.0644,0.17384,385.918,0.189907
11360.8,5.22283,2.08406,0.17426,394.609,0.191205
11548.7,5.17971,2.08161,0.17314,400.665,0.193383
11699.6,5.1658,2.08093,0.17278,405.768,0.194103
11893.1,5.14178,2.05433,0.17167,407.206,0.193504
11968.8,5.15405,2.05916,0.17207,410.761,0.193175
12164.3,5.13432,2.0667,0.17172,418.998,0.194823
12524.7,5.10538,2.06852,0.17103,431.793,0.196589
12730.5,5.09004,2.05075,0.1703,435.119,0.196154
12853,5.10134,2.05776,0.17072,440.807,0.196028
13105.1,5.08647,2.06001,0.17039,449.944,0.197041
13316.7,5.08812,2.07939,0.17081,461.51,0.198369
13535.5,5.06535,2.07176,0.17009,467.371,0.19912
13665.7,5.07876,2.07552,0.1705,472.725,0.198624
13841.6,5.0801,2.09466,0.17091,483.225,0.199947
13976,5.07697,2.10012,0.17094,489.187,0.200525
14154.6,5.0814,2.13532,0.17175,503.743,0.202815
14572.5,5.03156,2.18035,0.17144,529.553,0.208983
14715.4,5.01588,2.18147,0.17108,535.021,0.210008
15001.2,5.00497,2.21533,0.17152,553.878,0.213076
15099.7,4.98654,2.21896,0.17115,558.427,0.214464
15445.6,4.97917,2.21225,0.17083,569.493,0.214443
15540.9,4.9987,2.24528,0.172,581.561,0.215564
15897,4.94012,2.29537,0.17168,608.157,0.222714
16153.6,4.91693,2.33915,0.1721,629.762,0.227206
16366.3,4.87143,2.35355,0.17136,641.982,0.231163
16689,4.84338,2.35109,0.17065,653.957,0.232862
16739.6,4.85745,2.37091,0.17143,661.467,0.233269
16851.1,4.82044,2.37515,0.17067,667.064,0.236044
17287.7,4.7894,2.44135,0.17151,703.422,0.242604
17402.9,4.75988,2.43797,0.17076,707.129,0.244434
17739.1,4.74748,2.48361,0.17158,734.283,0.248308
17911.4,4.71674,2.51279,0.17161,750.127,0.252387
18204.1,4.65843,2.55006,0.17126,773.692,0.259011
18626.5,4.58224,2.55719,0.16979,793.86,0.26517
18747,4.59824,2.54451,0.16981,795.033,0.263148
18802,4.60499,2.58394,0.17097,809.72,0.265136
19107.3,4.18851,2.8792,0.17101,916.897,0.316536
19116.6,4.25718,2.77263,0.1691,883.389,0.304679
19545.1,4.06852,2.93647,0.17068,956.558,0.330353
19548.9,4.11422,2.88686,0.16992,940.582,0.323626
20057.4,4.33643,2.76372,0.17037,923.883,0.297388
20124.1,4.3086,2.76959,0.17,928.927,0.300081
20319.5,4.26488,2.79926,0.17003,947.994,0.305506
20789,4.11153,2.85677,0.16894,989.825,0.322294
20988.9,4.02236,2.91931,0.16935,1021.22,0.333805
21062.8,3.95051,2.92169,0.16822,1025.65,0.340786
21139,3.89834,2.9023,0.16672,1022.53,0.344929
21290.1,3.841,2.85318,0.16414,1012.41,0.34821
21722.5,3.69411,2.83903,0.16126,1027.85,0.36285
21794.7,3.64976,2.84906,0.16091,1034.91,0.368145
21875.7,3.57547,2.83066,0.15911,1032.04,0.375492
21961.2,3.5218,2.78493,0.15664,1019.34,0.379395
22213.2,3.45351,2.64449,0.15045,979.044,0.38023
22361.2,3.47695,2.61561,0.14979,974.804,0.375798
22409.4,3.44383,2.73315,0.15355,1020.8,0.386019
22442.1,3.28589,2.66129,0.14846,995.414,0.402105
22474.7,3.28906,2.53106,0.14354,948.08,0.39473
22558.2,3.70201,2.25741,0.14194,848.717,0.325533
22563.1,4.13022,2.27748,0.15219,856.452,0.283518
22598.1,3.37669,2.58013,0.14682,971.766,0.386184
22639.8,3.47737,2.35949,0.14068,890.305,0.359656
22660,3.52506,2.55571,0.14848,965.208,0.366552
22770.7,3.33123,2.49608,0.14293,947.292,0.387152
22931.2,3.33849,2.44124,0.14102,933.008,0.382835
23084,3.26001,2.46105,0.1404,946.85,0.394508
23115.3,3.2341,2.35822,0.13605,908.514,0.39157
23242.2,3.34249,2.38876,0.13916,925.335,0.378919
23502.1,3.26894,2.30156,0.13457,901.524,0.382884
23823.2,3.28254,2.23823,0.1325,888.698,0.37642
23965.6,3.26502,2.28847,0.13401,914.076,0.382502
24167.3,3.11985,2.20579,0.12813,888.465,0.397419
24200.2,3.1112,2.10626,0.12416,849.53,0.39101
24304.7,3.27665,2.18551,0.13046,885.305,0.373207
24383.1,3.15982,2.24722,0.13047,913.236,0.394518
24392.6,3.13976,2.22648,0.1293,905.159,0.39597
24514.1,3.14944,2.08625,0.12419,852.375,0.383573
24571.7,3.16564,2.14535,0.12673,878.582,0.385969
24797.9,3.08973,1.98158,0.11902,818.982,0.383596
24995,3.10068,2.10605,0.12394,877.344,0.392605
25041.2,2.98376,2.03274,0.11876,848.371,0.405135
25158.6,3.11476,1.85149,0.11483,776.349,0.367063
25176.2,3.24229,1.96275,0.12175,823.577,0.358906
25225.1,2.98,1.97389,0.11639,829.86,0.400627
25244.6,2.98239,1.91883,0.11432,807.337,0.395143
25353.2,3.05639,1.7984,0.11153,759.922,0.370752
25390.6,3.11351,1.88869,0.11614,799.251,0.371025
25427.6,3.02003,1.84284,0.1123,780.983,0.38137
25444.8,3.06119,1.76761,0.11054,749.608,0.366615
25477.5,3.1216,1.86931,0.11563,793.756,0.367819
25587,2.95917,1.89265,0.11281,807.12,0.39655
25634.2,2.94767,1.77538,0.1081,758.507,0.386472
25895.7,3.04119,1.67894,0.1069,724.623,0.35967
26007.1,3.07156,1.5797,0.1043,684.721,0.342345
26042.9,3.124,1.67367,0.10886,726.452,0.345812
26078.3,3.05186,1.63033,0.10549,708.606,0.351985
26249.5,3.09194,1.5919,0.10526,696.442,0.340678
26344.4,3.08883,1.56612,0.10432,687.642,0.337817
26525,3.10086,1.52008,0.10315,672,0.329759
26813.8,3.13177,1.41342,0.1007,631.654,0.309877
26887.3,3.1624,1.41374,0.10162,633.528,0.305352
27100.6,3.15976,1.34193,0.099422,606.117,0.294939
27190.7,3.19874,1.30136,0.099477,589.748,0.283047
27254.6,3.21341,1.33548,0.10089,606.632,0.286289
27265.2,3.2137,1.31664,0.10037,598.305,0.283345
27449.4,3.26771,1.26057,0.10055,576.699,0.267244
27516.6,3.30035,1.26471,0.1017,580.008,0.263659
27762.3,3.33719,1.26332,0.10284,584.542,0.258782
27865.4,3.34452,1.2411,0.10251,576.398,0.254404
27931,3.37278,1.23706,0.10332,575.87,0.250329
27999.4,3.38436,1.24979,0.10401,583.222,0.250917
28106.1,3.38503,1.24047,0.1038,581.079,0.249393
28437.5,3.42717,1.22023,0.10467,578.337,0.241317
28702.6,3.44809,1.19441,0.10474,571.378,0.234926
28740.6,3.45425,1.18791,0.10479,569.019,0.233223
29096.8,3.50293,1.15875,0.10573,561.932,0.223391
29603,3.56618,1.1232,0.10706,554.169,0.211374
30116.5,3.63224,1.09057,0.1086,547.405,0.199988
30562.1,3.69304,1.06527,0.11015,542.612,0.190637
30936.6,3.74905,1.04879,0.11173,540.765,0.183377
31390,3.81985,1.03782,0.11392,542.952,0.176048
31770.2,3.8804,1.04831,0.11614,555.086,0.172942
32398,3.94669,1.0532,0.11844,568.69,0.168752
32793.4,3.99877,1.06316,0.12034,581.079,0.166438
33198.4,4.03529,1.06802,0.12163,590.943,0.16457
33524,4.0738,1.07043,0.12294,598.086,0.162286
33934.8,4.11882,1.08644,0.12468,614.466,0.161422
34613.4,4.16884,1.06992,0.12605,617.225,0.156053
35035.9,4.24578,1.03775,0.12807,605.977,0.147252
35109.3,4.27807,1.10137,0.13009,644.471,0.15334
35117.4,4.2438,1.09985,0.12896,643.73,0.155224
35200.8,4.28199,1.06441,0.12965,624.471,0.148509
35458.6,4.3135,1.07305,0.1308,634.146,0.147761
35716.6,4.3543,1.07806,0.13219,641.742,0.146058
35976.6,4.39489,1.08462,0.13359,650.35,0.144595
36240.1,4.4347,1.0789,0.13478,651.655,0.141754
36502.1,4.50094,1.04789,0.13646,637.504,0.134672
36582,4.55744,1.03821,0.13813,632.994,0.130771
36660.3,4.59565,1.09161,0.14006,666.981,0.134987
37019.9,4.62346,1.13696,0.14156,701.505,0.138653
37192.3,4.67498,1.16556,0.14356,722.497,0.139214
37651.5,4.75742,1.0917,0.14511,685.068,0.127439
37719.8,4.90728,1.02547,0.14893,644.678,0.114229
37777.7,4.99685,1.25229,0.15448,788.475,0.133123
37790,4.89289,1.33737,0.15261,842.323,0.146073
37800.6,4.89779,1.21468,0.15102,765.263,0.133829
37944.9,5.0028,1.48396,0.15801,938.477,0.154379
37957.2,4.90976,1.52998,0.1561,967.893,0.16327
38114.6,4.80988,1.10647,0.14692,702.878,0.126684
38221,5.15647,1.29252,0.15969,823.356,0.130132
38696.5,5.0249,1.62229,0.16085,1046.28,0.165445
38882.2,5.02542,1.70545,0.16227,1105.19,0.172485
39663.5,4.93038,1.91024,0.16348,1262.78,0.194619
40460.5,4.87079,2.04718,0.16469,1380.5,0.209005
40861.2,4.85272,2.12528,0.16588,1447.36,0.216082
41579.8,4.78266,2.24541,0.16681,1556.06,0.229537
42423.1,4.69993,2.33305,0.16688,1649.58,0.241509
43173.1,4.66119,2.3854,0.16724,1716.42,0.247926
43708.2,4.64859,2.45848,0.16875,1790.93,0.253784
44700.7,4.59319,2.54528,0.16972,1896.26,0.263579
45256.8,4.55696,2.62232,0.17095,1977.96,0.271186
51130,4.17662,3.106,0.17779,2646.83,0.32868
52159.9,4.11984,3.16648,0.1788,2752.72,0.336361
53470.8,4.08099,3.24616,0.18077,2892.91,0.343132
54267.1,4.07969,3.30738,0.18273,2991.37,0.345653
55200.7,4.08015,3.41779,0.18632,3144.4,0.349685
55874.5,4.07562,3.51125,0.18931,3269.82,0.353266
56551.2,4.07802,3.62343,0.19301,3415.15,0.356591
56949.5,4.05896,3.74399,0.19676,3553.64,0.361643
57786.9,3.96683,3.87684,0.20027,3733.84,0.372686
58193.8,3.92746,4.00225,0.20416,3881.77,0.378641
58906.9,3.79812,4.11507,0.20708,4040.1,0.391394
59186.8,3.75401,4.18595,0.20927,4129.22,0.3961
59909.3,3.59567,4.30253,0.21262,4296.02,0.410607
60640.5,3.43769,4.41017,0.21604,4457.25,0.424539
61229.6,3.28843,4.49782,0.2191,4590,0.437253
61833.1,3.13041,4.54708,0.22106,4686,0.450486
62436.7,2.96196,4.60789,0.22381,4795.03,0.464405
63210.6,2.72062,4.6287,0.22583,4876.38,0.484835
64492.7,2.39631,4.56373,0.22593,4905.46,0.51454
65797.9,2.11809,4.49471,0.22643,4929.04,0.541621
66632,1.96688,4.43309,0.2261,4923.09,0.557681
67633.7,1.77339,4.38307,0.22736,4940.72,0.577814
68663.2,1.58283,4.28462,0.22704,4903.26,0.600482
69711.6,1.40323,4.17044,0.22633,4845.46,0.624045
70254.9,1.34028,4.09047,0.22442,4789.59,0.635019
71148.8,1.22836,4.00414,0.2237,4748.17,0.651849
72622.4,1.08455,3.83247,0.22034,4638.72,0.679077
73916.6,0.943996,3.71121,0.21967,4572.01,0.703932
74874.5,0.860526,3.58768,0.21708,4477.09,0.724146
76230.1,0.745003,3.42434,0.21418,4350.63,0.75343
77042.4,0.698822,3.29128,0.20981,4226.13,0.7735
77469.8,0.713253,3.22645,0.20587,4165.87,0.779307
78473.8,0.671697,3.13804,0.20345,4104.24,0.795174
78901.8,0.655735,3.06099,0.20032,4025.29,0.807045
79372.7,0.720482,2.99457,0.19351,3961.45,0.807105
79538.9,0.685857,3.01884,0.19656,4001.91,0.808614
79798.2,0.712041,2.94324,0.1912,3914.42,0.815078
80218.5,0.739155,2.93859,0.18957,3928.83,0.811867
80843.6,0.751724,2.92051,0.18796,3935.08,0.812468
81879.9,0.747634,2.89379,0.18671,3949.06,0.816646
83544.6,0.698894,2.84325,0.18647,3958.97,0.830798
85037.5,0.65053,2.77888,0.18558,3938.49,0.847359
86115.5,0.61167,2.73366,0.18532,3923.5,0.860092
87646.1,0.550238,2.66144,0.18507,3887.75,0.880989
88753,0.495762,2.5982,0.18512,3843.3,0.900061
89444.7,0.476134,2.5455,0.18356,3794.68,0.912622
90129.1,0.448652,2.49939,0.18295,3754.47,0.92551
90625,0.474315,2.47551,0.17982,3739.06,0.92625
90814.6,0.435121,2.4764,0.18266,3748.22,0.932046
91799.4,0.425678,2.37398,0.1777,3632.16,0.954472
93722.5,0.397281,2.26009,0.17353,3530.36,0.984203
94466.2,0.378598,2.19093,0.17116,3449.47,1.00368
94734.4,0.328757,2.07725,0.16911,3279.78,1.04105
94783,0.397611,2.12691,0.16591,3359.92,1.01638
96006.8,0.41688,2.12583,0.16424,3401.57,1.01326
96525.9,0.424309,2.09797,0.16199,3375.13,1.019
98040.8,0.419452,2.04022,0.15898,3333.74,1.03502
98823.3,0.421022,2.00194,0.15656,3297.31,1.04512
99607.3,0.421541,1.96713,0.15442,3265.68,1.05474
100146,0.427948,1.94159,0.15231,3240.7,1.06076
101218,0.440806,1.90503,0.14894,3213.72,1.06878
102268,0.43708,1.87548,0.14744,3196.69,1.07837
103079,0.437057,1.84313,0.14543,3166.47,1.08827
103902,0.439575,1.81118,0.1432,3136.41,1.09776
104746,0.451374,1.78183,0.14027,3110.66,1.10455
105842,0.453824,1.75573,0.13838,3097.17,1.11253
106950,0.450218,1.72126,0.1365,3068.15,1.12496
108105,0.459233,1.68053,0.13302,3027.9,1.13692
108962,0.462226,1.6573,0.13122,3009.71,1.14445
109837,0.464975,1.62721,0.12898,2978.8,1.1547
110149,0.474508,1.6176,0.12744,2969.61,1.15579
111292,0.471002,1.59307,0.12614,2954.93,1.1659
111613,0.476345,1.57484,0.12441,2929.55,1.17144
111925,0.485304,1.56851,0.12313,2925.92,1.17144
112823,0.496547,1.55319,0.12103,2920.6,1.17424
113718,0.503242,1.53824,0.11938,2915.42,1.17818
115514,0.505276,1.50292,0.11676,2893.47,1.19169
116457,0.514313,1.47803,0.11418,2868.79,1.19917
117392,0.523576,1.4626,0.11223,2861.63,1.20272
118632,0.530143,1.44448,0.11034,2856.02,1.20827
119562,0.530125,1.42832,0.1092,2846.22,1.21517
120864,0.544209,1.4027,0.10606,2825.59,1.22164
122124,0.547873,1.39,0.10481,2829.21,1.22598
123413,0.551585,1.37006,0.10303,2818.06,1.23361
124393,0.555312,1.35534,0.10162,2809.92,1.23897
125712,0.560497,1.33589,0.099726,2798.95,1.24606
126386,0.565719,1.32609,0.098529,2793.33,1.2487
127383,0.570057,1.31557,0.09736,2793.03,1.25202
128393,0.575778,1.30467,0.096035,2791.84,1.25501
129719,0.574682,1.29231,0.095225,2793.95,1.26134
130409,0.575501,1.28012,0.09425,2782.31,1.26693
131120,0.582957,1.26981,0.092805,2774.97,1.26903
132142,0.583811,1.26028,0.092019,2775.59,1.27339
132899,0.604553,1.25367,0.089666,2776.85,1.26813
133178,0.594649,1.26084,0.091082,2798.61,1.2687
134272,0.602234,1.24086,0.088912,2776.89,1.27545
135646,0.605731,1.23911,0.088471,2801.34,1.27484
137391,0.606923,1.23067,0.087732,2818.06,1.27856
139145,0.605389,1.22315,0.087302,2836.59,1.28303
140916,0.601474,1.21481,0.087024,2853.1,1.28898
142345,0.596741,1.20741,0.086894,2864.48,1.29486
144518,0.589247,1.19468,0.086623,2877.55,1.3048
147087,0.578555,1.17982,0.086507,2892.28,1.31743
149687,0.564051,1.16368,0.086693,2903.14,1.33262
152340,0.548863,1.14388,0.086728,2904.32,1.35046
155041,0.533322,1.12274,0.086763,2901.18,1.36961
156992,0.520521,1.1066,0.086938,2895.46,1.38489
159381,0.506779,1.08427,0.086817,2880.21,1.40477
161402,0.496393,1.06633,0.086692,2868.46,1.42081
163836,0.48068,1.04536,0.087023,2854.46,1.44143
166724,0.461482,1.01703,0.087361,2826.06,1.4691
168814,0.446552,0.994413,0.08769,2797.85,1.49156
171384,0.432147,0.964715,0.087568,2755.61,1.51978
173089,0.419495,0.945838,0.088045,2728.57,1.53953
174390,0.410214,0.92842,0.088213,2698.45,1.55715
176149,0.398981,0.903376,0.088234,2652.15,1.58226
178391,0.386631,0.869201,0.087953,2584.29,1.61658
180224,0.378724,0.839369,0.087365,2521.24,1.64666
181621,0.373836,0.816431,0.086776,2471.35,1.67014
183470,0.362516,0.778798,0.086495,2381.44,1.71132
185124,0.376976,0.744958,0.081982,2298.49,1.74162
185995,0.366212,0.729189,0.082992,2260.42,1.76244
187358,0.392686,0.694173,0.076239,2167.65,1.7921
188424,0.400307,0.685892,0.074419,2153.97,1.79869
189003,0.406466,0.678082,0.072889,2135.99,1.80534
189575,0.413009,0.67383,0.071516,2129.02,1.80763
190635,0.41968,0.66823,0.070051,2123.13,1.81142
193187,0.422755,0.645573,0.068153,2078.61,1.8376
194846,0.430785,0.625963,0.065613,2032.77,1.85857
196429,0.430352,0.602513,0.064272,1972.52,1.88921
196612,0.43955,0.59182,0.062081,1939.31,1.89909
197005,0.435959,0.601746,0.06328,1975.78,1.88758
197702,0.445593,0.589074,0.060914,1941.02,1.89982
198790,0.445984,0.572925,0.059874,1898.2,1.92169
198855,0.446456,0.562166,0.059152,1863.16,1.93648
198984,0.456469,0.565876,0.057732,1876.67,1.92612
199392,0.448396,0.560768,0.058746,1863.54,1.93747
199540,0.453635,0.54832,0.057138,1823.53,1.95252
199596,0.456426,0.546067,0.056546,1816.55,1.95431
199689,0.468235,0.561166,0.055573,1867.65,1.92638
201817,0.476011,0.562309,0.054441,1891.39,1.9204
202465,0.482774,0.556374,0.053046,1877.44,1.92484
204109,0.486502,0.547942,0.051962,1864,1.93466
204832,0.497481,0.542678,0.05002,1852.63,1.9355
205223,0.485523,0.532651,0.051163,1821.87,1.95748
205442,0.499806,0.534333,0.049162,1829.58,1.94618
207622,0.50689,0.53579,0.048244,1854.03,1.93949
209308,0.505706,0.517306,0.047258,1804.61,1.96768
209396,0.508455,0.511795,0.046527,1786.13,1.97422
210557,0.518922,0.521095,0.045652,1828.67,1.95313
213296,0.515944,0.50464,0.045037,1793.96,1.98011
213375,0.513465,0.488815,0.044415,1738.35,2.00648
213961,0.523076,0.504211,0.044034,1798.03,1.97582
216201,0.518303,0.483824,0.043438,1743.39,2.01107
216402,0.524219,0.472742,0.041957,1705.04,2.02472
217572,0.532792,0.482243,0.041383,1748.71,2.0032
218759,0.531011,0.467841,0.040747,1705.74,2.02777
218881,0.536063,0.464994,0.039908,1696.31,2.02868
220085,0.542264,0.467027,0.039226,1713.09,2.02063
220772,0.54377,0.4557,0.038353,1676.76,2.03818
220875,0.549491,0.456803,0.037694,1681.61,2.03184
222048,0.554405,0.460543,0.037308,1704.38,2.02171
222741,0.560124,0.458364,0.036479,1701.61,2.02063
223883,0.561418,0.45891,0.036356,1712.37,2.01866
225104,0.564326,0.455406,0.035797,1708.56,2.02204
226890,0.566237,0.451073,0.03531,1705.73,2.02766
229297,0.566731,0.440986,0.034651,1685.28,2.0443
229948,0.56748,0.435412,0.034234,1668.7,2.05322
230708,0.574538,0.432537,0.033242,1663.16,2.05205
231751,0.567863,0.430241,0.033886,1661.81,2.06186
232636,0.576886,0.420649,0.032281,1630.97,2.07079
234526,0.581151,0.417591,0.031621,1632.26,2.07237
236474,0.581688,0.403559,0.030762,1590.52,2.0972
236540,0.580957,0.396392,0.030443,1562.71,2.11106
237267,0.588768,0.40073,0.029817,1584.67,2.09581
237985,0.58747,0.388067,0.029256,1539.24,2.12057
238107,0.595766,0.394329,0.028703,1564.88,2.10095
240622,0.601251,0.395976,0.028216,1588.01,2.09253
241316,0.598444,0.383628,0.027829,1542.92,2.11842
241451,0.605154,0.385913,0.027255,1552.99,2.10743
243503,0.616107,0.389133,0.02633,1579.25,2.09014
245481,0.620772,0.387646,0.025793,1585.99,2.08799
246934,0.629524,0.387595,0.024959,1595.17,2.07861
248073,0.62695,0.390401,0.025355,1614.13,2.07619
251475,0.634213,0.384754,0.02437,1612.6,2.07872
252800,0.637423,0.386289,0.024162,1627.56,2.07223
254675,0.637173,0.388266,0.024293,1648.03,2.06882
259177,0.63621,0.387605,0.024344,1674.31,2.07114
264299,0.631501,0.388501,0.024825,1711.34,2.07473
266111,0.626635,0.392197,0.025484,1739.47,2.0732
267276,0.622158,0.39584,0.026113,1763.31,2.0713
267686,0.610975,0.393532,0.027084,1755.72,2.08726
267823,0.615158,0.391802,0.026571,1748.89,2.08615
268883,0.60456,0.392077,0.027656,1757.05,2.09647
271521,0.59369,0.376561,0.027952,1704.07,2.13655
272102,0.588242,0.37285,0.028345,1690.89,2.14892
275014,0.582064,0.347729,0.027719,1593.84,2.20461
276643,0.585021,0.336567,0.026824,1551.82,2.22484
277248,0.579934,0.331618,0.027152,1532.34,2.23985
277454,0.584611,0.327237,0.026409,1513.22,2.2448
278190,0.586082,0.327828,0.026274,1519.98,2.24218
279655,0.584704,0.320046,0.02605,1491.71,2.26004
280541,0.587843,0.314305,0.025427,1469.59,2.26952
282084,0.589703,0.309421,0.024992,1454.71,2.27843
284336,0.589583,0.300887,0.024609,1425.89,2.2974
287379,0.586177,0.280327,0.024066,1342.67,2.3472
287553,0.588318,0.273385,0.02353,1310.21,2.36142
289094,0.592907,0.278488,0.023248,1341.82,2.3453
290657,0.593494,0.272574,0.022931,1320.42,2.35858
292963,0.589206,0.253725,0.022619,1238.87,2.40754
293045,0.588044,0.244536,0.022384,1194.33,2.43105
293140,0.593025,0.251503,0.022114,1228.76,2.40954
295480,0.593793,0.245,0.021775,1206.55,2.42484
295782,0.599165,0.238693,0.02096,1176.68,2.43571
296305,0.594558,0.241342,0.021551,1191.85,2.43323
296678,0.601703,0.235248,0.020564,1163.21,2.44207
297548,0.604831,0.235435,0.020248,1167.56,2.43871
298462,0.604834,0.224163,0.019832,1115.07,2.46755
298560,0.609405,0.230325,0.019593,1146.1,2.44745
301741,0.611584,0.225346,0.019193,1133.27,2.45824
303726,0.619145,0.216161,0.018127,1094.23,2.4751
304616,0.621567,0.214795,0.017848,1090.5,2.47639
305539,0.624601,0.213328,0.017511,1086.33,2.47734
307191,0.626482,0.211475,0.017272,1082.72,2.48046
310464,0.626944,0.202249,0.01692,1046.52,2.50503
311389,0.628475,0.197671,0.01663,1025.88,2.51614
312273,0.629341,0.193886,0.01643,1009.09,2.5258
313335,0.633727,0.189575,0.015898,990.009,2.53363
315102,0.635767,0.183995,0.015546,966.286,2.54748
316262,0.641348,0.178235,0.014887,939.484,2.55861
317382,0.647405,0.176801,0.01433,935.224,2.55677
318268,0.649366,0.177379,0.014183,940.902,2.55309
319113,0.649718,0.175859,0.01411,935.317,2.55719
320153,0.653635,0.173643,0.013725,926.538,2.55972
321869,0.65419,0.169392,0.013561,908.699,2.57181
322139,0.658536,0.166903,0.013144,896.098,2.57482
322843,0.658043,0.171323,0.013305,921.843,2.56205
324649,0.659768,0.166409,0.013033,900.407,2.57503
325632,0.660731,0.16002,0.012787,868.458,2.59351
325996,0.667355,0.159607,0.012265,867.188,2.58788
327499,0.665936,0.162912,0.01246,889.225,2.5792
328705,0.671528,0.15886,0.011932,870.303,2.58573
329638,0.673873,0.159993,0.011788,878.998,2.57964
331374,0.6751,0.159606,0.011688,881.49,2.57949
333197,0.677136,0.157586,0.011488,875.117,2.58357
335856,0.678054,0.153275,0.011313,857.971,2.59619
336826,0.678796,0.149091,0.011157,836.963,2.60874
338160,0.685544,0.144552,0.010574,814.693,2.61603
339262,0.689902,0.144936,0.010285,819.524,2.60987
340226,0.691864,0.145277,0.010161,823.783,2.6065
341351,0.696942,0.147035,0.0098667,836.511,2.59472
342049,0.694847,0.148539,0.01004,846.794,2.59227
345052,1.23403,0.377991,0.0095989,2173.77,0.858319
