50.5,341.2288
51,341.9834
51.5,342.7747
52,343.6058
52.5,344.4983
53,345.4696
53.5,346.5486
54,347.7957
54.5,349.3318
55,352.7858
56,372.3404
57,371.8476
58,366.2109
59,363.8274
60,368.8697
61,380.6836
62,395.1796
63,407.9776
64,417.0949
65,420.3672
66,404.9592
67,400.3021
68,399.9861
69,399.7398
70,398.1791
71,396.7688
72,397.5628
73,400.8255
74,404.4671
75,405.8856
76,403.2211
77,394.2477
78,376.3431
79,350.3217
80,321.386
81,295.6525
82,277.0628
83,267.3123
84,266.4976
85,272.9298
86,284.367
87,298.4973
88,313.0813
89,328.388
90,344.1047
91,358.164
92,367.5233
93,370.2482
94,367.1686
95,361.8857
96,358.6035
97,360.4695
98,367.3422
99,374.0529
100,376.384
101,373.0981
102,366.4316
103,359.5999
104,354.972
105,353.2042
106,353.4044
107,355.0218
108,358.1494
109,362.1628
110,365.7457
111,363.3769
112,361.6799
113,360.7262
114,361.6895
115,365.6192
116,372.7033
117,382.0121
118,391.7225
119,399.8796
120,405.444
121,409.0501
122,411.5717
123,413.2131
124,413.8752
125,413.263
126,410.7803
127,405.9959
128,399.4639
129,392.5063
130,386.2546
131,382.0164
132,379.0903
133,377.6864
134,377.9979
135,380.2414
136,384.0532
137,388.2497
138,391.4063
139,392.7095
140,392.2291
141,390.7469
142,388.862
143,385.7867
144,380.4127
145,371.6499
146,359.9718
147,347.5927
148,338.0029
149,334.7638
150,339.5713
151,351.5019
152,366.0818
153,376.9665
154,381.2603
155,379.5776
156,374.4933
157,368.4909
158,362.997
159,358.3266
160,354.1137
161,350.1234
162,347.101
163,346.6759
164,349.3872
165,355.1872
166,366.8297
167,375.5004
168,379.0536
169,376.6482
170,369.3738
171,359.7229
172,350.9252
173,345.1316
174,342.4488
175,340.4102
176,336.9029
177,330.9531
178,323.2855
179,315.9722
180,311.3741
181,311.0234
182,315.0684
183,322.5021
184,331.1845
185,339.5395
186,346.6297
187,351.9249
188,354.8866
189,354.6808
190,351.4199
191,346.6515
192,343.0668
193,343.6011
194,349.6834
195,360.4485
196,372.5826
197,383.6858
198,392.3517
199,398.5352
200,402.7552
201,405.5364
202,407.5096
203,409.6029
204,412.8665
205,418.6364
206,427.7639
207,439.3752
208,451.5407
209,462.5725
210,471.8316
211,479.995
212,488.3346
213,497.9512
214,509.335
215,522.1117
216,535.807
217,549.6803
218,563.4489
219,576.7303
220,589.1015
221,599.8492
222,608.5068
223,614.6583
224,617.9719
225,618.3161
226,615.387
227,609.5547
228,600.9604
229,589.8071
230,576.6489
231,562.3118
232,548.4083
233,536.6393
234,527.6923
235,520.9699
236,515.361
237,509.8582
238,503.9217
239,498.8579
240,496.1175
241,497.0381
242,501.9502
243,510.4747
244,521.2017
245,532.1476
246,541.4087
247,547.6169
248,550.2371
249,550.3469
250,549.4711
251,548.8427
252,549.3475
253,551.8036
254,556.7791
255,564.5668
256,574.6527
257,585.5859
258,595.6058
259,602.3752
260,604.883
261,603.7726
262,601.528
263,600.5457
264,602.147
265,606.4126
266,612.2244
267,618.2865
268,624.0393
269,629.3767
270,634.7307
271,640.771
272,647.0817
273,652.835
274,657.6207
275,661.4527
276,664.6426
277,667.7807
278,671.3388
279,675.3401
280,679.6102
281,682.9695
282,684.9304
283,685.5812
284,685.2787
285,683.93
286,681.5248
287,677.9053
288,672.9007
289,666.4733
290,658.6145
291,649.5054
292,639.5965
293,630.0305
294,622.3305
295,616.939
296,613.5519
297,611.264
298,608.6122
299,604.5894
300,599.1824
301,592.9243
302,586.8397
303,581.3687
304,577.0371
305,572.9035
306,568.6926
307,564.3174
308,560.2878
309,557.0662
310,554.7979
311,553.2776
312,551.8535
313,550.4411
314,549.0904
315,547.9941
316,547.1614
317,546.895
318,547.3725
319,548.929
320,551.7296
321,555.6616
322,560.5082
323,565.9813
324,571.9696
325,578.5709
326,585.9492
327,594.7227
328,605.1492
329,616.8306
330,629.1654
331,641.6752
332,654.0132
333,665.8432
334,677.1953
335,688.6333
336,700.7672
337,714.0075
338,728.5658
339,744.0818
340,760.142
341,775.8696
342,790.5842
343,803.9548
344,815.778
345,826.7629
346,837.7498
347,850.1355
348,864.8516
349,882.7753
350,904.6177
351,931.5078
352,964.8369
353,1005.752
354,1053.561
355,1103.595
356,1146.303
357,1165.62
358,1145.588
359,1086.346
360,999.8445
361,905.7288
362,821.7283
363,759.3023
364,722.2303
365,706.986
366,705.5581
367,709.8157
368,714.8575
369,719.3359
370,724.4994
371,731.614
372,741.2709
373,753.0236
374,766.0275
375,779.621
376,793.4675
377,807.4122
378,820.84
379,831.4003
380,835.4874
381,830.4233
382,817.6696
383,802.5371
384,791.136
385,786.8571
386,788.7066
387,792.6391
388,795.0297
389,793.6868
390,789.9114
391,786.1925
392,783.9168
393,784.0563
394,786.0566
395,788.7156
396,790.8559
397,791.9814
398,792.608
399,793.306
400,794.1141
401,794.2511
402,792.8892
403,790.2628
404,787.4505
405,785.8583
406,786.4846
407,789.611
408,794.6687
409,800.5978
410,806.8693
411,813.2584
412,820.3399
413,827.8456
414,835.4694
415,842.9598
416,850.52
417,858.6956
418,868.1326
419,879.2171
420,891.5682
421,904.0576
422,915.4432
423,924.8013
424,932.2225
425,937.8495
426,942.1824
427,945.9398
428,949.312
429,951.864
430,953.1671
431,953.6964
432,955.0908
433,959.8295
434,967.8716
435,977.9521
436,988.0234
437,997.0641
438,1004.425
439,1009.126
440,1009.982
441,1006.421
442,999.5659
443,993.0474
444,989.5982
445,990.0168
446,993.5159
447,998.5417
448,1003.491
449,1007.014
450,1008.521
451,1008.608
452,1008.92
453,1011.293
454,1015.764
455,1018.535
456,1015.651
457,1006.553
458,994.4031
459,984.9062
460,983.0096
461,990.4286
462,1005.338
463,1023.951
464,1042.176
465,1057.584
466,1069.838
467,1079.291
468,1086.899
469,1093.202
470,1098.696
471,1104.618
472,1113.017
473,1125.793
474,1143.206
475,1162.783
476,1178.743
477,1188.103
478,1192.83
479,1197.677
480,1206.237
481,1219.509
482,1236.363
483,1254.688
484,1272.422
485,1288.129
486,1300.938
487,1310.423
488,1319.105
489,1329.88
490,1344.822
491,1363.256
492,1382.185
493,1397.823
494,1407.61
495,1411.269
496,1410.062
497,1405.38
498,1398.471
499,1391.653
500,1387.808
501,1389.335
502,1397.114
503,1409.211
504,1421.399
505,1429.08
506,1429.678
507,1424.253
508,1417.878
509,1415.361
510,1417.528
511,1421.958
512,1426.545
513,1430.486
514,1434.068
515,1438.116
516,1443.377
517,1449.897
518,1456.553
519,1461.929
520,1465.149
521,1466.416
522,1467.067
523,1468.192
524,1470.081
525,1472.49
526,1474.996
527,1477.691
528,1481.967
529,1489.743
530,1502.034
531,1517.054
532,1531.027
533,1541.169
534,1547.102
535,1550.448
536,1553.632
537,1558.505
538,1565.328
539,1572.92
540,1579.789
541,1586.106
542,1593.326
543,1603.256
544,1616.236
545,1630.807
546,1644.484
547,1655.27
548,1662.817
549,1668.518
550,1674.494
551,1681.649
552,1689.139
553,1694.599
554,1697.285
555,1698.113
556,1699.259
557,1702.77
558,1709.75
559,1719.797
560,1731.013
561,1741.165
562,1748.025
563,1751.565
564,1752.857
565,1753.899
566,1755.986
567,1759.062
568,1762.484
569,1765.619
570,1768.188
571,1770.585
572,1774.108
573,1780.481
574,1790.584
575,1803.79
576,1818.78
577,1834.047
578,1848.413
579,1861.685
580,1874.643
581,1888.235
582,1903.091
583,1919.882
584,1939.905
585,1964.128
586,1991.882
587,2021.491
588,2049.729
589,2072.49
590,2085.611
591,2085.133
592,2067.527
593,2030.634
594,1974.469
595,1901.09
596,1819.438
597,1737.701
598,1663.295
599,1601.536
600,1555.636
601,1526.703
602,1513.639
603,1513.46
604,1522.448
605,1536.517
606,1551.622
607,1564.092
608,1573.246
609,1579.178
610,1582.653
611,1584.879
612,1587.197
613,1590.959
614,1597.279
615,1606.457
616,1618.028
617,1631.039
618,1643.636
619,1654.489
620,1663.1
621,1670.007
622,1676.299
623,1683.071
624,1690.962
625,1699.777
626,1708.699
627,1717.545
628,1726.784
629,1737.087
630,1747.895
631,1758.211
632,1767.836
633,1777.127
634,1785.934
635,1788.873
636,1779.671
637,1783.454
638,1793.228
639,1802.894
640,1812.636
641,1822.923
642,1832.943
643,1841.436
644,1849.135
645,1853.389
646,1857.494
647,1859.899
648,1863.311
649,1869.83
650,1877.547
651,1890.905
652,1904.311
653,1920.465
654,1934.831
655,1946.985
656,1956.435
657,1961.59
658,1964.827
659,1965.255
660,1965.8
661,1966.244
662,1967.903
663,1970.498
664,1974.26
665,1978.72
666,1983.631
667,1988.802
668,1994.651
669,2000.766
670,2008.069
671,2015.35
672,2022.858
673,2029.694
674,2034.049
675,2037.684
676,2037.072
677,2036.683
678,2034.278
679,2032.909
680,2032.698
681,2034.016
682,2038.272
683,2043.228
684,2049.766
685,2055.781
686,2061.356
687,2065.439
688,2068.09
689,2069.439
690,2069.932
691,2070.555
692,2071.64
693,2074.784
694,2079.182
695,2086.432
696,2094.563
697,2104.548
698,2114.496
699,2124.396
700,2129.134
715.01,2183.122
730.02,2231.279
745.02,2274.151
760.03,2309.256
775.04,2378.665
790.05,2420.274
805.05,2468.338
820.06,2533.507
835.07,2572.386
850.08,2606.989
865.09,2627.898
880.09,2660.368
895.1,2700.39
910.11,2733.366
925.12,2771.428
940.12,2803.101
955.13,2840.95
970.14,2852.824
985.15,2878.243
1000.16,2897.116
1015.16,2928.389
1030,2959.039
1040,2978.041
1050,2996.098
1060,3013.296
1070,3029.711
1080,3045.4
1090,3060.394
1100,3074.74
1110,3088.459
1120,3101.588
1130,3114.157
1140,3126.191
1150,3137.708
1160,3148.743
1170,3159.306
1180,3169.424
1190,3179.118
1200,3188.408
1210,3197.309
1220,3205.849
1230,3214.045
1240,3221.913
1250,3229.469
1260,3236.736
1270,3243.735
1280,3250.485
1290,3256.989
1300,3263.285
1310,3269.385
1320,3275.31
1330,3281.085
1340,3286.745
1350,3292.306
1360,3297.812
1370,3303.315
1380,3308.912
1390.36,3315.198
1405.36,3327.633
1420.37,3346.084
1435.38,3355.053
1450.39,3354.054
1465.4,3364.628
1480.4,3387.428
1495.41,3392.144
1510.42,3415.042
1525.43,3428.073
1540.44,3435.82
1555.44,3448.778
1570.45,3456.415
1585.46,3465.49
1600.47,3470.191
1615.47,3475.271
1630.48,3492.733
1645.49,3513.44
1660.5,3519.98
1675.51,3542.112
1690.51,3557.403
1705.52,3570.827
1720.53,3586.997
1735.54,3591.52
1750.54,3600.912
1765.55,3615.445
1780.56,3627.13
1795.57,3635.079
1810.57,3642.146
1825.58,3650.319
1840.59,3660.619
1855.6,3667.782
1870.61,3676.103
1885.61,3690.229
1900.62,3693.717
1915.63,3708.407
1930.64,3718.871
1945.65,3734.988
1960.65,3741.956
1975.66,3749.452
1990.67,3773.27
2005.68,3781.514
2020.68,3791.436
2035.69,3799.605
2050.7,3805.467
2065.71,3818.401
2080.72,3826.045
2095.72,3828.55
2110.73,3836.108
2125.74,3852.051
2140.75,3861.527
2155.75,3870.625
2170.76,3879.62
2185.77,3893.318
2200.78,3900.35
2215.78,3908.386
2230.79,3923.698
2245.8,3929.885
2260.81,3939.41
2275.82,3949.786
2290.82,3960.571
2305.83,3971.252
2320.84,3975.625
2335.85,3985.318
2350.85,3995.697
2365.86,4001.932
2380.87,4004.33
2395.88,4017.281
2410.89,4029.1
2425.89,4038.822
2440.9,4049.66
2455.91,4055.261
2470.92,4064.145
2485.93,4077.56
2500.93,4089.747
2515.94,4094.62
2530.95,4101.151
2545.96,4115.514
2560.96,4120.087
2575.97,4128.226
2590.98,4141.272
2605.99,4147.566
2621,4155.909
2636,4168.948
2651.01,4180.608
2666.02,4190.467
2681.03,4199.034
2696.03,4213.932
2711.04,4224.857
2726.05,4232.72
2741.06,4238.391
2756.06,4249.103
2771.07,4268.387
2786.08,4270.617
2801.09,4280.84
2816.1,4303.945
2831.1,4305.792
2846.11,4309.47
2861.12,4320.683
2876.13,4341.221
2891.14,4341.896
2906.14,4355.999
2921.15,4366.508
2936.16,4359.077
2951.17,4382.749
2966.17,4387.484
2981.18,4408.251
2996.19,4417.208
3011.2,4435.837
3026.21,4440.653
3041.21,4452.951
3056.22,4464.737
3071.23,4478.21
3086.24,4498.403
3101.24,4520.39
3116.25,4513.271
3131.26,4528.264
3146.27,4536.051
3161.27,4548.095
3176.28,4556.999
3191.29,4579.091
3206.3,4583.836
3221.31,4588.822
3236.31,4572.95
3251.32,4586.239
3266.33,4598.276
3281.34,4597.002
3296.34,4608.335
3311.35,4623.148
3326.36,4627.439
3341.37,4640.22
3356.38,4657.33
3371.38,4656.354
3386.39,4665.338
3401.4,4679.162
3416.41,4707.281
3431.42,4712.449
3446.42,4739.837
3461.43,4739.428
3476.44,4762.66
3491.45,4778.093
3506.45,4789.983
3521.46,4798.837
3536.47,4803.263
3551.48,4804.253
3566.49,4816.503
3581.49,4814.626
3596.5,4837.743
3611.51,4839.298
3626.52,4860.465
3641.52,4859.577
3656.53,4869.732
3671.54,4872.833
3686.55,4892.783
3701.55,4902.959
3716.56,4898.589
3731.57,4909.741
3746.58,4917.303
3761.59,4923.34
3776.59,4926.147
3791.6,4950.906
3806.61,4955.361
3821.62,4970.404
3836.63,4971.131
3851.63,5001.661
3866.64,5011.769
3881.65,5022.496
3896.66,5028.223
3911.66,5054.646
3926.67,5059.199
3941.68,5070.709
3956.69,5074.982
3971.7,5084.632
3986.7,5075.042
4001.71,5082.743
4016.72,5076.286
4031.73,5091.505
4046.73,5114.931
4061.74,5123.218
4076.75,5119.155
4091.76,5146.925
4106.77,5154.64
4121.77,5182.149
4136.78,5201.281
4151.79,5201.793
4166.8,5210.257
4181.8,5241.566
4196.81,5251.176
4211.82,5253.048
4226.83,5252.512
4241.83,5268.792
4256.84,5281.76
4271.85,5281.12
4286.86,5294.218
4301.87,5309.848
4316.87,5316.576
4331.88,5345.991
4346.89,5389.105
4361.9,5395.555
4376.9,5428.83
4391.91,5439.756
4406.92,5455.355
4421.93,5445.118
4436.94,5471.145
4451.94,5521.602
4466.95,5494.505
4481.96,5537.604
4496.97,5541.57
4511.98,5550.518
4526.98,5570.767
4541.99,5588.909
4557,5641.999
4572.01,5648.881
4587.01,5684.291
4602.02,5717.047
4617.03,5711.625
4632.04,5730.406
4647.04,5759.657
4662.05,5791.792
4677.06,5763.448
4692.07,5783.884
4707.08,5821.43
4722.08,5840.068
4737.09,5842.41
4752.1,5885.637
4767.11,5906.664
4782.12,5944.129
4797.12,5944.439
4812.13,5979.236
4827.14,5973.299
4842.15,5955.227
4857.15,6018.362
4872.16,6034.784
4887.17,6056.223
4902.18,6075.359
4917.19,6123.825
4932.19,6108.138
4947.2,6141.094
4962.21,6214.842
4977.22,6163.097
4992.22,6198.621
5007.23,6207.528
5022.24,6243.639
5037.25,6276.654
5052.25,6267.104
5067.26,6257.418
5082.27,6248.43
5097.28,6310.194
5112.29,6296.002
5127.29,6369.864
5142.3,6338.438
5157.31,6432.034
5172.32,6475.914
5187.33,6459.657
5202.33,6449.693
5217.34,6540.104
5232.35,6482.575
5247.36,6497.299
5262.36,6633.869
5277.37,6633.657
5292.38,6602.918
5307.39,6641.864
5322.4,6595.283
5337.4,6670.964
5352.41,6695.092
5367.42,6711.609
5382.43,6751.411
5397.43,6847.328
5412.44,6839.538
5427.45,6807.849
5442.46,6811.203
5457.46,6851.863
5472.47,6848.56
5487.48,6849.191
5500,6944.762
5510,6948.38
5520,6963.087
5530,6979.123
5540,6995.765
5550,7012.814
5560,7030.17
5570,7047.737
5580,7065.524
5590,7083.496
5600,7101.676
5610,7119.957
5620,7138.441
5630,7157.101
5640,7175.891
5650,7194.833
5660,7213.943
5670,7233.203
5680,7252.611
5690,7272.158
5700,7291.866
5710,7311.724
5720,7331.729
5730,7351.876
5740,7372.167
5750,7392.614
5760,7413.187
5770,7433.913
5780,7454.792
5790,7475.824
5800,7496.965
5810,7518.281
5820,7539.712
5830,7561.308
5840,7583.043
5850,7604.937
5860,7626.924
5870,7649.087
5880,7671.401
5890,7693.844
5900,7716.443
5910,7739.153
5920,7762.03
5930,7785.044
5940,7808.184
5950,7831.496
5960,7854.928
5970,7878.505
5980,7902.227
5990,7926.079
6000,7950.092
6010,7974.25
6020,7998.517
6030,8022.943
6040,8047.522
6050,8072.225
6060,8097.09
6070,8122.073
6080,8147.194
6090,8172.487
6100,8197.899
6110,8223.478
6120,8249.17
6130,8275.014
6140,8301.014
6150,8327.118
6160,8353.391
6170,8379.808
6180,8406.366
6190,8433.06
6200,8459.91
6210,8486.88
6220,8514.008
6230,8541.268
6240,8568.676
6250,8596.23
6260,8623.928
6270,8651.788
6280,8679.752
6290,8707.86
6300,8736.145
6310,8764.554
6320,8793.101
6330,8821.811
6340,8850.657
6350,8879.641
6360,8908.759
6370,8938.068
6380,8967.463
6390,8997.056
6400,9026.759
6410,9056.623
6420,9086.617
6430,9116.778
6440,9147.077
6450,9177.521
6460,9208.111
6470,9238.85
6480,9269.747
6490,9300.784
6500,9331.966
6510,9363.28
6520,9394.786
6530,9426.398
6540,9458.171
6550,9490.115
6560,9522.218
6570,9554.453
6580,9586.825
6590,9619.389
6600,9652.071
6610,9684.941
6620,9717.951
6630,9751.093
6640,9784.436
6650,9817.894
6660,9851.565
6670,9885.365
6680,9919.31
6690,9953.376
6700,9986.877
6703.11,9996.892
6718.12,10050.46
6733.13,10104.66
6748.13,10158.24
6763.14,10211.36
6778.15,10263.92
6793.16,10315.98
6808.17,10368.72
6823.17,10422.84
6838.18,10479.42
6853.19,10538.43
6868.2,10597.76
6883.2,10656.67
6898.21,10714.38
6913.22,10771.11
6928.23,10828.53
6943.23,10886.79
6958.24,10946.09
6973.25,11006.55
6988.26,11068.34
7003.27,11131.13
7018.27,11194.99
7033.28,11260.07
7048.29,11324.9
7063.3,11387.85
7078.31,11447.9
7093.31,11507.92
7108.32,11570.1
7123.33,11633.87
7138.34,11697.84
7153.34,11760.2
7168.35,11823.82
7183.36,11889.07
7198.37,11955.92
7213.38,12022.08
7228.38,12086.11
7243.39,12147.47
7258.4,12207.46
7273.41,12272.17
7288.41,12342.83
7303.42,12415.38
7318.43,12485.18
7333.44,12549.31
7348.44,12612.8
7363.45,12679.03
7378.46,12749.52
7393.47,12818.88
7408.48,12882.74
7423.48,12945.08
7438.49,13010.28
7453.5,13081.75
7468.51,13154.3
7483.52,13225.59
7498.52,13293.54
7513.53,13357.68
7528.54,13418.7
7543.55,13478.2
7558.55,13537.26
7573.56,13598.28
7588.57,13664.99
7603.58,13732.49
7618.58,13798.03
7633.59,13861.14
7648.6,13921.78
7663.61,13982.82
7678.62,14044.1
7693.62,14101.48
7708.63,14155.36
7723.64,14205.05
7738.65,14264.99
7753.65,14349.95
7768.66,14419.67
7783.67,14471.4
7798.68,14510.24
7813.69,14554.07
7828.69,14603.7
7843.7,14667.79
7858.71,14739.73
7873.72,14792.3
7888.73,14827.44
7903.73,14860.95
7918.74,14905.77
7933.75,14962.8
7948.76,15014.33
7963.76,15055.43
7978.77,15085.25
7993.78,15114.36
8008.79,15151.58
8023.79,15191.6
8038.8,15224.27
8053.81,15243.27
8068.82,15264.7
8083.83,15289.65
8098.83,15312.08
8113.84,15326.8
8128.85,15345.57
8143.86,15366.15
8158.87,15385.03
8173.87,15403.25
8188.88,15427.55
8203.89,15450.11
8218.9,15463.73
8233.9,15467.71
8248.91,15472.93
8263.92,15483.07
8278.93,15500.5
8293.93,15514.75
8308.94,15514.08
8323.95,15509.81
8338.96,15512.62
8353.97,15521.27
8368.97,15519.7
8383.98,15508.54
8398.99,15490.66
8414,15479.97
8429,15484.91
8444.01,15494.82
8459.02,15490.88
8474.03,15465.78
8489.04,15439.36
8504.04,15413.13
8519.05,15390.88
8534.06,15374.48
8549.07,15360.02
8564.07,15342.99
8579.08,15314.55
8594.09,15273.61
8609.1,15233.12
8624.11,15198.14
8639.11,15171.06
8654.12,15141.22
8669.13,15098.47
8684.14,15050.71
8699.14,15006.07
8714.15,14963.62
8729.16,14911.11
8744.17,14846.79
8759.18,14779.64
8774.18,14722.36
8789.19,14672.88
8804.2,14624.65
8819.21,14564.1
8834.21,14484.97
8849.22,14400.59
8864.23,14319.9
8879.24,14245.93
8894.25,14173.18
8909.25,14093.64
8924.26,14004.89
8939.27,13902.8
8954.28,13801.35
8969.28,13712.67
8984.29,13627.03
8999.3,13541.59
9014.31,13452.92
9029.32,13355.46
9044.32,13245.97
9059.33,13129.52
9074.34,13018.97
9089.35,12919.01
9104.35,12825.7
9119.36,12734.99
9134.37,12632.63
9149.38,12516.26
9164.39,12398.7
9179.39,12285.42
9194.4,12175.86
9209.41,12065.27
9224.42,11951.71
9239.42,11839.23
9254.43,11730.18
9269.44,11620.75
9284.45,11507.52
9299.46,11383.58
9314.46,11256.81
9329.47,11141.64
9344.48,11037.6
9359.49,10928.56
9374.49,10805.27
9389.5,10680.88
9404.51,10564.04
9419.52,10448.48
9434.53,10332.95
9449.53,10222.05
9464.54,10113.28
9479.55,10003.97
9494.56,9894.227
9509.56,9785.076
9524.57,9674.316
9539.58,9557.714
9554.59,9442.182
9569.6,9335.991
9584.6,9235.631
9599.61,9132.004
9614.62,9022.457
9629.63,8913.277
9644.63,8807.171
9659.64,8710.328
9674.65,8622.572
9689.66,8535.701
9704.67,8446.154
9719.67,8355.725
9734.68,8264.556
9749.69,8171.551
9764.7,8079.307
9779.7,7993.718
9794.71,7914.221
9809.72,7833.96
9824.73,7751.56
9839.74,7668.773
9854.74,7588.45
9869.75,7510.206
9884.76,7432.229
9899.77,7352.621
9914.77,7272.823
9929.78,7195.418
9944.79,7119.965
9959.8,7047.773
9974.81,6980.377
9989.81,6917.537
10004.82,6857.669
10019.83,6796.428
10034.84,6734.804
10049.84,6675.763
10064.85,6616.907
10079.86,6556.027
10094.87,6496.572
10109.88,6441.188
10124.88,6386.658
10139.89,6332.644
10154.9,6279.871
10169.91,6229.169
10184.91,6180.879
10199.92,6134.734
10214.93,6090.345
10229.94,6045.434
10244.95,5997.872
10259.95,5950.396
10274.96,5906.609
10289.97,5865.912
10304.98,5826.624
10319.98,5790.103
10334.99,5755.879
10350,5721.586
10365.01,5686.751
10380.02,5652.22
10395.02,5617.899
10410.03,5583.032
10425.04,5548.66
10440.05,5516.804
10455.05,5488.177
10470.06,5460.709
10485.07,5433.036
10500.08,5405.143
10515.09,5377.455
10530.09,5350.389
10545.1,5324.435
10560.11,5300.304
10575.12,5278.713
10590.12,5258.637
10605.13,5238.091
10620.14,5214.334
10635.15,5188.741
10650.16,5165.336
10665.16,5143.963
10680.17,5122.578
10695.18,5101.832
10710.19,5083.133
10725.19,5064.891
10740.2,5047.751
10755.21,5031.629
10770.22,5015.215
10785.23,4998.086
10800.23,4980.698
10815.24,4962.79
10830.25,4945.01
10845.26,4928.873
10860.26,4913.582
10875.27,4899.02
10890.28,4885.335
10905.29,4871.141
10920.3,4855.341
10935.3,4839.583
10950.31,4824.853
10965.32,4809.033
10980.33,4791.603
10995.33,4774.682
11010.34,4760.159
11025.35,4746.991
11040.36,4734.447
11055.37,4722.241
11070.37,4710.405
11085.38,4698.401
11100.39,4685.231
11115.4,4671.215
11130.4,4658.365
11145.41,4646.938
11160.42,4633.549
11175.43,4617.624
11190.44,4604.947
11205.44,4598.244
11220.45,4592.821
11235.46,4583.423
11250.47,4571.216
11265.47,4558.551
11280.48,4543.49
11295.49,4527.298
11310.5,4513.264
11325.51,4500.586
11340.51,4487.845
11355.52,4473.426
11370.53,4458.982
11385.54,4447.223
11400.54,4438.987
11415.55,4434.15
11430.56,4429.272
11445.57,4421.203
11460.58,4411.853
11475.58,4403.283
11490.59,4393.494
11505.6,4380.555
11520.61,4366.171
11535.61,4351.104
11550.62,4335.097
11565.63,4319.941
11580.64,4309.75
11595.65,4302.748
11610.65,4295.212
11625.66,4288.784
11640.67,4277.632
11655.68,4264.111
11670.68,4253.791
11685.69,4242.727
11700.7,4229.619
11715.71,4218.736
11730.72,4213.342
11745.72,4209.645
11760.73,4205.378
11775.74,4198.239
11790.75,4188.019
11805.75,4176.233
11820.76,4165.249
11835.77,4155.048
11850.78,4143.418
11865.79,4131.43
11880.79,4125.425
11895.8,4124.074
11910.81,4118.23
11925.82,4107.113
11940.82,4094.289
11955.83,4082.481
11970.84,4073.991
11985.85,4070.594
12000.86,4067.45
12015.86,4060.309
12030.87,4051.886
12045.88,4045.621
12060.89,4042.021
12075.89,4034.93
12090.9,4020.488
12105.91,4004.148
12120.92,3990.283
12135.93,3980.631
12150.93,3971.279
12165.94,3959.475
12180.95,3945.151
12195.96,3930.21
12210.96,3917.029
12225.97,3905.668
12240.98,3894.58
12255.99,3883.616
12271,3873.024
12286,3861.881
12301.01,3851.278
12316.02,3840.479
12331.03,3829.381
12346.03,3819.774
12361.04,3810.476
12376.05,3798.351
12391.06,3783.465
12406.07,3769.199
12421.07,3757.483
12436.08,3745.119
12451.09,3727.661
12466.1,3706.799
12481.1,3685.154
12496.11,3668.511
12511.12,3657.551
12526.13,3647.472
12541.14,3638.073
12556.14,3627.044
12571.15,3613.956
12586.16,3601.793
12601.17,3590.197
12616.17,3578.884
12631.18,3566.093
12646.19,3550.1
12661.2,3531.994
12676.21,3515.117
12691.21,3501.365
12706.22,3488.459
12721.23,3472.614
12736.24,3453.794
12751.24,3436.759
12766.25,3422.508
12781.26,3408.258
12796.27,3392.468
12811.28,3376.927
12826.28,3362.78
12841.29,3349.144
12856.3,3337.457
12871.31,3328.143
12886.31,3318.686
12901.32,3308.749
12916.33,3297.033
12931.34,3281.391
12946.35,3262.125
12961.35,3242.81
12976.36,3225.421
12991.37,3209.715
13006.38,3195.808
13021.38,3183.421
13036.39,3172.713
13051.4,3162.487
13066.41,3150.929
13081.42,3137.852
13096.42,3124.767
13111.43,3112.62
13126.44,3100.813
13141.45,3090.831
13156.45,3081.774
13171.46,3071.293
13186.47,3059.788
13201.48,3048.754
13216.49,3038.667
13231.49,3028.431
13246.5,3016.608
13261.51,3000.57
13276.52,2982.053
13291.52,2965.486
13306.53,2950.4
13321.54,2934.489
13336.55,2918.089
13351.56,2904.738
13366.56,2894.965
13381.57,2886.016
13396.58,2875.859
13411.59,2865.865
13426.59,2856.921
13441.6,2846.159
13456.61,2834.623
13471.62,2824.357
13486.63,2813.523
13501.63,2800.902
13516.64,2788.317
13531.65,2776.737
13546.66,2764.686
13561.66,2755.055
13576.67,2747.741
13591.68,2740.787
13606.69,2734.352
13621.7,2727.568
13636.7,2718.251
13651.71,2706.822
13666.72,2695.682
13681.73,2684.457
13696.73,2673.983
13711.74,2663.438
13726.75,2651.188
13741.76,2639.227
13756.77,2627.962
13771.77,2617.519
13786.78,2608.676
13801.79,2600.307
13816.8,2590.168
13831.8,2578.129
13846.81,2566.338
13861.82,2556.313
13876.83,2546.935
13891.83,2537.698
13906.84,2530.049
13921.85,2522.582
13936.86,2514.796
13951.87,2506.571
13966.87,2497.536
13981.88,2487.964
13996.89,2479.302
14011.9,2470.957
14026.91,2461.132
14041.91,2450.805
14056.92,2440.313
14071.93,2429.132
14086.94,2416.95
14101.94,2403.343
14116.95,2389.835
14131.96,2377.667
14146.97,2366.122
14161.98,2355.986
14176.98,2346.494
14191.99,2337.011
14207,2327.99
14222.01,2317.977
14237.01,2308.007
14252.02,2299.891
14267.03,2292.561
14282.04,2284.181
14297.04,2273.806
14312.05,2262.372
14327.06,2251.165
14342.07,2241.213
14357.08,2232.453
14372.08,2223.761
14387.09,2215.119
14402.1,2207.306
14417.11,2198.554
14432.12,2187.353
14447.12,2175.344
14462.13,2163.652
14477.14,2154.34
14492.15,2148.081
14507.15,2143.058
14522.16,2137.417
14537.17,2129.36
14552.18,2120.323
14567.19,2112.634
14582.19,2106.277
14597.2,2100.025
14612.21,2093.066
14627.22,2086.655
14642.22,2082.582
14657.23,2077.695
14672.24,2069.704
14687.25,2061.417
14702.25,2053.259
14717.26,2043.685
14732.27,2033.225
14747.28,2024.261
14762.29,2016.172
14777.29,2007.591
14792.3,1999.706
14807.31,1994.866
14822.32,1992.831
14837.33,1991.429
14852.33,1988.448
14867.34,1984.252
14882.35,1979.008
14897.36,1972.853
14912.36,1965.543
14927.37,1957.219
14942.38,1948.983
14957.39,1941.832
14972.4,1936.012
14987.4,1931.015
15002.41,1926.206
15017.42,1922.255
15032.43,1918.782
15047.43,1914.44
15062.44,1909.686
15077.45,1903.426
15092.46,1896.801
15107.46,1892.383
15122.47,1889.854
15137.48,1887.808
15152.49,1887.122
15167.5,1888.542
15182.5,1888.235
15197.51,1886.681
15212.52,1884.551
15227.53,1880.636
15242.54,1877.4
15257.54,1873.718
15272.55,1867.856
15287.56,1860.525
15302.57,1850.724
15317.57,1840.144
15332.58,1832.388
15347.59,1827.612
15362.6,1824.081
15377.6,1819.907
15392.61,1816.802
15407.62,1816.102
15422.63,1813.92
15437.64,1808.205
15452.64,1798.595
15467.65,1788.592
15482.66,1786.529
15497.67,1788.861
15512.67,1783.868
15527.68,1772.698
15542.69,1763.944
15557.7,1759.058
15572.71,1754.139
15587.71,1748.331
15602.72,1741.752
15617.73,1736.419
15632.74,1731.719
15647.75,1725.283
15662.75,1718.362
15677.76,1710.385
15692.77,1703.207
15707.78,1698.554
15722.78,1693.398
15737.79,1687.039
15752.8,1683.288
15767.81,1685.607
15782.81,1693.839
15797.82,1663.289
15812.83,1617.298
15827.84,1614.462
15842.85,1618.406
15857.85,1615.05
15872.86,1608.997
15887.87,1602.652
15902.88,1594.147
15917.88,1586.422
15932.89,1580.457
15947.9,1574.028
15962.91,1569.902
15977.92,1571.783
15992.92,1576.135
16007.93,1576.897
16022.94,1574.848
16037.95,1571.024
16052.96,1563.89
16067.96,1552.884
16082.97,1541.89
16097.98,1530.783
16112.99,1521.037
16127.99,1515.969
16143,1515.161
16158.01,1517.003
16173.02,1520.534
16188.02,1525.055
16203.03,1527.382
16218.04,1526.349
16233.05,1522.181
16248.06,1516.174
16263.06,1510.972
16278.07,1503.397
16293.08,1493.046
16308.09,1484.668
16323.09,1478.705
16338.1,1475.515
16353.11,1473.323
16368.12,1470.405
16383.13,1467.166
16398.13,1464.529
16413.14,1461.128
16428.15,1455.692
16443.16,1450.423
16458.16,1447.068
16473.17,1443.836
16488.18,1439.761
16503.19,1438.477
16518.2,1440.592
16533.2,1443.367
16548.21,1444.263
16563.22,1441.72
16578.23,1435.253
16593.23,1428.571
16608.24,1424.316
16623.25,1421.27
16638.26,1423.064
16653.27,1427.226
16668.27,1429.015
16683.28,1432.804
16698.29,1436.422
16713.3,1437.652
16728.3,1436.63
16743.31,1429.717
16758.32,1421.211
16773.33,1415.371
16788.34,1409.894
16803.34,1405.032
16818.35,1401.335
16833.36,1398.321
16848.37,1395.503
16863.38,1393.881
16878.38,1395.089
16893.39,1397.706
16908.4,1399.485
16923.41,1401.422
16938.41,1400.931
16953.42,1396.989
16968.43,1392.452
16983.44,1388.236
16998.45,1383.573
17013.45,1378.648
17028.46,1374.973
17043.47,1372.389
17058.48,1368.654
17073.48,1364.914
17088.49,1364.39
17103.5,1365.888
17118.51,1364.452
17133.52,1359.082
17148.52,1355.705
17163.53,1357.026
17178.54,1359.632
17193.54,1360.824
17208.55,1362.771
17223.56,1364.65
17238.57,1362.724
17253.58,1357.34
17268.58,1353.182
17283.59,1350.683
17298.6,1348.274
17313.61,1343.223
17328.62,1337.382
17343.62,1334.987
17358.63,1333.353
17373.64,1331.51
17388.65,1332.269
17403.65,1333.892
17418.66,1336.675
17433.67,1339.225
17448.68,1339.159
17463.69,1336.525
17478.69,1333.024
17493.7,1330.268
17508.71,1327.46
17523.72,1323.983
17538.72,1320.035
17553.73,1318.657
17568.74,1321.396
17583.75,1326.009
17598.76,1328.845
17613.76,1330.61
17628.77,1334.048
17643.78,1336.481
17658.79,1335.561
17673.79,1331.06
17688.8,1327.036
17703.81,1327.784
17718.82,1333.958
17733.83,1339.733
17748.83,1342.568
17763.84,1346.586
17778.85,1350.137
17793.86,1351.66
17808.87,1352.677
17823.87,1352.822
17838.88,1350.436
17853.89,1345.972
17868.9,1342.502
17883.9,1341.354
17898.91,1342.697
17913.92,1345.287
17928.93,1350.284
17943.94,1360.697
17958.94,1373.151
17973.95,1382.681
17988.96,1389.944
18003.96,1395.944
18018.97,1396.544
18033.98,1394.563
18048.99,1395.588
18064,1395.504
18079,1395.754
18094.01,1396.976
18109.02,1398.624
18124.03,1403.436
18139.04,1411.994
18154.04,1420.364
18169.05,1425.257
18184.06,1427.665
18199.07,1427.252
18214.07,1425.592
18229.08,1423.024
18244.09,1417.105
18259.1,1413.585
18274.11,1415.818
18289.11,1419.6
18304.12,1424.558
18319.13,1432.82
18334.14,1441.021
18349.14,1445.442
18364.15,1450.464
18379.16,1456.458
18394.17,1462.266
18409.18,1466.407
18424.18,1467.458
18439.19,1468.389
18454.2,1467.788
18469.21,1465.195
18484.21,1468.435
18499.22,1473.485
18514.23,1479.252
18529.24,1486.931
18544.25,1489.101
18559.25,1487.752
18574.26,1489.885
18589.27,1497.336
18604.28,1507.601
18619.29,1511.749
18634.29,1511.723
18649.3,1518.66
18664.31,1531.111
18679.32,1547.223
18694.32,1594.952
18700,1613.696
18720,1583.428
18740,1547.568
18760,1530.615
18780,1517.834
18800,1510.376
18820,1504.951
18840,1498.895
18860,1496.047
18880,1496.113
18900,1489.183
18920,1478.788
18940,1475.492
18960,1474.605
18980,1471.305
19000,1468.058
19020,1465.727
19040,1463.971
19060,1462.338
19080,1459.393
19100,1455.533
19120,1450.843
19140,1447.966
19160,1449.532
19180,1449.958
19200,1446.932
19220,1445.075
19240,1445.364
19260,1440.298
19280,1431.001
19300,1429.45
19320,1433.173
19340,1432.787
19360,1428.923
19380,1420.556
19400,1411.539
19420,1407.189
19440,1403.782
19460,1400.056
19480,1398.652
19500,1401.092
19520,1399.568
19540,1391.222
19560,1386.213
19580,1386.536
19600,1384.696
19620,1380.417
19640,1378.812
19660,1379.048
19680,1376.515
19700,1372.414
19720,1370.742
19740,1369.676
19760,1364.753
19780,1358.245
19800,1353.365
19820,1348.924
19840,1347.496
19860,1347.071
19880,1340.852
19900,1333.896
19920,1332.618
19940,1332.927
19960,1331.521
19980,1330.714
20000,1334.152
20020,1338.042
20040,1337.309
20060,1335.897
20080,1338.338
20100,1340.38
20120,1336.393
20140,1327.823
20160,1321.904
20180,1320.353
20200,1318.035
20220,1316.167
20240,1316.385
20260,1317.922
20280,1320.709
20300,1324.33
20320,1328.418
20340,1332.438
20360,1334.556
20380,1335.047
20400,1333.672
20420,1331.078
20440,1330.178
20460,1329.756
20480,1324.138
20500,1316.653
20520,1315.097
20540,1319.137
20560,1323.423
20580,1325.049
20600,1325.715
20620,1325.252
20640,1324.3
20660,1322.929
20680,1321.946
20700,1324.266
20720,1327.453
20740,1327.601
20760,1325.506
20780,1321.494
20800,1314.499
20820,1306.284
20840,1300.637
20860,1297.607
20880,1296.288
20900,1295.889
20920,1296.763
20940,1297.545
20960,1294.792
20980,1291.192
21000,1291.131
21020,1292.791
21040,1289.226
21060,1279.343
21080,1271.086
21100,1268.926
21120,1267.522
21140,1262.901
21160,1257.834
21180,1255.3
21200,1253.754
21220,1250.487
21240,1245.555
21260,1241.327
21280,1238.819
21300,1236.925
21320,1235.622
21340,1234.487
21360,1232.312
21380,1229.827
21400,1228.485
21420,1228.574
21440,1226.82
21460,1219.305
21480,1210.585
21500,1207.385
21520,1206.053
21540,1200.09
21560,1190.064
21580,1184.525
21600,1191.021
21620,1197.573
21640,1189.507
21660,1177.005
21680,1172.009
21700,1173.189
21720,1173.801
21740,1170.054
21760,1166.182
21780,1166.589
21800,1168.528
21820,1168.24
21840,1165.768
21860,1162.972
21880,1160.523
21900,1158.209
21920,1156.615
21940,1155.413
21960,1153.343
21980,1149.431
22000,1145.331
22020,1142.64
22040,1140.439
22060,1138.402
22080,1136.55
22100,1134.375
22120,1130.609
22140,1126.691
22160,1124.862
22180,1124.556
22200,1124.706
22220,1125.707
22240,1126.617
22260,1124.786
22280,1121.009
22300,1118.003
22320,1117.403
22340,1117.649
22360,1117.866
22380,1118.433
22400,1118.479
22420,1117.229
22440,1115.696
22460,1115.049
22480,1115
22500,1114.733
22520,1113.383
22540,1111.917
22560,1111.754
22580,1112.766
22600,1112.96
22620,1110.017
22640,1106.229
22660,1105.137
22680,1106.947
22700,1108.565
22720,1106.934
22740,1104.153
22760,1102.993
22780,1104.916
22800,1107.288
22820,1107.212
22840,1105.814
22860,1103.445
22880,1099.078
22900,1094.176
22920,1091.76
22940,1091.42
22960,1091.236
22980,1089.347
23000,1086.923
23020,1085.862
23040,1087.953
23060,1090.731
23080,1090.975
23100,1089.805
23120,1088.361
23140,1087.722
23160,1087.09
23180,1085.015
23200,1079.447
23220,1073.328
23240,1071.074
23260,1071.685
23280,1073.204
23300,1075.099
23320,1077.844
23340,1078.49
23360,1074.888
23380,1069.573
23400,1065.819
23420,1063.136
23440,1060.872
23460,1059.008
23480,1057.719
23500,1055.529
23520,1050.135
23540,1042.823
23560,1037.839
23580,1036.983
23600,1038.027
23620,1038.878
23640,1040.906
23660,1043.109
23680,1043.67
23700,1043.835
23720,1043.223
23740,1041.049
23760,1037.508
23780,1034.017
23800,1031.417
23820,1029.001
23840,1026.258
23860,1022.432
23880,1018.145
23900,1014.903
23920,1012.75
23940,1011.177
23960,1009.895
23980,1009.435
24000,1009.228
24020,1008.456
24040,1007.813
24060,1006.818
24080,1004.543
24100,1000.542
24120,997.4329
24140,998.5503
24160,1003.669
24180,1007.392
24200,1004.968
24220,998.5176
24240,992.4319
24260,989.538
24280,988.023
24300,985.6412
24320,980.326
24340,972.9878
24360,967.426
24380,965.5529
24400,965.829
24420,966.2068
24440,966.6995
24460,967.6942
24480,967.3881
24500,964.6646
24520,960.4253
24540,956.7426
24560,954.0381
24580,951.7165
24600,950.0795
24620,949.6564
24640,950.219
24660,950.3555
24680,949.7262
24700,948.8662
24720,947.5702
24740,945.7302
24760,943.4348
24780,940.7344
24800,937.2676
24820,932.7046
24840,928.7706
24860,926.9048
24880,926.8264
24900,926.5414
24920,924.2772
24940,920.1333
24960,916.1888
24980,914.6702
25000,916.65
25020,918.757
25040,916.6248
25060,910.7375
25080,903.4209
25100,898.0775
25120,893.1372
25140,888.5801
25160,885.1404
25180,882.9173
25200,881.4524
25220,879.5625
25240,876.7705
25260,873.3395
25280,870.2837
25300,868.0265
25320,866.0192
25340,864.897
25360,865.4731
25380,870.1589
25400,875.1284
25420,875.0751
25440,870.9362
25460,864.7767
25480,860.2762
25500,856.5063
25520,852.9081
25540,850.8002
25560,851.4125
25580,855.5386
25600,858.472
25620,856.2195
25640,847.5598
25660,837.9055
25680,834.5549
25700,836.5151
25720,841.2509
25740,843.148
25760,841.9262
25780,838.8139
25800,834.9557
25820,830.7386
25840,824.1597
25860,817.3958
25880,813.2857
25900,810.8812
25920,809.3478
25940,806.9851
25960,803.4885
25980,798.9958
26000,794.7378
26020,791.4697
26040,788.7084
26060,786.1965
26080,783.6254
26100,780.6375
26120,777.5362
26140,775.8331
26160,776.3326
26180,780.4094
26200,784.3729
26220,784.3307
26240,782.0336
26260,778.1924
26280,774.0061
26300,768.7148
26320,760.8632
26340,754.4103
26360,752.8571
26380,757.5349
26400,764.4382
26420,765.4621
26440,760.1788
26460,748.4341
26480,737.6365
26500,733.1384
26520,733.5082
26540,735.8814
26560,735.035
26580,730.8865
26600,723.2592
26620,716.1394
26640,712.7111
26660,712.2145
26680,713.2529
26700,712.7473
26720,710.5587
26740,706.5807
26760,702.853
26780,701.5605
26800,703.6416
26820,707.9518
26840,708.5364
26860,703.5018
26880,690.1876
26900,675.0045
26920,666.8185
26940,662.567
26960,661.7146
26980,661.035
27000,658.5897
27020,655.9978
27040,653.1034
27060,649.0905
27080,643.649
27100,634.6695
27120,625.4592
27140,620.1133
27160,616.6314
27180,614.7905
27200,613.2225
27220,611.0456
27240,607.873
27260,604.6239
27280,604.0564
27300,607.0026
27320,617.4976
27340,629.3368
27360,633.1207
27380,631.4835
27400,623.3264
27420,614.3181
27440,609.6531
27460,606.6081
27480,604.7072
27500,602.0431
27520,597.4036
27540,588.7739
27560,578.1287
27580,572.3423
27600,572.4373
27620,580.1911
27640,590.9512
27660,596.6674
27680,599.1498
27700,599.3152
27720,598.4088
27740,597.7579
27760,596.9043
27780,595.9166
27800,594.1823
27820,590.9735
27840,585.0937
27860,574.8611
27880,567.931
27900,570.4557
27920,583.9642
27940,609.5241
27960,627.6614
27980,626.8881
28000,608.6527
28020,574.8893
28040,547.3447
28060,533.4727
28080,525.5011
28100,521.8463
28120,520.6339
28140,521.8284
28160,530.2547
28180,543.4557
28200,549.3515
28220,545.2787
28240,530.6975
28260,508.4463
28280,488.851
28300,471.8721
28320,446.9449
28340,418.4779
28360,404.9927
28380,408.6279
28400,430.564
28420,464.7581
28440,490.441
28460,503.6642
28480,505.883
28500,500.8127
28520,504.8096
28540,522.3347
28560,551.8767
28580,593.0176
28600,636.0961
28620,679.3524
28640,737.8347
28660,819.1301
28680,889.8995
28700,923.9075
28720,929.7956
28740,897.1696
28760,857.0659
28780,838.3606
28800,823.312
28820,807.9925
28840,793.206
28860,780.3923
28880,766.9548
28900,747.68
28920,728.1583
28940,717.3466
28960,711.6979
28980,713.3126
29000,718.5656
29020,719.6959
29040,717.3709
29060,712.0811
29080,704.4805
29100,697.5934
29120,692.0193
29140,686.0633
29160,679.1578
29180,673.8228
29200,671.7782
29220,672.4045
29240,679.6428
29260,687.4128
29280,687.7772
29300,684.4198
29320,674.2997
29340,661.1231
29360,653.1478
29380,649.577
29400,650.1505
29420,654.5234
29440,657.6431
29460,657.3271
29480,655.3152
29500,651.2913
29520,646.6763
29540,642.7463
29560,638.4528
29580,632.1206
29600,625.2346
29620,621.436
29640,620.6398
29660,623.7844
29680,631.6631
29700,637.558
29720,637.2416
29740,633.1559
29760,621.0891
29780,607.253
29800,600.8325
29820,598.4512
29840,601.1814
29860,608.2564
29880,613.2203
29900,613.9275
29920,612.5483
29940,608.1266
29960,602.577
29980,598.2317
30000,593.5604
30020,586.931
30040,578.8243
30060,573.4379
30080,572.0318
30100,573.8581
30120,584.1547
30140,595.0885
30160,596.0839
30180,591.6267
30200,578.3698
30220,556.7906
30240,540.1337
30260,533.4012
30280,531.6882
30300,536.8558
30320,545.2726
30340,551.5225
30360,557.7524
30380,566.1911
30400,578.7292
30420,590.1208
30440,596.359
30460,600.5531
30480,603.658
30500,605.4864
30520,604.8074
30540,601.2448
30560,594.2786
30580,578.1232
30600,560.4812
30620,552.127
30640,548.0092
30660,548.0115
30680,552.845
30700,557.9934
30720,560.3478
30740,562.3771
30760,565.6064
30780,569.6204
30800,571.3144
30820,569.9579
30840,566.0988
30860,557.2318
30880,546.227
30900,538.4807
30920,532.4916
30940,526.8629
30960,519.1762
30980,512.5696
31000,511.052
31020,512.7829
31040,519.3404
31060,533.6471
31080,546.723
31100,550.9428
31120,550.8276
31140,544.5786
31160,531.7622
31180,521.3882
31200,518.0999
31220,518.4229
31240,524.2184
31260,534.3902
31280,541.9786
31300,545.2154
31320,546.5508
31340,546.2994
31360,544.6281
31380,541.6909
31400,537.2455
31420,530.5871
31440,517.7335
31460,502.0767
31480,492.7981
31500,489.3961
31520,489.959
31540,497.6545
31560,508.8235
31580,515.3049
31600,517.9464
31620,518.3656
31640,515.1941
31660,510.3538
31680,507.9759
31700,507.7014
31720,508.9501
31740,513.373
31760,519.2679
31780,522.472
31800,523.3063
31820,522.5466
31840,519.0659
31860,513.8499
31880,509.8785
31900,507.1159
31920,504.687
31940,502.0119
31960,499.2411
31980,497.4258
32000,496.7594
32020,497.0352
32040,499.0026
32060,502.5797
32080,505.3094
32100,506.2806
32120,506.4724
32140,505.9774
32160,504.7312
32180,503.0989
32200,501.3376
32220,499.1291
32240,496.0686
32260,490.8892
32280,485.8843
32300,483.5204
32320,482.3609
32340,482.3479
32360,484.5208
32380,487.4915
32400,489.0925
32420,490.2165
32440,491.3148
32460,493.2438
32480,495.5243
32500,496.3221
32520,495.4994
32540,493.4277
32560,489.4465
32580,483.2133
32600,477.3273
32620,473.2166
32640,469.5626
32660,466.0202
32680,461.7584
32700,457.736
32720,455.2066
32740,453.4532
32760,452.4769
32780,453.0702
32800,454.4668
32820,454.5389
32840,453.2248
32860,450.8318
32880,446.4293
32900,439.0363
32920,432.917
32940,431.0907
32960,431.5769
32980,434.5529
33000,443.4926
33020,454.13
33040,459.0302
33060,460.2788
33080,458.6262
33100,452.0555
33120,440.1016
33140,430.5682
33160,427.2949
33180,427.0044
33200,429.5139
33220,437.4323
33240,447.2024
33260,453.1417
33280,457.3146
33300,460.5161
33320,462.7214
33340,463.9256
33360,465.1678
33380,467.0569
33400,469.1587
33420,471.4125
33440,473.7446
33460,476.2312
33480,479.0341
33500,482.2126
33520,485.8777
33540,490.3777
33560,496.5869
33580,502.7245
33600,506.9451
33620,510.3742
33640,513.1139
33660,514.7534
33680,515.4786
33700,516.7557
33720,519.0295
33740,521.866
33760,525.3456
33780,530.4545
33800,536.1496
33820,540.3069
33840,543.4874
33860,546.018
33880,547.783
33900,548.0427
33920,548.1652
33940,549.8343
33960,552.2108
33980,555.3218
34000,559.8035
34020,566.0974
34040,571.8904
34060,575.6504
34080,578.5532
34100,580.7932
34120,582.4131
34140,583.4554
34160,584.0592
34180,584.2454
34200,583.8979
34220,582.864
34240,580.275
34260,576.7108
34280,574.1205
34300,572.4248
34320,571.1152
34340,570.099
34360,569.5273
34380,569.145
34400,568.4544
34420,567.5281
34440,566.4174
34460,565.0903
34480,563.2922
34500,561.2751
34520,559.5267
34540,557.8607
34560,556.1768
34580,554.4267
34600,552.5538
34620,550.5301
34640,548.3189
34660,545.8224
34680,542.8871
34700,539.2062
34720,532.8769
34740,526.0525
34760,522.4648
34780,520.728
34800,520.476
34820,521.8812
34840,527.0746
34860,533.6561
34880,537.0287
34900,538.5544
34920,538.8888
34940,538.0361
34960,534.8674
34980,530.5085
35000,527.6455
35020,525.8423
35040,524.5273
35060,523.5594
35080,522.8715
35100,522.4254
35120,522.2028
35140,522.2227
35160,522.4788
35180,522.9758
35200,524.0028
35220,525.5704
35240,526.8387
35260,527.4587
35280,527.7472
35300,527.7032
35320,527.1155
35340,525.629
35360,524.2426
35380,523.8662
35400,523.9141
35420,524.3103
35440,525.0533
35460,526.381
35480,528.0316
35500,529.503
35520,530.999
35540,532.6641
35560,534.666
35580,537.8547
35600,541.7083
35620,544.1857
35640,545.1773
35660,545.1274
35680,543.9198
35700,540.6279
35720,534.3617
35740,528.6248
35760,526.0235
35780,524.6715
35800,524.2781
35820,524.731
35840,526.1924
35860,528.2783
35880,530.401
35900,532.8196
35920,535.6907
35940,539.1998
35960,544.1437
35980,550.6061
36000,556.3831
36020,560.546
36040,564.0432
36060,567.0566
36080,569.6653
36100,571.8588
36120,573.7224
36140,575.3953
36160,576.7681
36180,577.6834
36200,578.006
36220,577.0338
36240,574.5844
36260,572.7624
36280,572.6224
36300,573.2261
36320,574.4221
36340,576.1861
36360,578.8899
36380,582.1277
36400,584.9804
36420,587.6729
36440,590.3582
36460,593.0873
36480,595.9153
36500,598.8073
36520,601.6748
36540,604.5302
36560,607.3875
36580,610.2291
36600,613.0011
36620,615.3885
36640,617.4373
36660,620.0655
36680,623.6057
36700,627.7933
36720,632.688
36740,638.5173
36760,646.7684
36780,656.4141
36800,664.1022
36820,670.3539
36840,675.7443
36860,680.3572
36880,684.173
36900,686.3489
36920,687.8002
36940,690.418
36960,693.3471
36980,696.4249
37000,699.5687
37020,702.6671
37040,705.5084
37060,708.3895
37080,711.7328
37100,715.2943
37120,719.018
37140,722.8868
37160,726.7084
37180,730.2027
37200,733.9619
37220,738.6003
37240,743.827
37260,749.6716
37280,756.2701
37300,764.2859
37320,774.2968
37340,784.3231
37360,792.6634
37380,800.4457
37400,807.8887
37420,815.1069
37440,822.1614
37460,829.1052
37480,836.0879
37500,843.1871
37520,850.3716
37540,857.7646
37560,865.5336
37580,874.3039
37600,884.7575
37620,895.0607
37640,903.3344
37660,910.6498
37680,917.1448
37700,922.7897
37720,927.1711
37740,929.4441
37760,931.2462
37780,934.8453
37800,939.1305
37820,943.9727
37840,949.335
37860,955.4104
37880,963.3087
37900,971.8817
37920,978.5519
37940,984.4744
37960,989.7945
37980,994.5281
38000,998.562
38020,1000.951
38040,1002.362
38060,1005.082
38080,1008.544
38100,1012.494
38120,1016.914
38140,1021.917
38160,1028.17
38180,1035.516
38200,1042.224
38220,1048.014
38240,1053.41
38260,1058.547
38280,1063.525
38300,1068.557
38320,1073.869
38340,1078.915
38360,1083.12
38380,1086.799
38400,1089.972
38420,1092.598
38440,1094.542
38460,1094.885
38480,1094.371
38500,1095.064
38520,1096.189
38540,1097.569
38560,1099.164
38580,1101.007
38600,1103.484
38620,1106.609
38640,1109.242
38660,1110.911
38680,1111.982
38700,1112.461
38720,1112.257
38740,1111.108
38760,1107.468
38780,1102.859
38800,1100.623
38820,1099.196
38840,1098.328
38860,1097.93
38880,1098.029
38900,1099.004
38920,1100.886
38940,1102.517
38960,1103.403
38980,1103.98
39000,1104.326
39020,1104.468
39040,1104.408
39060,1104.091
39080,1103.558
39100,1102.932
39120,1102.148
39140,1101.158
39160,1099.885
39180,1098.186
39200,1095.601
39220,1091.355
39240,1087.161
39260,1084.983
39280,1083.74
39300,1083.332
39320,1083.82
39340,1085.477
39360,1089.911
39380,1097.123
39400,1102.7
39420,1104.99
39440,1105.563
39460,1104.594
39480,1101.993
39500,1097.329
39520,1087.785
39540,1075.129
39560,1065.936
39580,1059.675
39600,1054.885
39620,1051.242
39640,1048.638
39660,1047.145
39680,1047.819
39700,1049.615
39720,1050.116
39740,1050.093
39760,1049.876
39780,1049.578
39800,1049.268
39820,1049.014
39840,1049.053
39860,1049.199
39880,1049.063
39900,1048.859
39920,1048.66
39940,1048.529
39960,1048.557
39980,1048.913
40000,1050.614
40020,1052.59
40040,1052.817
40060,1052.294
40080,1051.162
40100,1049.468
40120,1047.207
40140,1044.305
40160,1040.312
40180,1035.689
40200,1031.301
40220,1026.672
40240,1021.634
40260,1016.035
40280,1009.642
40300,1002.022
40320,990.7117
40340,978.0524
40360,969.0027
40380,961.8203
40400,955.7476
40420,950.5317
40440,946.0352
40460,942.1793
40480,938.9221
40500,936.2355
40520,934.0965
40540,932.5167
40560,931.5486
40580,931.2764
40600,931.8582
40620,933.6213
40640,938.1866
40660,945.502
40680,951.1721
40700,953.6097
40720,954.5016
40740,954.1003
40760,952.4253
40780,949.2807
40800,943.6918
40820,933.6925
40840,923.6347
40860,918.1384
40880,914.4318
40900,912.1119
40920,911.0647
40940,911.378
40960,913.4107
40980,919.7198
41000,928.0014
41020,932.7419
41040,935.3657
41060,936.8066
41080,937.3041
41100,936.9459
41120,935.7105
41140,933.1682
41160,929.1829
41180,925.1849
41200,921.9301
41220,918.7526
41240,915.5073
41260,912.0871
41280,908.3784
41300,904.1943
41320,898.5655
41340,892.4321
41360,887.6716
41380,883.5641
41400,879.8157
41420,876.3124
41440,872.9708
41460,869.7083
41480,866.3041
41500,862.6201
41520,859.2811
41540,856.6931
41560,854.5305
41580,852.7415
41600,851.3151
41620,850.2691
41640,849.6675
41660,849.8912
41680,850.7135
41700,851.277
41720,851.6225
41740,852.0223
41760,852.5828
41780,853.4139
41800,854.6721
41820,856.6685
41840,861.3044
41860,866.5716
41880,868.798
41900,869.6285
41920,869.4167
41940,868.2589
41960,866.1383
41980,862.9212
42000,858.0378
42020,850.1804
42040,841.9442
42060,836.1797
42080,831.1199
42100,826.4459
42120,821.9762
42140,817.5583
42160,813.0491
42180,808.0602
42200,802.232
42220,796.8052
42240,792.6769
42260,789.1217
42280,785.9854
42300,783.17
42320,780.584
42340,778.1035
42360,775.2545
42380,771.8304
42400,769.3363
42420,768.6778
42440,769.1904
42460,770.8383
42480,773.7104
42500,778.0854
42520,784.5313
42540,795.3958
42560,812.1343
42580,827.3553
42600,836.0677
42620,842.0412
42640,845.9202
42660,847.965
42680,848.2378
42700,846.6131
42720,842.2817
42740,834.1627
42760,825.394
42780,818.6866
42800,812.1404
42820,805.3463
42840,798.0348
42860,789.8993
42880,780.4647
42900,768.587
42920,750.1843
42940,731.55
42960,720.5209
42980,712.4443
43000,706.5634
43020,702.5542
43040,700.3137
43060,699.923
43080,701.76
43100,708.6375
43120,717.7385
43140,723.1478
43160,726.612
43180,729.2112
43200,731.264
43220,732.9618
43240,734.46
43260,735.9256
43280,737.9467
43300,740.4647
43320,742.0328
43340,742.2084
43360,741.5109
43380,739.9938
43400,737.614
43420,734.2355
43440,729.5693
43460,722.7599
43480,710.778
43500,698.4078
43520,691.6778
43540,687.0782
43560,684.0487
43580,682.3575
43600,681.9354
43620,682.842
43640,685.3494
43660,691.223
43680,699.6206
43700,706.1555
43720,710.3571
43740,713.608
43760,716.209
43780,718.3016
43800,719.954
43820,721.1857
43840,721.9579
43860,721.6852
43880,721.2051
