50.08,1873.107
54.99,1889.937
60,1898.42
63.53,1887.671
69.22,1872.548
72.89,1933.148
78.22,1949.499
83.91,1932.952
89.19,1907.709
94.51,1913.063
100,1937.266
105,1988.461
110,1963.639
114.9,1979.943
119.76,2004.283
123.85,2033.901
129.95,2010.401
135,1986.747
140,1969.592
141,1976.646
142,1980.4
143,1980.149
144,1974.955
145,1965.496
146,1954.746
147,1945.988
148,1942.474
149,1945.064
150,1953.292
151,1965.712
152,1979.55
153,1993.92
154,2008.941
155,2024.223
156,2038.658
157,2051.379
158,2061.571
159,2069.498
160,2075.55
161,2078.921
162,2080.499
163,2081.589
164,2083.113
165,2083.807
166,2083.299
167,2080.055
168,2075.001
169,2070.95
170,2069.429
171,2070.728
172,2073.319
173,2074.734
174,2074.01
175,2072.502
176,2072.059
177,2072.461
178,2074.476
179,2076.598
180,2077.135
181,2074.493
182,2067.343
183,2056.112
184,2042.239
185,2029.657
186,2022.945
187,2024.354
188,2031.602
189,2038.754
190,2040.142
191,2032.579
192,2018.467
193,2003.12
194,1992.685
195,1988.977
196,1990.037
197,1991.243
198,1989.968
199,1986.102
200,1980.447
201,1975.303
202,1972.876
203,1973.065
204,1975.776
205,1980.844
206,1987.803
207,1997.194
208,2008.817
209,2021.107
210,2032.386
211,2041.563
212,2049.38
213,2056.241
214,2062.998
215,2070.767
216,2078.163
217,2084.399
218,2087.98
219,2088.965
220,2087.883
221,2086.991
222,2087.783
223,2090.552
224,2094.881
225,2099.864
226,2103.981
227,2108.096
228,2111.875
229,2114.705
230,2114.008
231,2108.223
232,2097.39
233,2082.434
234,2067.123
235,2055.221
236,2049.72
237,2050.123
238,2053.905
239,2056.118
240,2055.207
241,2052.322
242,2048.904
243,2046.959
244,2046.6
245,2046.813
246,2047.007
247,2048.354
248,2050.142
249,2051.401
250,2049.546
251,2043.48
252,2034.332
253,2024.553
254,2015.977
255,2007.888
256,1999.001
257,1989.43
258,1979.487
259,1972.062
260,1968.568
261,1969.459
262,1973.049
263,1979.473
264,1987.578
265,1995.813
266,2003.258
267,2009.111
268,2014.47
269,2020.222
270,2027.991
271,2038.271
272,2049.375
273,2059.868
274,2069.232
275,2076.885
276,2082.28
277,2085.547
278,2086.762
279,2087.128
280,2088.414
281,2092.296
282,2099.282
283,2106.601
284,2112.881
285,2116.412
286,2117.785
287,2117.624
288,2116.026
289,2112.917
290,2107.616
291,2100.392
292,2093.4
293,2088.37
294,2087.564
295,2090.194
296,2094.514
297,2098.808
298,2101.03
299,2101.552
300,2100.471
301,2099.827
302,2100.261
303,2101.226
304,2102.271
305,2101.731
306,2099.3
307,2093.879
308,2085.744
309,2075.649
310,2064.556
311,2054.678
312,2047.129
313,2041.58
314,2036.438
315,2029.948
316,2021.054
317,2010.243
318,1998.72
319,1988.706
320,1981.562
321,1978.386
322,1977.631
323,1978.032
324,1978.003
325,1976.898
326,1975.891
327,1976.308
328,1978.85
329,1983.331
330,1988.759
331,1993.112
332,1995.662
333,1996.245
334,1994.87
335,1993.057
336,1990.921
337,1988.44
338,1985.693
339,1982.844
340,1979.393
341,1974.71
342,1969.756
343,1965.443
344,1962.756
345,1963.645
346,1968.943
347,1976.58
348,1985.212
349,1994.27
350,2003.272
351,2012.997
352,2023.62
353,2034.459
354,2043.903
355,2050.534
356,2053.986
357,2053.98
358,2053.337
359,2053.803
360,2056.265
361,2058.997
362,2061.072
363,2061.923
364,2061.891
365,2063.016
366,2066.019
367,2069.473
368,2071.332
369,2068.808
370,2062.269
371,2052.912
372,2043.943
373,2038.174
374,2037.335
375,2041.45
376,2048.185
377,2052.988
378,2050.613
379,2038.544
380,2022.669
381,2008.304
382,2000.466
383,2000.172
384,2006.397
385,2016.327
386,2025.54
387,2030.713
388,2030.835
389,2027.381
390,2024.115
391,2024.378
392,2029.101
393,2037.826
394,2048.575
395,2058.715
396,2066.168
397,2068.938
398,2067.032
399,2061.604
400,2055.57
401,2051.659
402,2050.794
403,2052.337
404,2055.618
405,2059.394
406,2062.699
407,2066.228
408,2070.36
409,2076.413
410,2084.487
411,2093.551
412,2103.127
413,2112.544
414,2121.326
415,2129.343
416,2136.481
417,2142.079
418,2146.252
419,2148.407
420,2148.746
421,2148.558
422,2149.499
423,2152.752
424,2157.296
425,2162.538
426,2167.849
427,2174.014
428,2181.536
429,2190.143
430,2198.361
431,2204.869
432,2207.602
433,2205.009
434,2197.615
435,2187.295
436,2176.008
437,2165.954
438,2158.596
439,2153.616
440,2150.602
441,2148.564
442,2146.739
443,2146.162
444,2148.952
445,2155.03
446,2161.712
447,2165.68
448,2163.469
449,2154.991
450,2142.015
451,2129.065
452,2119.473
453,2114.322
454,2113.328
455,2113.848
456,2112.372
457,2107.559
458,2099.244
459,2088.481
460,2076.664
461,2064.829
462,2052.177
463,2038.217
464,2022.987
465,2009.602
466,2002.33
467,2003.066
468,2009.573
469,2018.354
470,2026.132
471,2031.917
472,2035.673
473,2038.356
474,2039.62
475,2040.26
476,2042.858
477,2051.791
478,2068.311
479,2090.163
480,2111.796
481,2128.835
482,2139.497
483,2145.568
484,2149.619
485,2155.012
486,2162.567
487,2173.03
488,2186.219
489,2202.581
490,2221.333
491,2240.408
492,2258.105
493,2273.421
494,2286.118
495,2296.773
496,2305.248
497,2310.678
498,2312.132
499,2310.507
500,2308.513
501,2307.922
502,2309.67
503,2313.647
504,2319.04
505,2324.69
506,2328.275
507,2328.147
508,2323.028
509,2314.083
510,2305.392
511,2299.269
512,2296.714
513,2296.334
514,2296.377
515,2294.606
516,2290.167
517,2282.611
518,2272.688
519,2260.921
520,2249.633
521,2240.611
522,2235.126
523,2232.743
524,2232.199
525,2232.549
526,2231.846
527,2229.452
528,2224.941
529,2218.016
530,2210.366
531,2203.485
532,2199.125
533,2196.751
534,2196.697
535,2197.745
536,2199.58
537,2201.155
538,2201.471
539,2199.815
540,2196.877
541,2194.342
542,2192.371
543,2190.83
544,2188.126
545,2184.221
546,2179.387
547,2174.441
548,2169.962
549,2166.353
550,2163.573
551,2161.95
552,2162.738
553,2166.4
554,2173.434
555,2183.592
556,2195.791
557,2208.307
558,2220.469
559,2231.597
560,2241.976
561,2252.636
562,2264.233
563,2275.371
564,2284.058
565,2289.052
566,2290.253
567,2289.289
568,2288.141
569,2289.037
570,2292.256
571,2297.054
572,2301.078
573,2302.293
574,2299.527
575,2294.199
576,2287.602
577,2280.885
578,2274.664
579,2268.428
580,2262.045
581,2255.8
582,2250.554
583,2247.729
584,2247.202
585,2247.978
586,2247.988
587,2246.304
588,2242.549
589,2237.259
590,2230.881
591,2224.231
592,2218.128
593,2213.111
594,2209.309
595,2206.244
596,2202.93
597,2199.275
598,2195.792
599,2193.688
600,2193.8
601,2196.787
602,2202.074
603,2208.389
604,2214.531
605,2220.238
606,2225.279
607,2229.921
608,2234.379
609,2238.351
610,2242.383
611,2247.179
612,2252.827
613,2259.551
614,2266.941
615,2273.167
616,2277.024
617,2279.734
618,2283.611
619,2288.763
620,2295.34
621,2302.99
622,2312.114
623,2322.588
624,2334.904
625,2351.726
626,2375.378
627,2386.255
628,2382.069
629,2378.091
630,2370.524
631,2360.086
632,2345.964
633,2331.841
634,2318.298
635,2308.643
636,2302.668
637,2302.934
638,2306.914
639,2316.333
640,2327.734
641,2342.719
642,2357.55
643,2373.042
644,2386.666
645,2397.067
646,2405.146
647,2407.13
648,2407.798
649,2402.747
650,2398.36
651,2391.497
652,2385.331
653,2378.903
654,2373.149
655,2367.757
656,2363.163
657,2359.249
658,2356.836
659,2356.398
660,2357.979
661,2361.916
662,2367.708
663,2374.814
664,2382.663
665,2390.362
666,2397.289
667,2403.21
668,2407.48
669,2410.527
670,2412.073
671,2413.251
672,2413.136
673,2413.218
674,2412.828
675,2412.265
676,2411.483
677,2410.45
678,2408.397
679,2405.776
680,2401.816
681,2397.668
682,2393.09
683,2389.869
684,2388.162
685,2388.313
686,2390.8
687,2394.384
688,2398.646
689,2402.29
690,2404.945
691,2405.404
692,2404.393
693,2402.007
694,2398.904
695,2395.279
696,2391.117
697,2386.492
698,2381.386
699,2375.772
700,2372.729
715.01,2344.548
730.02,2373.619
745.02,2399.506
760.03,2402.272
775.04,2400.966
790.05,2418.204
805.05,2437.995
820.06,2422.354
835.07,2448.255
850,2445.739
860,2450.934
870,2455.295
880,2459.519
890,2463.645
900,2467.687
910,2471.655
920,2475.56
930,2479.406
940,2483.199
950,2486.943
960,2490.64
970,2494.302
980,2497.925
990,2501.514
1000,2505.078
1010,2508.618
1020,2512.142
1030,2515.642
1040,2519.137
1050,2522.616
1060,2526.092
1070,2529.569
1080,2533.04
1090,2536.516
1100,2540
1110,2543.494
1120,2547
1130,2550.526
1140,2554.07
1150,2557.633
1160,2561.218
1170,2564.84
1180,2568.483
1190,2572.167
1200,2575.881
1210,2579.633
1220,2583.425
1230,2587.256
1240,2591.138
1250,2595.071
1260,2599.051
1270,2603.08
1280,2607.165
1290,2611.306
1300,2615.504
1310,2619.767
1320,2624.084
1330,2628.473
1340,2632.933
1350,2637.454
1360,2642.045
1370,2646.714
1380,2651.452
1390,2656.261
1400,2661.153
1410,2666.126
1420,2671.172
1430,2676.3
1440,2681.52
1450,2686.815
1460,2692.2
1470,2697.663
1480,2703.215
1490,2708.803
1500,2713.623
1510.42,2715.541
1525.43,2738.427
1540.44,2756.154
1555.44,2758.064
1570.45,2756.784
1585.46,2761.381
1600.47,2760.648
1615.47,2765.957
1630.48,2767.396
1645.49,2785.299
1660.5,2781.064
1675.51,2788.388
1690.51,2786.999
1705.52,2801.425
1720.53,2814.565
1735.54,2827.328
1750.54,2830.166
1765.55,2834.072
1780.56,2847.831
1795.57,2859.021
1810.57,2855.307
1825.58,2875.47
1840.59,2894.036
1855.6,2904.509
1870.61,2918.051
1885.61,2927.848
1900.62,2925.356
1915.63,2932.471
1930.64,2944.246
1945.65,2955.292
1960.65,2976.375
1975.66,3022.699
1990.67,2998.776
2005.68,3008.262
2020.68,3024.686
2035.69,3035.291
2050.7,3055.037
2065.71,3059.893
2080.72,3075.808
2095.72,3084.036
2110.73,3093.523
2125.74,3105.748
2140.75,3117.818
2155.75,3126.634
2170.76,3138.692
2185.77,3149.977
2200.78,3169.54
2215.78,3180.417
2230.79,3199.421
2245.8,3209.19
2260.81,3219.725
2275.82,3236.461
2290.82,3259.773
2305.83,3263.558
2320.84,3284.268
2335.85,3298.377
2350.85,3315.837
2365.86,3329.696
2380.87,3339.792
2395.88,3351.725
2410.89,3368.093
2425.89,3384.586
2440.9,3397.304
2455.91,3410.556
2470.92,3426.529
2485.93,3448.463
2500.93,3458.896
2515.94,3473.169
2530.95,3485.576
2545.96,3513.039
2560.96,3519.037
2575.97,3534.616
2590.98,3546.497
2605.99,3566.855
2621,3582.877
2636,3601.179
2651.01,3612.98
2666.02,3630.18
2681.03,3647.176
2696.03,3659.343
2711.04,3674.727
2726.05,3701.844
2741.06,3728.201
2756.06,3737.264
2771.07,3748.723
2786.08,3769.655
2801.09,3785.458
2816.1,3797.503
2831.1,3806.768
2846.11,3838.06
2861.12,3851.685
2876.13,3868.171
2891.14,3891.735
2906.14,3919.788
2921.15,3918.058
2936.16,3935.562
2951.17,3957.215
2966.17,3969.25
2981.18,3982.252
2996.19,4015.987
3011.2,4031.069
3026.21,4058.018
3041.21,4073.146
3056.22,4079.407
3071.23,4103.284
3086.24,4121.256
3101.24,4139.287
3116.25,4149.216
3131.26,4178.975
3146.27,4181.192
3161.27,4216.701
3176.28,4227.728
3191.29,4244.544
3206.3,4278.617
3221.31,4298.316
3236.31,4334.554
3251.32,4347.233
3266.33,4371.156
3281.34,4379.063
3296.34,4415.999
3311.35,4430.099
3326.36,4437.219
3341.37,4441.087
3356.38,4454.106
3371.38,4485.442
3386.39,4508.948
3401.4,4525.838
3416.41,4530.92
3431.42,4564.876
3446.42,4586.224
3461.43,4590.295
3476.44,4639.353
3491.45,4634.348
3506.45,4685.498
3521.46,4671.778
3536.47,4717.307
3551.48,4723.509
3566.49,4746.56
3581.49,4779.818
3596.5,4804.3
3611.51,4825.885
3626.52,4851.657
3641.52,4885.233
3656.53,4903.572
3671.54,4919.775
3686.55,4964.023
3701.55,4997.476
3716.56,5035.795
3731.57,5068.286
3746.58,5074.437
3761.59,5130.774
3776.59,5137.094
3791.6,5165.412
3806.61,5190.301
3821.62,5225.284
3836.63,5257.32
3851.63,5257.057
3866.64,5311.186
3881.65,5319.284
3896.66,5360.229
3911.66,5396.401
3926.67,5415.849
3941.68,5473.934
3956.69,5502.282
3971.7,5525.375
3986.7,5553.973
4001.71,5577.903
4016.72,5621.193
4031.73,5626.075
4046.73,5673.695
4061.74,5682.046
4076.75,5703.846
4091.76,5722.023
4106.77,5783.14
4121.77,5831.885
4136.78,5848.775
4151.79,5887.391
4166.8,5909.854
4181.8,5958.045
4196.81,5961.953
4211.82,6018.715
4226.83,6049.478
4241.83,6061.157
4256.84,6083.701
4271.85,6130.999
4286.86,6134.73
4301.87,6183.692
4316.87,6226.974
4331.88,6255.31
4346.89,6330.218
4361.9,6375.307
4376.9,6366.443
4391.91,6442.138
4406.92,6454.565
4421.93,6464.414
4436.94,6497.947
4451.94,6552.071
4466.95,6595.148
4481.96,6615.877
4496.97,6654.465
4511.98,6715.353
4526.98,6732.854
4541.99,6796.864
4557,6847.79
4572.01,6831.208
4587.01,6925.673
4602.02,6941.854
4617.03,6964.316
4632.04,6974.213
4647.04,7013.066
4662.05,7058.832
4677.06,7099.182
4692.07,7126.066
4707.08,7192.705
4722.08,7278.846
4737.09,7299.065
4752.1,7356.838
4767.11,7394.872
4782.12,7430.642
4797.12,7401.861
4812.13,7453.968
4827.14,7514.357
4842.15,7618.757
4857.15,7634.706
4872.16,7643.852
4887.17,7707.765
4902.18,7706.957
4917.19,7729.238
4932.19,7765.828
4947.2,7752.196
4962.21,7926.735
4977.22,7908.803
4992.22,7976.298
5007.23,7968.613
5022.24,7996.678
5037.25,7961.935
5052.25,7976.679
5067.26,8146.501
5082.27,8048.384
5097.28,8165.477
5112.29,8102.598
5127.29,8239.612
5142.3,8207.59
5157.31,8277.651
5172.32,8323.884
5187.33,8364.697
5202.33,8432.271
5217.34,8422.942
5232.35,8586.853
5247.36,8476.741
5262.36,8449.245
5277.37,8487.048
5292.38,8508.224
5307.39,8516.784
5322.4,8596.648
5337.4,8654.251
5352.41,8683.974
5367.42,8713.856
5382.43,8824.686
5397.43,8832.219
5412.44,8890.129
5427.45,8872.14
5442.46,8760.417
5457.46,8854.24
5472.47,8770.624
5487.48,8857.998
5502.49,8865.627
5517.5,8865.361
5532.5,8897.398
5547.51,9038.288
5562.52,9003.318
5577.53,9021.682
5592.54,9066.944
5607.54,9110.195
5622.55,9091.124
5637.56,9188.308
5652.57,9120.884
5667.57,9213.649
5682.58,9203.259
5697.59,9207.32
5712.6,9376.163
5727.6,9184.551
5742.61,9135.047
5757.62,9198.454
5772.63,9301.25
5787.64,9323.896
5802.64,9380.658
5817.65,9398.33
5832.66,9531.287
5847.67,9401.96
5862.67,9540.668
5877.68,9722.936
5892.69,9520.542
5907.7,9711.811
5922.71,9711.979
5937.71,9571.096
5952.72,9644.564
5967.73,9691.896
5982.74,9725.943
5997.75,9684.793
6012.75,9759.207
6027.76,9674.796
6042.77,9720.886
6057.78,9951.513
6072.78,9977.332
6087.79,9996.354
6102.8,10006.97
6117.81,9881.883
6132.81,10043.19
6147.82,10207.56
6162.83,10284.38
6177.84,10173.19
6192.85,10301.08
6207.85,10239.5
6222.86,10334.6
6237.87,10492.34
6252.88,10229.35
6267.88,10378.25
6282.89,10412.47
6297.9,10451.17
6312.91,10487.81
6327.92,10521.71
6342.92,10554.59
6357.93,10587.12
6372.94,10617.77
6387.95,10645.88
6402.96,10672.41
6417.96,10698.96
6432.97,10724.51
6447.98,10749.87
6462.99,10774.36
6477.99,10799.41
6493,10824.24
6508.01,10846.86
6523.02,10869.05
6538.02,10890.97
6553.03,10912.21
6568.04,10934.55
6583.05,10956.78
6598.06,10975.89
6613.06,10990.02
6628.07,11001.93
6643.08,11014.09
6658.09,11027.49
6673.1,11042.79
6688.1,11057.83
6703.11,11073.52
6718.12,11089.43
6733.13,11104.54
6748.13,11116.16
6763.14,11126.02
6778.15,11135.4
6793.16,11145.46
6808.17,11158.12
6823.17,11170.54
6838.18,11182.74
6853.19,11194.73
6868.2,11205.2
6883.2,11213.15
6898.21,11221.14
6913.22,11231.31
6928.23,11243.8
6943.23,11258.34
6958.24,11272.99
6973.25,11283.72
6988.26,11289.22
7003.27,11292.57
7018.27,11300.73
7033.28,11312.8
7048.29,11324.75
7063.3,11336.56
7078.31,11347.55
7093.31,11356.66
7108.32,11363.35
7123.33,11370.13
7138.34,11380.99
7153.34,11392.63
7168.35,11401.67
7183.36,11411.74
7198.37,11423.01
7213.38,11433.7
7228.38,11441.94
7243.39,11443.04
7258.4,11443.49
7273.41,11448.14
7288.41,11459.18
7303.42,11474.99
7318.43,11493.52
7333.44,11508.35
7348.44,11512.41
7363.45,11511.09
7378.46,11516.02
7393.47,11528.23
7408.48,11538.8
7423.48,11543.84
7438.49,11547.04
7453.5,11557.64
7468.51,11567.84
7483.52,11571.66
7498.52,11581.82
7513.53,11588.96
7528.54,11593.2
7543.55,11600.26
7558.55,11607.36
7573.56,11619.24
7588.57,11630.29
7603.58,11639.03
7618.58,11642.06
7633.59,11635.83
7648.6,11628.97
7663.61,11625.67
7678.62,11638.29
7693.62,11665.78
7708.63,11682.52
7723.64,11679.42
7738.65,11671.81
7753.65,11672.26
7768.66,11685.97
7783.67,11698.12
7798.68,11680.55
7813.69,11639.81
7828.69,11619.32
7843.7,11642.85
7858.71,11675.03
7873.72,11691.7
7888.73,11684.96
7903.73,11659.53
7918.74,11637.7
7933.75,11641.38
7948.76,11649.88
7963.76,11636.59
7978.77,11632.23
7993.78,11623.82
8008.79,11605.44
8023.79,11590.02
8038.8,11579.64
8053.81,11572.08
8068.82,11578.47
8083.83,11557.27
8098.83,11525.93
8113.84,11522.46
8128.85,11535.61
8143.86,11526.28
8158.87,11497.17
8173.87,11476.6
8188.88,11471.85
8203.89,11480.6
8218.9,11486.61
8233.9,11481.33
8248.91,11449.79
8263.92,11402.72
8278.93,11400.99
8293.93,11432.79
8308.94,11408.04
8323.95,11356.54
8338.96,11350.72
8353.97,11363.43
8368.97,11354.69
8383.98,11340.29
8398.99,11328.33
8414,11315.79
8429,11310.42
8444.01,11305.32
8459.02,11297.12
8474.03,11294.87
8489.04,11287.32
8504.04,11270.05
8519.05,11272.14
8534.06,11300.46
8549.07,11325.92
8564.07,11315.49
8579.08,11285.26
8594.09,11282.5
8609.1,11308.9
8624.11,11333.47
8639.11,11349.64
8654.12,11353.99
8669.13,11358.9
8684.14,11376.73
8699.14,11395.13
8714.15,11394.29
8729.16,11402.53
8744.17,11434.68
8759.18,11462.69
8774.18,11473.64
8789.19,11487.45
8804.2,11510.36
8819.21,11538.79
8834.21,11573.09
8849.22,11602.8
8864.23,11623.54
8879.24,11639.24
8894.25,11659.27
8909.25,11683.04
8924.26,11714.54
8939.27,11752.19
8954.28,11795.39
8969.28,11835.92
8984.29,11870.03
8999.3,11898.3
9014.31,11925.23
9029.32,11956.28
9044.32,11997.11
9059.33,12041.45
9074.34,12083.05
9089.35,12120.31
9104.35,12158.96
9119.36,12199.81
9134.37,12238.02
9149.38,12279.08
9164.39,12322.41
9179.39,12366.2
9194.4,12409.14
9209.41,12447.8
9224.42,12480.67
9239.42,12517.62
9254.43,12562.31
9269.44,12612.52
9284.45,12660.98
9299.46,12704.49
9314.46,12741.38
9329.47,12781.73
9344.48,12828.91
9359.49,12873.42
9374.49,12914.73
9389.5,12952.18
9404.51,12986.38
9419.52,13028.62
9434.53,13076.95
9449.53,13120.22
9464.54,13152.08
9479.55,13182.42
9494.56,13219.84
9509.56,13256.81
9524.57,13289.24
9539.58,13325.13
9554.59,13364.05
9569.6,13402.28
9584.6,13439.56
9599.61,13476.94
9614.62,13511.56
9629.63,13542.04
9644.63,13574.26
9659.64,13610.2
9674.65,13645.18
9689.66,13672.56
9704.67,13699.17
9719.67,13727.09
9734.68,13754.35
9749.69,13779.21
9764.7,13804.12
9779.7,13829.28
9794.71,13853.56
9809.72,13875.03
9824.73,13894.27
9839.74,13915
9854.74,13938.78
9869.75,13965.28
9884.76,13988.64
9899.77,14002.62
9914.77,14011.73
9929.78,14023.23
9944.79,14039.86
9959.8,14059.96
9974.81,14078.73
9989.81,14091.99
10004.82,14097.13
10019.83,14101.77
10034.84,14109.12
10049.84,14117.21
10064.85,14123.39
10079.86,14130.36
10094.87,14138.05
10109.88,14141.96
10124.88,14140.59
10139.89,14140.42
10154.9,14141.37
10169.91,14143.17
10184.91,14150.94
10199.92,14158.12
10214.93,14156
10229.94,14152.55
10244.95,14156.28
10259.95,14156.12
10274.96,14148.53
10289.97,14148.23
10304.98,14154.84
10319.98,14159.33
10334.99,14158.6
10350,14153.8
10365.01,14145.3
10380.02,14136.41
10395.02,14128.39
10410.03,14121.44
10425.04,14116.21
10440.05,14108.09
10455.05,14100.05
10470.06,14093.15
10485.07,14085.16
10500.08,14072.5
10515.09,14060.58
10530.09,14056.49
10545.1,14053.03
10560.11,14043.63
10575.12,14031.43
10590.12,14017.19
10605.13,13999.5
10620.14,13980.83
10635.15,13964.24
10650.16,13950.16
10665.16,13935.48
10680.17,13918.75
10695.18,13902.96
10710.19,13886
10725.19,13866.5
10740.2,13843.44
10755.21,13817.83
10770.22,13789.22
10785.23,13761.51
10800.23,13738.41
10815.24,13717.19
10830.25,13696.54
10845.26,13674.25
10860.26,13645.3
10875.27,13610.93
10890.28,13575.26
10905.29,13540.62
10920.3,13505.47
10935.3,13470.52
10950.31,13439.3
10965.32,13407.22
10980.33,13372.43
10995.33,13331.82
11010.34,13286.03
11025.35,13240.23
11040.36,13196.95
11055.37,13154.32
11070.37,13113.3
11085.38,13075.07
11100.39,13032.77
11115.4,12988.43
11130.4,12949.78
11145.41,12914.03
11160.42,12875.61
11175.43,12830.52
11190.44,12782.33
11205.44,12736.11
11220.45,12690.8
11235.46,12644.82
11250.47,12598.84
11265.47,12547.21
11280.48,12487.27
11295.49,12429.62
11310.5,12380.67
11325.51,12340.92
11340.51,12308.63
11355.52,12269.5
11370.53,12206.57
11385.54,12124.22
11400.54,12054.39
11415.55,12009.75
11430.56,11971.96
11445.57,11929.79
11460.58,11885.67
11475.58,11834.8
11490.59,11777.7
11505.6,11725.84
11520.61,11673.17
11535.61,11610.28
11550.62,11546.58
11565.63,11489.53
11580.64,11440.6
11595.65,11405.08
11610.65,11369.23
11625.66,11315.74
11640.67,11245.24
11655.68,11179.2
11670.68,11125.04
11685.69,11069.67
11700.7,11012.68
11715.71,10957.84
11730.72,10910.08
11745.72,10867.11
11760.73,10815.72
11775.74,10749.53
11790.75,10682.19
11805.75,10634.17
11820.76,10605.34
11835.77,10571.85
11850.78,10521.77
11865.79,10464.53
11880.79,10411.75
11895.8,10378.53
11910.81,10357.61
11925.82,10317.62
11940.82,10257.05
11955.83,10205.63
11970.84,10185.99
11985.85,10186.46
12000.86,10158.11
12015.86,10081.22
12030.87,9997.002
12045.88,9961.629
12060.89,9972.355
12075.89,9969.981
12090.9,9920.999
12105.91,9852.3
12120.92,9803.763
12135.93,9784.595
12150.93,9784.866
12165.94,9780.024
12180.95,9741.922
12195.96,9680.48
12210.96,9634.931
12225.97,9618.696
12240.98,9603.29
12255.99,9573.774
12271,9542.909
12286,9516.481
12301.01,9490.138
12316.02,9456.643
12331.03,9413.669
12346.03,9374.313
12361.04,9358.859
12376.05,9363.305
12391.06,9357.167
12406.07,9319.992
12421.07,9260.603
12436.08,9208.744
12451.09,9187.009
12466.1,9184.143
12481.1,9166.494
12496.11,9128.386
12511.12,9091.299
12526.13,9062.472
12541.14,9030.943
12556.14,8991.788
12571.15,8952.088
12586.16,8919.183
12601.17,8897.459
12616.17,8883.659
12631.18,8859.924
12646.19,8816.03
12661.2,8770.693
12676.21,8742.073
12691.21,8718.258
12706.22,8682.397
12721.23,8637.718
12736.24,8596.188
12751.24,8563.053
12766.25,8532.178
12781.26,8498.708
12796.27,8467.458
12811.28,8433.295
12826.28,8394.784
12841.29,8355.711
12856.3,8321.957
12871.31,8298.951
12886.31,8276.118
12901.32,8241.971
12916.33,8200.629
12931.34,8159.691
12946.35,8127.315
12961.35,8098.451
12976.36,8062.247
12991.37,8026.742
13006.38,7994.252
13021.38,7954.236
13036.39,7908.512
13051.4,7868.82
13066.41,7835.883
13081.42,7804.681
13096.42,7769.529
13111.43,7732.679
13126.44,7699.889
13141.45,7666.93
13156.45,7631.258
13171.46,7592.861
13186.47,7556.459
13201.48,7528.382
13216.49,7502.563
13231.49,7468.057
13246.5,7426.841
13261.51,7386.717
13276.52,7358.178
13291.52,7339.904
13306.53,7316.264
13321.54,7279.543
13336.55,7234.973
13351.56,7195.395
13366.56,7162.062
13381.57,7135.474
13396.58,7117.125
13411.59,7097.389
13426.59,7064.445
13441.6,7019.618
13456.61,6976.861
13471.62,6943.397
13486.63,6914.053
13501.63,6887.906
13516.64,6866.026
13531.65,6843.677
13546.66,6812.516
13561.66,6775.293
13576.67,6746.84
13591.68,6729.125
13606.69,6711.547
13621.7,6691.125
13636.7,6669.521
13651.71,6644.105
13666.72,6613.679
13681.73,6585.715
13696.73,6560.945
13711.74,6535.555
13726.75,6514.407
13741.76,6498.313
13756.77,6479.33
13771.77,6451.281
13786.78,6420.354
13801.79,6397.508
13816.8,6378.163
13831.8,6357.944
13846.81,6341.669
13861.82,6325.188
13876.83,6302.729
13891.83,6280.365
13906.84,6260.939
13921.85,6241.577
13936.86,6220.094
13951.87,6199.855
13966.87,6183.191
13981.88,6166.062
13996.89,6146.191
14011.9,6126.055
14026.91,6103.922
14041.91,6081.738
14056.92,6062.217
14071.93,6044.199
14086.94,6026.558
14101.94,6005.192
14116.95,5977.951
14131.96,5947.713
14146.97,5925.57
14161.98,5910.38
14176.98,5893.175
14191.99,5875.415
14207,5856.278
14222.01,5834.781
14237.01,5813.722
14252.02,5795.024
14267.03,5771.957
14282.04,5746.783
14297.04,5725.703
14312.05,5705.592
14327.06,5681.318
14342.07,5656.256
14357.08,5636.808
14372.08,5620.038
14387.09,5602.521
14402.1,5586.468
14417.11,5568.407
14432.12,5545.57
14447.12,5520.237
14462.13,5494.37
14477.14,5467.832
14492.15,5443.726
14507.15,5425.425
14522.16,5409.318
14537.17,5391.174
14552.18,5369.151
14567.19,5345.326
14582.19,5319.109
14597.2,5295.136
14612.21,5276.616
14627.22,5254.847
14642.22,5228.882
14657.23,5207.916
14672.24,5192.605
14687.25,5176.416
14702.25,5153.867
14717.26,5128.822
14732.27,5109.58
14747.28,5097.822
14762.29,5085.893
14777.29,5061.113
14792.3,5031.758
14807.31,5006.519
14822.32,4982.405
14837.33,4960.527
14852.33,4938.685
14867.34,4919.446
14882.35,4906.409
14897.36,4892.077
14912.36,4869.966
14927.37,4848.035
14942.38,4835.271
14957.39,4821.565
14972.4,4797.072
14987.4,4773.465
15002.41,4756.752
15017.42,4742.303
15032.43,4733.195
15047.43,4728.24
15062.44,4719.466
15077.45,4706.21
15092.46,4690.134
15107.46,4673.757
15122.47,4658.161
15137.48,4643.155
15152.49,4630.468
15167.5,4622.358
15182.5,4613.483
15197.51,4600.511
15212.52,4588.594
15227.53,4576.404
15242.54,4565.606
15257.54,4561.412
15272.55,4551.542
15287.56,4532.28
15302.57,4518.226
15317.57,4511.218
15332.58,4504.936
15347.59,4500.912
15362.6,4496.709
15377.6,4487.704
15392.61,4478.789
15407.62,4475.747
15422.63,4472.473
15437.64,4463.562
15452.64,4445.045
15467.65,4440.668
15482.66,4458.905
15497.67,4445.842
15512.67,4423.026
15527.68,4428.934
15542.69,4426.75
15557.7,4409.225
15572.71,4392.777
15587.71,4389.61
15602.72,4390.792
15617.73,4389.042
15632.74,4380.291
15647.75,4368.452
15662.75,4357.629
15677.76,4346.11
15692.77,4336.632
15707.78,4333.894
15722.78,4325.355
15737.79,4301.729
15752.8,4286.137
15767.81,4289.372
15782.81,4299.014
15797.82,4275.483
15812.83,4218.048
15827.84,4185.04
15842.85,4174.724
15857.85,4160.914
15872.86,4144.996
15887.87,4132.308
15902.88,4115.27
15917.88,4091.713
15932.89,4074.214
15947.9,4063.053
15962.91,4046.51
15977.92,4029.281
15992.92,4017.562
16007.93,4006.307
16022.94,3992.606
16037.95,3977.373
16052.96,3961.044
16067.96,3940.661
16082.97,3918.49
16097.98,3895.132
16112.99,3866.909
16127.99,3841.932
16143,3828.428
16158.01,3822.048
16173.02,3808.411
16188.02,3781.59
16203.03,3756.347
16218.04,3736.628
16233.05,3725.01
16248.06,3719.591
16263.06,3709.765
16278.07,3692.12
16293.08,3670.986
16308.09,3656.543
16323.09,3649.62
16338.1,3639.582
16353.11,3619.469
16368.12,3594.134
16383.13,3576.904
16398.13,3568.859
16413.14,3559.844
16428.15,3546.669
16443.16,3526.608
16458.16,3503.946
16473.17,3484.943
16488.18,3470.608
16503.19,3462.156
16518.2,3449.813
16533.2,3431.871
16548.21,3419.656
16563.22,3406.794
16578.23,3387.121
16593.23,3370.147
16608.24,3356.903
16623.25,3341.403
16638.26,3330.844
16653.27,3323.191
16668.27,3302.458
16683.28,3282.442
16698.29,3277.893
16713.3,3274.891
16728.3,3260.26
16743.31,3246.05
16758.32,3236.858
16773.33,3228.98
16788.34,3225.42
16803.34,3220.464
16818.35,3212.711
16833.36,3208.371
16848.37,3208.378
16863.38,3205.226
16878.38,3190.407
16893.39,3172.82
16908.4,3165.908
16923.41,3163.176
16938.41,3159.904
16953.42,3156.333
16968.43,3144.911
16983.44,3127.294
16998.45,3115.034
17013.45,3110.99
17028.46,3111.371
17043.47,3111.861
17058.48,3108.45
17073.48,3101.285
17088.49,3092.424
17103.5,3079.133
17118.51,3058.568
17133.52,3046.132
17148.52,3046.064
17163.53,3041.667
17178.54,3031.915
17193.54,3029.436
17208.55,3032.103
17223.56,3033.898
17238.57,3029.705
17253.58,3015.891
17268.58,3007.441
17283.59,3008.644
17298.6,3011.309
17313.61,3013.895
17328.62,3012.296
17343.62,3009.967
17358.63,3007.417
17373.64,2999.109
17388.65,2991.519
17403.65,2986.913
17418.66,2982.183
17433.67,2974.097
17448.68,2970.225
17463.69,2977.786
17478.69,2977.111
17493.7,2965.538
17508.71,2957.422
17523.72,2953.288
17538.72,2951.978
17553.73,2954.137
17568.74,2953.124
17583.75,2943.615
17598.76,2936.849
17613.76,2933.368
17628.77,2925.509
17643.78,2916.344
17658.79,2911.093
17673.79,2905.876
17688.8,2900.204
17703.81,2900.905
17718.82,2902.35
17733.83,2905.363
17748.83,2907.984
17763.84,2905.987
17778.85,2909.848
17793.86,2914.088
17808.87,2912.629
17823.87,2914.72
17838.88,2919.694
17853.89,2915.317
17868.9,2902.691
17883.9,2896.518
17898.91,2894.817
17913.92,2892.547
17928.93,2885.27
17943.94,2875.877
17958.94,2875.334
17973.95,2883.069
17988.96,2892.245
18003.96,2895.435
18018.97,2892.541
18033.98,2894.162
18048.99,2900.021
18064,2907.694
18079,2918.695
18094.01,2925.707
18109.02,2918.18
18124.03,2909.025
18139.04,2905.205
18154.04,2906.366
18169.05,2914.42
18184.06,2923.53
18199.07,2925.299
18214.07,2912.426
18229.08,2903.018
18244.09,2909.458
18259.1,2905.202
18274.11,2891.209
18289.11,2893.774
18304.12,2898.912
18319.13,2895.222
18334.14,2896.125
18349.14,2897.542
18364.15,2897.257
18379.16,2903.282
18394.17,2912.708
18409.18,2926.266
18424.18,2940.254
18439.19,2943.66
18454.2,2938.58
18469.21,2935.029
18484.21,2930.635
18499.22,2917.709
18514.23,2896.703
18529.24,2878.514
18544.25,2874.194
18559.25,2884.905
18574.26,2891.352
18589.27,2881.046
18604.28,2878.128
18619.29,2887.637
18634.29,2898.345
18649.3,2898.365
18664.31,2877.588
18679.32,2848.26
18694.32,2835.932
18709.33,2847.307
18724.34,2858.674
18739.35,2856.336
18754.36,2854.194
18769.36,2847.621
18784.37,2844.079
18799.38,2851.617
18814.38,2859.67
18829.39,2867.675
18844.4,2860.861
18859.41,2843.023
18874.42,2832.088
18889.42,2826.956
18904.43,2829.439
18919.44,2829.797
18934.45,2813.371
18949.46,2794.389
18964.46,2780.344
18979.47,2767.27
18994.48,2775.437
19009.49,2795.232
19024.49,2802.801
19039.5,2803.499
19054.51,2805.514
19069.52,2809.307
19084.53,2811.64
19099.53,2825.378
19114.54,2845.252
19129.55,2852.065
19144.56,2846.447
19159.56,2833.258
19174.57,2894.667
19189.58,2818.424
20000,2658.937
20020,2601.759
20040,2609.153
20060,2628.687
20080,2637.891
20100,2644.5
20120,2644.103
20140,2634.297
20160,2621.437
20180,2617.449
20200,2611.203
20220,2604.271
20240,2602.999
20260,2604.28
20280,2599.118
20300,2591.108
20320,2590.887
20340,2596.664
20360,2604.965
20380,2613.815
20400,2614.731
20420,2608.353
20440,2601.977
20460,2595.955
20480,2586.528
20500,2578.837
20520,2573.306
20540,2562.568
20560,2553.74
20580,2551.865
20600,2551.467
20620,2549.261
20640,2547.131
20660,2546.986
20680,2547.775
20700,2547.994
20720,2548.217
20740,2548.424
20760,2547.955
20780,2541.798
20800,2528.101
20820,2513.03
20840,2503.773
20860,2500.138
20880,2502.014
20900,2504.666
20920,2502.112
20940,2497.344
20960,2490.374
20980,2481.961
21000,2473.786
21020,2466.14
21040,2462.723
21060,2464.117
21080,2463.081
21100,2454.399
21120,2444.412
21140,2439.128
21160,2433.579
21180,2420.828
21200,2405.155
21220,2396.451
21240,2394.344
21260,2393.097
21280,2390.989
21300,2388.92
21320,2386.89
21340,2385.199
21360,2384.062
21380,2383.06
21400,2377.729
21420,2367.21
21440,2358.433
21460,2357.387
21480,2356.909
21500,2350.984
21520,2344.412
21540,2339.166
21560,2335.025
21580,2330.622
21600,2324.469
21620,2318.945
21640,2317.277
21660,2317.301
21680,2316.085
21700,2314.028
21720,2313.115
21740,2315.959
21760,2317.93
21780,2310.396
21800,2298.981
21820,2294.013
21840,2296.495
21860,2299.722
21880,2299.412
21900,2298.479
21920,2298.784
21940,2300.103
21960,2302.134
21980,2306.473
22000,2309.814
22020,2305.434
22040,2297.763
22060,2294.863
22080,2297.742
22100,2301.681
22120,2305.561
22140,2309.333
22160,2307.742
22180,2300.701
22200,2295.299
22220,2296.756
22240,2300.67
22260,2304.716
22280,2310.027
22300,2315.104
22320,2322.025
22340,2328.148
22360,2325.551
22380,2316.879
22400,2310.242
22420,2310.145
22440,2312.449
22460,2315.012
22480,2319.145
22500,2321.227
22520,2317.51
22540,2311.557
22560,2307.269
22580,2303.118
22600,2300.392
22620,2301.377
22640,2304.185
22660,2305.75
22680,2306.22
22700,2308.04
22720,2316.253
22740,2327.43
22760,2332.333
22780,2326.841
22800,2318.844
22820,2317.365
22840,2317.906
22860,2318.03
22880,2316.384
22900,2313.873
22920,2312.494
22940,2312.275
22960,2311.847
22980,2310.217
23000,2307.667
23020,2305.319
23040,2302.979
23060,2300.654
23080,2299.26
23100,2298.492
23120,2297.875
23140,2297.314
23160,2296.753
23180,2295.887
23200,2294.185
23220,2292.505
23240,2292.756
23260,2295.456
23280,2297.935
23300,2297.2
23320,2294.73
23340,2291.01
23360,2283.517
23380,2275.213
23400,2273.362
23420,2281.445
23440,2291.165
23460,2292.192
23480,2289.214
23500,2284.539
23520,2279.025
23540,2272.149
23560,2266.762
23580,2264.618
23600,2263.806
23620,2262.453
23640,2262.459
23660,2262.047
23680,2256.715
23700,2245.174
23720,2235.098
23740,2235.865
23760,2244.702
23780,2251.507
23800,2248.602
23820,2241.176
23840,2234.943
23860,2232.87
23880,2231.991
23900,2228.235
23920,2219.174
23940,2208.186
23960,2201.527
23980,2198.859
24000,2197.416
24020,2194.82
24040,2192.733
24060,2190.031
24080,2184.729
24100,2176.191
24120,2168.85
24140,2168.202
24160,2173.683
24180,2177.841
24200,2174.443
24220,2166.576
24240,2158.981
24260,2155.373
24280,2153.886
24300,2151.146
24320,2144.61
24340,2135.463
24360,2128.27
24380,2125.447
24400,2125.066
24420,2124.397
24440,2122.635
24460,2120.865
24480,2118.915
24500,2117.138
24520,2115.763
24540,2112.787
24560,2106.83
24580,2098.774
24600,2090.73
24620,2082.495
24640,2073.251
24660,2066.449
24680,2064.77
24700,2066.922
24720,2066.952
24740,2061.693
24760,2053.176
24780,2044.006
24800,2035.253
24820,2025.249
24840,2015.321
24860,2005.449
24880,1994.033
24900,1984.175
24920,1978.804
24940,1978.702
24960,1978.717
24980,1973.663
25000,1962.908
25020,1951.686
25040,1947.494
25060,1950.811
25080,1956.31
25100,1955.447
25120,1949.242
25140,1940.638
25160,1934.054
25180,1929.581
25200,1926.022
25220,1921.576
25240,1915.797
25260,1909.2
25280,1902.181
25300,1894.101
25320,1883.393
25340,1873.714
25360,1868.925
25380,1870.035
25400,1872.17
25420,1868.692
25440,1860.229
25460,1849.92
25480,1843.38
25500,1841.491
25520,1842.577
25540,1840.043
25560,1829.855
25580,1811.493
25600,1795.113
25620,1789.323
25640,1794.572
25660,1802.6
25680,1802.294
25700,1796.942
25720,1788.903
25740,1782.531
25760,1778.701
25780,1776.75
25800,1772.823
25820,1764.279
25840,1747.677
25860,1730.113
25880,1720.722
25900,1717.75
25920,1717.833
25940,1713.095
25960,1700.888
25980,1680.998
26000,1665.255
26020,1661.808
26040,1674.685
26060,1690.882
26080,1691.041
26100,1677.507
26120,1654.77
26140,1637.722
26160,1630.323
26180,1631.403
26200,1633.765
26220,1629.892
26240,1621.949
26260,1611.933
26280,1604.603
26300,1600.832
26320,1600.383
26340,1599.664
26360,1596.018
26380,1590.308
26400,1583.571
26420,1578.307
26440,1574.874
26460,1573.018
26480,1571.531
26500,1569.328
26520,1569.35
26540,1569.56
26560,1563.847
26580,1550.836
26600,1528.647
26620,1507.434
26640,1495.526
26660,1489.31
26680,1486.318
26700,1481.996
26720,1476.475
26740,1471.134
26760,1464.975
26780,1456.309
26800,1444.172
26820,1429.46
26840,1417.084
26860,1408.305
26880,1401.824
26900,1396.726
26920,1391.506
26940,1387.056
26960,1384.263
26980,1380.99
27000,1376.027
27020,1371.119
27040,1365.739
27060,1358.423
27080,1348.453
27100,1332.077
27120,1315.383
27140,1305.596
27160,1299.22
27180,1296.349
27200,1294.003
27220,1290.358
27240,1287.403
27260,1284.869
27280,1281.645
27300,1277.563
27320,1272.007
27340,1267.036
27360,1265.6
27380,1268.959
27400,1282.181
27420,1292.473
27440,1287.059
27460,1267.938
27480,1235.016
27500,1205.813
27520,1187.963
27540,1172.153
27560,1158.652
27580,1151.877
27600,1152.977
27620,1168.211
27640,1188.718
27660,1198.788
27680,1202.406
27700,1203.813
27720,1201.812
27740,1193.762
27760,1178.875
27780,1151.308
27800,1123.269
27820,1106.812
27840,1094.654
27860,1086.143
27880,1077.979
27900,1067.57
27920,1052.912
27940,1033.017
27960,1019.422
27980,1018.029
28000,1027.286
28020,1046.172
28040,1064.332
28060,1079.162
28080,1099.071
28100,1123.171
28120,1140.04
28140,1146.39
28160,1144.219
28180,1135.905
28200,1128.024
28220,1121.555
28240,1113.224
28260,1103.406
28280,1095.071
28300,1088.743
28320,1086.917
28340,1086.162
28360,1073.876
28380,1044.558
28400,977.8506
28420,888.5832
28440,841.4642
28460,846.0477
28480,900.1191
28500,990.7648
28520,1060.732
28540,1093.59
28560,1095.99
28580,1073.546
28600,1075.44
28620,1124.265
28640,1228.443
28660,1400.314
28680,1552.411
28700,1617.952
28720,1621.758
28740,1541.968
28760,1447.472
28780,1399.825
28800,1360.264
28820,1318.61
28840,1280.231
28860,1252.368
28880,1228.419
28900,1203.391
28920,1181.388
28940,1168.854
28960,1163.476
28980,1170.97
29000,1184.204
29020,1187.771
29040,1182.564
29060,1166.671
29080,1142.818
29100,1126.428
29120,1121.67
29140,1125.928
29160,1140.856
29180,1156.036
29200,1164.269
29220,1171.54
29240,1182.869
29260,1192.909
29280,1194.404
29300,1190.971
29320,1179.933
29340,1164.412
29360,1151.599
29380,1140.188
29400,1126.372
29420,1109.969
29440,1097.16
29460,1090.616
29480,1089.072
29500,1098.125
29520,1107.032
29540,1103.645
29560,1093.746
29580,1071.477
29600,1043.244
29620,1024.06
29640,1012.517
29660,1005.937
29680,1004.216
29700,1003.058
29720,999.9935
29740,996.9071
29760,994.457
29780,992.3361
29800,989.8913
29820,987.3723
29840,985.7283
29860,985.027
29880,983.7459
29900,981.5171
29920,978.9744
29940,977.4623
29960,975.4288
29980,970.6122
30000,963.7158
30020,952.5979
30040,938.0056
30060,926.7393
30080,920.5462
30100,917.4886
30120,920.6223
30140,924.7432
30160,923.5033
30180,920.0321
30200,913.7445
30220,904.9917
30240,896.9606
30260,890.6463
30280,884.4207
30300,876.2469
30320,868.5819
30340,865.6235
30360,866.4373
30380,872.6387
30400,886.7975
30420,899.1834
30440,902.448
30460,901.3967
30480,893.9329
30500,882.249
30520,873.7203
30540,868.8885
30560,865.877
30580,867.0192
30600,868.7266
30620,866.2126
30640,861.5842
30660,854.8102
30680,845.6742
30700,835.198
30720,823.892
30740,810.0104
30760,787.6979
30780,759.8718
30800,741.9923
30820,736.8267
30840,740.3266
30860,760.6632
30880,787.2179
30900,800.894
30920,806.0024
30940,805.4183
30960,794.6652
30980,782.0472
31000,777.5323
31020,775.9337
31040,777.4325
31060,783.4308
31080,789.2612
31100,791.1362
31120,791.5137
31140,790.1945
31160,787.3779
31180,785.0551
31200,784.6163
31220,785.6589
31240,790.7253
31260,798.7563
31280,801.8564
31300,797.8662
31320,788.2281
31340,767.1127
31360,739.0009
31380,719.5956
31400,710.0134
31420,706.1904
31440,711.6385
31460,721.9097
31480,726.8068
31500,726.4482
31520,723.0042
31540,714.8655
31560,704.343
31580,696.4362
31600,690.5383
31620,685.5908
31640,681.7344
31660,678.481
31680,674.5534
31700,670.1443
31720,665.3777
31740,659.5986
31760,653.2848
31780,647.4014
31800,641.6425
31820,635.566
31840,627.2359
31860,617.8637
31880,611.3852
31900,607.7774
31920,606.218
31940,607.9622
31960,612.1259
31980,614.5808
32000,614.9916
32020,614.7205
32040,614.1708
32060,613.494
32080,611.5941
32100,607.8373
32120,602.3408
32140,593.6702
32160,580.362
32180,568.3996
32200,561.8474
32220,557.4568
32240,554.9126
32260,554.7269
32280,555.2861
32300,555.0684
32320,554.9862
32340,555.3206
32360,556.77
32380,558.4275
32400,558.7405
32420,558.059
32440,556.4768
32460,553.3552
32480,549.29
32500,546.1566
32520,544.0377
32540,542.4359
32560,541.4997
32580,541.4305
32600,540.1296
32620,536.1873
32640,530.0905
32660,520.7968
32680,501.7941
32700,482.4662
32720,474.1491
32740,469.9999
32760,469.0478
32780,472.0388
32800,477.4883
32820,481.9269
32840,485.3108
32860,488.2529
32880,490.211
32900,490.5443
32920,491.5551
32940,494.949
32960,499.2068
32980,503.831
33000,507.5398
33020,511.2848
33040,517.063
33060,523.9324
33080,530.9846
33100,536.4281
33120,539.6633
33140,545.8197
33160,557.4255
33180,572.0272
33200,589.2727
33220,610.229
33240,633.2802
33260,655.3715
33280,677.4661
33300,699.7839
33320,721.6404
33340,742.4896
33360,765.4394
33380,792.7876
33400,823.3641
33420,857.7166
33440,900.1064
33460,948.7883
33480,993.6132
33500,1036.169
33520,1079.088
33540,1124.355
33560,1176.033
33580,1231.069
33600,1280.622
33620,1329.213
33640,1378.132
33660,1430.238
33680,1487.37
33700,1544.296
33720,1597.675
33740,1650.087
33760,1702.402
33780,1756.554
33800,1813.128
33820,1868.341
33840,1923.052
33860,1978.43
33880,2035.905
33900,2100.637
33920,2171.051
33940,2233.572
33960,2292.718
33980,2349.074
34000,2401.927
34020,2450.134
34040,2495.726
34060,2541.915
34080,2587.204
34100,2631.145
34120,2673.414
34140,2713.581
34160,2752.1
34180,2789.246
34200,2824.315
34220,2856.552
34240,2883.617
34260,2905.181
34280,2926.997
34300,2949.501
34320,2971.059
34340,2991.316
34360,3009.553
34380,3025.54
34400,3039.58
34420,3051.171
34440,3059.681
34460,3063.773
34480,3058.661
34500,3046.85
34520,3038.536
34540,3030.7
34560,3021.327
34580,3009.111
34600,2988.982
34620,2964.288
34640,2944.353
34660,2925.552
34680,2906.234
34700,2885.16
34720,2857.983
34740,2827.905
34760,2802.945
34780,2779.927
34800,2757.513
34820,2734.893
34840,2710.005
34860,2684.103
34880,2660.529
34900,2638.161
34920,2616.184
34940,2594.039
34960,2570.468
34980,2545.93
35000,2522.924
35020,2500.764
35040,2478.673
35060,2456.198
35080,2431.654
35100,2405.678
35120,2381.606
35140,2359.934
35160,2339.337
35180,2319.369
35200,2300.083
35220,2281.343
35240,2262.399
35260,2242.751
35280,2222.372
35300,2200.826
35320,2176.505
35340,2147.032
35360,2118.794
35380,2097.381
35400,2079.086
35420,2063.447
35440,2050.583
35460,2043.893
35480,2039.231
35500,2029.614
35520,2017.963
35540,2004.807
35560,1989.967
35580,1971.233
35600,1950.071
35620,1932.093
35640,1917.616
35660,1904.911
35680,1893.729
35700,1884.809
35720,1878.435
35740,1872.201
35760,1864.575
35780,1856.774
35800,1849.083
35820,1841.831
35840,1836.069
35860,1830.352
35880,1822.6
35900,1813.74
35920,1803.949
35940,1792.903
35960,1779.331
35980,1763.445
36000,1748.743
36020,1736.585
36040,1725.498
36060,1715.013
36080,1704.92
36100,1695.316
36120,1685.993
36140,1677.114
36160,1668.48
36180,1659.821
36200,1651.144
36220,1641.559
36240,1631.071
36260,1621.664
36280,1614.365
36300,1608.394
36320,1603.52
36340,1599.994
36360,1599.558
36380,1600.406
36400,1598.828
36420,1595.81
36440,1591.793
36460,1586.766
36480,1580.468
36500,1571.482
36520,1562.658
36540,1556.902
36560,1552.287
36580,1548.647
36600,1545.921
36620,1544.862
36640,1545.193
36660,1545.075
36680,1544.221
36700,1543.061
36720,1541.754
36740,1540.335
36760,1538.563
36780,1536.737
36800,1535.452
36820,1534.69
36840,1534.125
36860,1533.55
36880,1533.22
36900,1532.51
36920,1532.027
36940,1532.693
36960,1534.088
36980,1536.271
37000,1539.356
37020,1543.892
37040,1551.086
37060,1558.705
37080,1564.197
37100,1569.278
37120,1574.316
37140,1579.81
37160,1586.716
37180,1596.124
37200,1604.322
37220,1608.445
37240,1610.397
37260,1610.323
37280,1607.912
37300,1601.201
37320,1588.909
37340,1577.985
37360,1572.933
37380,1570.35
37400,1569.787
37420,1571.312
37440,1576.034
37460,1584.603
37480,1592.659
37500,1597.184
37520,1600.216
37540,1602.282
37560,1603.478
37580,1603.109
37600,1600.701
37620,1598.562
37640,1598.449
37660,1599.215
37680,1600.742
37700,1603.154
37720,1606.795
37740,1612.504
37760,1618.344
37780,1622.218
37800,1625.532
37820,1628.463
37840,1631.001
37860,1633.574
37880,1636.833
37900,1639.717
37920,1641.13
37940,1641.751
37960,1641.464
37980,1640.127
38000,1637.61
38020,1631.804
38040,1624.874
38060,1621.068
38080,1618.847
38100,1617.587
38120,1617.451
38140,1618.399
38160,1621.346
38180,1625.854
38200,1629.241
38220,1631.167
38240,1632.514
38260,1633.499
38280,1634.291
38300,1635.292
38320,1636.892
38340,1637.634
38360,1636.439
38380,1634.089
38400,1630.45
38420,1625.227
38440,1617.692
38460,1603.191
38480,1587.203
38500,1578.616
38520,1573.456
38540,1570.796
38560,1570.486
38580,1572.822
38600,1580.307
38620,1592.256
38640,1601.728
38660,1606.828
38680,1610.233
38700,1612.428
38720,1613.361
38740,1612.923
38760,1609.707
38780,1605.881
38800,1604.364
38820,1603.624
38840,1603.493
38860,1603.99
38880,1605.342
38900,1608.539
38920,1613.402
38940,1616.859
38960,1617.709
38980,1617.143
39000,1615.256
39020,1611.906
39040,1606.605
39060,1596.052
39080,1583.855
39100,1576.697
39120,1572.253
39140,1569.428
39160,1568.094
39180,1568.406
39200,1571.065
39220,1577.421
39240,1583.777
39260,1586.589
39280,1588.281
39300,1589.233
39320,1589.382
39340,1588.708
39360,1586.807
39380,1583.852
39400,1581.456
39420,1580.364
39440,1579.793
39460,1579.69
39480,1580.404
39500,1582.028
39520,1586.379
39540,1592.161
39560,1595.138
39580,1595.614
39600,1594.692
39620,1592.496
39640,1588.941
39660,1583.785
39680,1575.068
39700,1565.018
39720,1557.133
39740,1550.034
39760,1543.049
39780,1535.857
39800,1528.087
39820,1519.13
39840,1505.447
39860,1491.594
39880,1483.682
39900,1478.384
39920,1475.209
39940,1474.022
39960,1475.038
39980,1478.846
40000,1489.958
40020,1502.368
40040,1508.258
40060,1512.249
40080,1515.05
40100,1516.848
40120,1517.813
40140,1518.288
40160,1518.569
40180,1518.318
40200,1517.057
40220,1515.051
40240,1512.239
40260,1508.731
40280,1504.434
40300,1498.851
40320,1490.293
40340,1480.676
40360,1473.342
40380,1467.107
40400,1461.213
40420,1455.382
40440,1449.654
40460,1443.482
40480,1435.311
40500,1426.572
40520,1420.585
40540,1416.976
40560,1414.797
40580,1414.24
40600,1415.526
40620,1418.99
40640,1427.503
40660,1440.601
40680,1450.54
40700,1454.892
40720,1456.858
40740,1456.932
40760,1455.274
40780,1451.874
40800,1446.085
40820,1436.828
40840,1427.12
40860,1419.601
40880,1412.22
40900,1404.859
40920,1397.324
40940,1389.141
40960,1380.227
40980,1369.127
41000,1357.135
41020,1346.996
41040,1337.748
41060,1328.795
41080,1319.853
41100,1310.693
41120,1300.688
41140,1287.995
41160,1272.407
41180,1259.58
41200,1251.924
41220,1246.961
41240,1244.437
41260,1244.182
41280,1246.579
41300,1252.523
41320,1267.911
41340,1285.627
41360,1294.676
41380,1299.697
41400,1302.314
41420,1302.842
41440,1301.431
41460,1298.204
41480,1292.262
41500,1283.106
41520,1273.937
41540,1266.574
41560,1259.447
41580,1252.01
41600,1243.943
41620,1235.086
41640,1224.76
41660,1209.824
41680,1192.727
41700,1180.354
41720,1172.31
41740,1166.691
41760,1163.14
41780,1161.599
41800,1162.26
41820,1165.803
41840,1176.458
41860,1188.573
41880,1194.23
41900,1197.294
41920,1198.933
41940,1199.262
41960,1198.373
41980,1196.469
42000,1192.895
42020,1186.481
42040,1179.998
42060,1175.813
42080,1172.388
42100,1169.301
42120,1166.449
42140,1163.769
42160,1161.1
42180,1158.414
42200,1155.487
42220,1153.007
42240,1151.465
42260,1150.381
42280,1149.708
42300,1149.72
42320,1150.308
42340,1151.701
42360,1154.861
42380,1160.118
42400,1164.545
42420,1166.422
42440,1167.211
42460,1167.093
42480,1166.283
42500,1164.713
42520,1162.128
42540,1157.779
42560,1151.168
42580,1145.609
42600,1142.748
42620,1141.039
42640,1140.498
42660,1140.893
42680,1142.338
42700,1145.125
42720,1150.314
42740,1159.325
42760,1167.728
42780,1172.4
42800,1175.722
42820,1178.278
42840,1180.543
42860,1182.57
42880,1184.69
42900,1187.969
42920,1195.261
42940,1201.488
42960,1201.073
42980,1197.238
43000,1190.226
43020,1180.091
43040,1166.367
43060,1148.129
43080,1123.436
43100,1080.533
43120,1033.084
43140,1003.272
43160,983.5633
43180,969.6478
43200,960.472
43220,955.6398
43240,955.2578
43260,960.1379
43280,975.6271
43300,999.7523
43320,1017.853
43340,1026.543
43360,1031.342
43380,1033.279
43400,1032.738
43420,1029.999
43440,1024.917
43460,1016.434
43480,1001.422
43500,985.8094
43520,975.6172
43540,966.8288
43560,958.8113
43580,951.2227
43600,943.7594
43620,936.144
43640,927.892
43660,916.9133
43680,904.4271
43700,895.4938
43720,890.3039
43740,887.2821
43760,886.1382
43780,886.8124
43800,889.4568
43820,894.2332
43840,901.962
43860,917.3738
43880,933.8036
43900,943.3882
43920,950.8182
43940,956.9437
43960,962.2225
43980,966.8808
44000,971.3931
44020,975.8959
44040,981.447
44060,988.6518
44080,994.1165
44100,996.1823
44120,996.5089
44140,995.2692
44160,992.45
44180,988.1317
44200,982.0909
44220,973.8647
44240,961.202
44260,945.4069
44280,931.8793
44300,920.5588
44320,909.7138
44340,898.8585
44360,887.586
44380,875.4991
44400,862.0097
44420,846.0945
44440,822.172
44460,796.0894
44480,778.4446
44500,766.5083
44520,757.7731
44540,751.2986
44560,746.6933
44580,743.414
44600,741.0391
44620,738.8338
44640,732.4517
44660,727.3672
44680,731.4636
44700,741.7421
44720,757.0922
44740,777.34
44760,802.9838
44780,834.8499
44800,874.7857
44820,926.7548
44840,1013.92
44860,1114.4
44880,1181.807
44900,1229.94
44920,1265.637
44940,1290.373
44960,1304.429
44980,1306.945
45000,1295.641
45020,1265.548
45040,1189.334
45060,1092.485
45080,1031.377
45100,994.813
45120,970.4381
45140,955.0591
45160,947.3489
45180,946.9172
45200,954.1906
45220,971.078
45240,1009.181
45260,1062.845
45280,1102.452
45300,1123.11
45320,1134.569
45340,1138.663
45360,1135.786
45380,1125.601
45400,1107.19
45420,1078.136
45440,1028.498
45460,949.5535
45480,879.1215
45500,840.5243
45520,813.9865
45540,795.7597
45560,784.2246
45580,778.3385
45600,777.7224
45620,782.471
45640,793.1486
45660,815.9014
45680,842.9028
45700,862.6595
45720,880.3696
45740,897.9946
45760,916.4218
45780,936.4371
45800,958.7598
45820,984.555
45840,1016.108
45860,1062.856
45880,1126.265
45900,1179.656
45920,1210.14
45940,1228.523
45960,1235.253
