1.5,2052.511
2,2024.963
2.5,2010.634
3,2001.989
3.5,1996.313
4,1992.294
4.5,1989.325
5,1987.029
5.5,1985.203
6,1983.727
6.5,1982.503
7,1981.469
7.5,1980.582
8,1979.82
8.5,1979.142
9,1978.549
9.5,1978.022
10,1977.551
10.5,1977.12
11,1976.732
11.5,1976.383
12,1976.057
12.5,1975.772
13,1975.496
13.5,1975.256
14,1975.04
14.5,1974.829
15,1974.648
15.5,1974.476
16,1974.316
16.5,1974.17
17,1974.043
17.5,1973.925
18,1973.83
18.5,1973.75
19,1973.661
19.5,1973.608
20,1973.552
20.5,1973.517
21,1973.493
21.5,1973.467
22,1973.462
22.5,1973.474
23,1973.495
23.5,1973.525
24,1973.569
24.5,1973.623
25,1973.693
25.5,1973.782
26,1973.878
26.5,1973.987
27,1974.11
27.5,1974.256
28,1974.421
28.5,1974.605
29,1974.794
29.5,1975.013
30,1975.252
30.5,1975.505
31,1975.791
31.5,1976.097
32,1976.428
32.5,1976.79
33,1977.182
33.5,1977.62
34,1978.08
34.5,1978.593
35,1979.154
35.5,1979.759
36,1980.429
36.5,1981.168
37,1981.993
37.5,1982.906
38,1983.956
38.5,1985.146
39,1986.566
39.5,1988.308
40,1991.939
41,2000.615
42,1999.652
43,2015.24
44,2014.461
45,2010.708
46,2039.734
47,2076.752
48,2079.897
49,2058.969
50,2043.903
51,2040.668
52,2039.739
53,2020.882
54,1989.095
55,1971.715
56,1971.205
57,1970.865
58,1973.613
59,1996.064
60,2029.102
61,2041.841
62,2029.791
63,2018.308
64,2030.24
65,2072.012
66,2093.423
67,2042.544
68,1969.747
69,1917.878
70,1847.039
71,1854.855
72,1968.373
73,1995.852
74,1930.827
75,1960.996
76,1991.531
77,1982.515
78,1960.682
79,1942.904
80,1937.089
81,1942.149
82,1952.627
83,1962.446
84,1967.004
85,1963.775
86,1952.782
87,1937.571
88,1926.756
89,1926.114
90,1937.596
91,1956.955
92,1975.765
93,1986.467
94,1986.696
95,1980.198
96,1973.306
97,1969.327
98,1966.438
99,1962.371
100,1957.937
101,1955.214
102,1955.478
103,1957.727
104,1960.389
105,1962.756
106,1964.92
107,1967.235
108,1969.646
109,1971.338
110,1971.829
111,1970.338
112,1965.676
113,1957.621
114,1947.372
115,1937.196
116,1929.402
117,1925.316
118,1924.746
119,1926.334
120,1928.594
121,1930.131
122,1930.901
123,1932.549
124,1937.429
125,1947.136
126,1961.265
127,1976.193
128,1985.874
129,1985.394
130,1973.486
131,1954.567
132,1936.492
133,1924.58
134,1921.773
135,1929.498
136,1946.548
137,1969.035
138,1991.243
139,2007.43
140,2013.74
141,2009.645
142,1999.903
143,1990.061
144,1983.247
145,1980.942
146,1982.688
147,1986.01
148,1987.502
149,1984.301
150,1975.004
151,1961.023
152,1946.185
153,1935.044
154,1928.808
155,1926.861
156,1927.883
157,1930.781
158,1935.812
159,1943.976
160,1955.51
161,1968.677
162,1979.231
163,1982.271
164,1976.169
165,1964.681
166,1953.482
167,1946.574
168,1945.2
169,1947.559
170,1950.203
171,1950.059
172,1945.435
173,1936.389
174,1925.113
175,1915.834
176,1911.787
177,1914.654
178,1924.145
179,1937.79
180,1952.964
181,1968.321
182,1979.266
183,1987.969
184,1997.204
185,2010.1
186,2027.97
187,2050.587
188,2074.011
189,2091.982
190,2097.856
191,2088.369
192,2066.132
193,2038.42
194,2013.405
195,1996.73
196,1988.826
197,1986.458
198,1985.254
199,1982.102
200,1975.999
201,1967.796
202,1959.306
203,1952.426
204,1948.491
205,1947.873
206,1950.637
207,1955.416
208,1960.255
209,1963.151
210,1962.313
211,1957.863
212,1951.093
213,1943.891
214,1938.137
215,1934.927
216,1934.49
217,1936.184
218,1938.524
219,1940.168
220,1940.903
221,1941.385
222,1942.452
223,1944.613
224,1947.612
225,1950.748
226,1953.77
227,1956.896
228,1960.879
229,1965.172
230,1968.801
231,1970.864
232,1970.649
233,1968.308
234,1964.8
235,1961.444
236,1959.285
237,1958.546
238,1958.793
239,1959.892
240,1962.203
241,1966.28
242,1972.416
243,1980.441
244,1989.219
245,1997.19
246,2002.674
247,2004.045
248,2001.099
249,1996.305
250,1993.972
251,1997.371
252,2006.743
253,2020.012
254,2033.998
255,2045.899
256,2054.72
257,2061.408
258,2068.031
259,2076.604
260,2086.623
261,2094.669
262,2097.568
263,2093.71
264,2084.159
265,2071.607
266,2058.719
267,2047.588
268,2039.122
269,2032.943
270,2028.31
271,2024.687
272,2022.585
273,2022.871
274,2025.342
275,2028.813
276,2031.077
277,2030.219
278,2025.81
279,2019.038
280,2011.988
281,2006.694
282,2003.869
283,2003.172
284,2003.692
285,2004.83
286,2006.238
287,2007.233
288,2006.834
289,2004.298
290,1999.55
291,1993.332
292,1986.615
293,1979.708
294,1972.931
295,1966.849
296,1962.547
297,1960.651
298,1960.777
299,1961.338
300,1960.552
301,1957.643
302,1953.467
303,1950.212
304,1949.706
305,1950.747
306,1951.184
307,1948.963
308,1944.117
309,1938.63
310,1934.837
311,1933.837
312,1934.757
313,1935.075
314,1932.384
315,1926.927
316,1921.053
317,1916.983
318,1915.704
319,1916.845
320,1919.077
321,1920.984
322,1921.78
323,1921.39
324,1920.234
325,1918.339
326,1915.97
327,1913.89
328,1912.735
329,1913.109
330,1914.861
331,1917.575
332,1920.873
333,1924.731
334,1929.506
335,1934.901
336,1940.058
337,1944.014
338,1946.891
339,1949.699
340,1953.223
341,1957.832
342,1963.31
343,1969.251
344,1975.416
345,1981.915
346,1989.27
347,1997.833
348,2008.084
349,2020.465
350,2035.472
351,2053.28
352,2074.049
353,2098.096
354,2125.655
355,2156.53
356,2188.959
357,2218.147
358,2236.288
359,2236.835
360,2219.32
361,2188.211
362,2150.774
363,2113.517
364,2080.7
365,2054.024
366,2033.002
367,2015.98
368,2001.117
369,1987.584
370,1975.967
371,1967.782
372,1964.596
373,1966.594
374,1972.493
375,1979.529
376,1983.805
377,1981.718
378,1972.791
379,1962.24
380,1957.104
381,1957.7
382,1958.784
383,1955.513
384,1948.04
385,1939.999
386,1934.38
387,1930.978
388,1927.34
389,1921.715
390,1914.73
391,1908.529
392,1904.335
393,1902.186
394,1901.045
395,1900.153
396,1899.76
397,1900.441
398,1902.066
399,1903.389
400,1902.751
401,1899.672
402,1895.756
403,1893.31
404,1893.534
405,1895.984
406,1899.197
407,1901.326
408,1901.169
409,1898.825
410,1895.187
411,1891.166
412,1887.41
413,1883.987
414,1880.815
415,1878.061
416,1875.995
417,1874.857
418,1874.786
419,1875.652
420,1876.817
421,1877.211
422,1875.824
423,1872.656
424,1868.643
425,1865.098
426,1862.568
427,1860.209
428,1856.887
429,1852.246
430,1847.203
431,1842.981
432,1839.484
433,1835.523
434,1830.548
435,1824.122
436,1814.456
437,1798.838
438,1778.526
439,1761.391
440,1758.417
441,1776.743
442,1814.621
443,1861.24
444,1901.574
445,1924.79
446,1930.99
447,1925.495
448,1915.741
449,1907.445
450,1902.611
451,1899.996
452,1897.083
453,1892.228
454,1886.176
455,1880.997
456,1877.107
457,1873.387
458,1869.588
459,1866.344
460,1863.896
461,1861.218
462,1856.552
463,1849.048
464,1839.852
465,1830.965
466,1823.314
467,1816.491
468,1810.36
469,1806.286
470,1805.44
471,1807.254
472,1809.34
473,1809.06
474,1805.649
475,1801.231
476,1798.975
477,1799.44
478,1800.573
479,1800.688
480,1799.824
481,1799.1
482,1799.332
483,1800.091
484,1799.972
485,1797.83
486,1793.985
487,1790.19
488,1787.542
489,1785.313
490,1782.303
491,1778.037
492,1773.095
493,1768.155
494,1763.263
495,1758.146
496,1753.193
497,1750.111
498,1751.103
499,1756.113
500,1762.204
501,1766.139
502,1766.229
503,1762.863
504,1757.529
505,1751.203
506,1743.475
507,1733.52
508,1722.214
509,1712.964
510,1709.103
511,1711.052
512,1717.896
513,1727.698
514,1737.975
515,1746.463
516,1751.684
517,1753.284
518,1751.912
519,1748.894
520,1745.859
521,1743.682
522,1742.589
523,1742.494
524,1743.174
525,1744.183
526,1744.784
527,1744.007
528,1741.089
529,1736.23
530,1730.67
531,1726.11
532,1723.632
533,1722.886
534,1723.297
535,1724.107
536,1724.966
537,1725.604
538,1725.334
539,1722.977
540,1717.389
541,1709.461
542,1702.55
543,1699.899
544,1702.78
545,1709.901
546,1718.815
547,1727.011
548,1732.694
549,1735.113
550,1734.498
551,1731.952
552,1729.255
553,1727.975
554,1728.409
555,1730.181
556,1732.483
557,1734.783
558,1736.882
559,1738.514
560,1739.218
561,1738.521
562,1736.094
563,1732.384
564,1728.362
565,1724.908
566,1722.786
567,1722.276
568,1723.29
569,1725.453
570,1728.232
571,1731.411
572,1735.266
573,1740.456
574,1747.856
575,1757.514
576,1768.759
577,1780.697
578,1792.853
579,1805.294
580,1818.538
581,1833.161
582,1849.193
583,1865.959
584,1882.283
585,1896.663
586,1907.65
587,1913.979
588,1914.492
589,1909.003
590,1898.49
591,1884.616
592,1869.178
593,1853.559
594,1838.6
595,1824.749
596,1812.194
597,1801.088
598,1791.788
599,1784.621
600,1779.148
601,1774.337
602,1768.701
603,1761.036
604,1751.502
605,1741.835
606,1734.081
607,1729.034
608,1725.559
609,1722.021
610,1717.49
611,1712.288
612,1707.486
613,1703.96
614,1701.916
615,1700.785
616,1699.504
617,1697.321
618,1694.186
619,1690.406
620,1686.726
621,1684.117
622,1683.119
623,1683.489
624,1684.326
625,1684.512
626,1683.497
627,1681.645
628,1679.757
629,1677.898
630,1675.386
631,1671.772
632,1667.602
633,1664.087
634,1662.704
635,1664.525
636,1665.532
637,1661.891
638,1658.164
639,1655.313
640,1653.043
641,1651.187
642,1649.246
643,1647.039
644,1643.768
645,1639.574
646,1634.535
647,1628.86
648,1623.685
649,1618.848
650,1615.785
651,1614.02
652,1614.07
653,1615.613
654,1618.09
655,1621.274
656,1623.965
657,1626.178
658,1627.044
659,1626.847
660,1625.518
661,1623.623
662,1621.637
663,1620.054
664,1619.219
665,1619.177
666,1619.897
667,1620.834
668,1621.826
669,1622.315
670,1622.284
671,1621.419
672,1619.887
673,1618.091
674,1616.047
675,1614.328
676,1612.764
677,1611.523
678,1610.426
679,1609.236
680,1607.904
681,1606.204
682,1604.301
683,1602.447
684,1600.862
685,1600.001
686,1599.918
687,1600.75
688,1602.116
689,1603.637
690,1604.748
691,1605.026
692,1604.125
693,1602.013
694,1598.958
695,1595.307
696,1591.821
697,1588.731
698,1586.599
699,1585.022
700,1588.222
715.01,1584.874
730.02,1583.284
745.02,1582.516
760.03,1572.033
775.04,1559.776
790.05,1554.048
805.05,1538.375
820.06,1523.099
835.07,1519.362
850.08,1508.778
865.09,1505.301
880.09,1498.468
895.1,1490.068
910.11,1479.185
925.12,1472.018
940.12,1461.323
955.13,1455.522
970.14,1447.994
985.15,1441.458
1000.16,1438.047
1015.16,1426.067
1020,1422.227
1030,1415.849
1040,1410.093
1050,1404.719
1060,1399.643
1070,1394.811
1080,1390.191
1090,1385.746
1100,1381.465
1110,1377.34
1120,1373.351
1130,1369.489
1140,1365.742
1150,1362.114
1160,1358.589
1170,1355.169
1180,1351.841
1190,1348.606
1200,1345.457
1210,1342.382
1220,1339.388
1230,1336.47
1240,1333.626
1250,1330.838
1260,1328.114
1270,1325.449
1280,1322.842
1290,1320.286
1300,1317.775
1310,1315.313
1320,1312.892
1330,1310.505
1340,1308.161
1350,1305.837
1360,1303.545
1370,1301.269
1380,1299.009
1390,1296.76
1400,1294.526
1410,1292.282
1420,1290.035
1430,1287.767
1440,1285.476
1450,1283.14
1460,1280.741
1470,1278.25
1480.4,1275.445
1495.41,1270.821
1510.42,1266.381
1525.43,1262.435
1540.44,1258.561
1555.44,1253.315
1570.45,1248.19
1585.46,1246.273
1600.47,1243.987
1615.47,1240.299
1630.48,1233.331
1645.49,1228.554
1660.5,1224.419
1675.51,1219.922
1690.51,1215.892
1705.52,1212.422
1720.53,1210.913
1735.54,1208.193
1750.54,1203.883
1765.55,1201.542
1780.56,1199.689
1795.57,1196.405
1810.57,1193.516
1825.58,1189.784
1840.59,1186.982
1855.6,1184
1870.61,1181.194
1885.61,1179.448
1900.62,1175.242
1915.63,1171.389
1930.64,1167.412
1945.65,1164.76
1960.65,1163.435
1975.66,1159.973
1990.67,1154.628
2005.68,1152.61
2020.68,1151.718
2035.69,1147.58
2050.7,1145.162
2065.71,1142.75
2080.72,1139.646
2095.72,1137.063
2110.73,1134.134
2125.74,1132.423
2140.75,1130.41
2155.75,1127.674
2170.76,1123.824
2185.77,1120.441
2200.78,1118.258
2215.78,1115.005
2230.79,1112.168
2245.8,1110.327
2260.81,1106.776
2275.82,1104.425
2290.82,1102.614
2305.83,1100.279
2320.84,1097.804
2335.85,1095.573
2350.85,1094.085
2365.86,1090.87
2380.87,1087.047
2395.88,1085.259
2410.89,1083.361
2425.89,1080.19
2440.9,1078.299
2455.91,1076.061
2470.92,1073.411
2485.93,1071.62
2500.93,1068.495
2515.94,1065.728
2530.95,1063.562
2545.96,1061.372
2560.96,1059.574
2575.97,1056.567
2590.98,1053.417
2605.99,1050.983
2621,1049.055
2636,1046.817
2651.01,1044.507
2666.02,1041.86
2681.03,1039.116
2696.03,1037.662
2711.04,1035.783
2726.05,1033.133
2741.06,1030.332
2756.06,1028.154
2771.07,1026.65
2786.08,1023.856
2801.09,1021.401
2816.1,1019.024
2831.1,1015.659
2846.11,1013.317
2861.12,1011.588
2876.13,1009.7
2891.14,1006.896
2906.14,1004.83
2921.15,1002.267
2936.16,999.8391
2951.17,997.9143
2966.17,996.1235
2981.18,994.3082
2996.19,992.4077
3011.2,990.5316
3026.21,987.7862
3041.21,985.6582
3056.22,984.2224
3071.23,981.1921
3086.24,978.3948
3101.24,976.6501
3116.25,974.0521
3131.26,970.8564
3146.27,969.2108
3161.27,966.7496
3176.28,963.3077
3191.29,962.2128
3206.3,960.5606
3221.31,957.415
3236.31,956.2095
3251.32,955.5674
3266.33,952.6151
3281.34,947.8854
3296.34,945.9464
3311.35,944.2931
3326.36,940.8453
3341.37,938.7484
3356.38,936.3821
3371.38,933.5916
3386.39,931.9662
3401.4,929.2253
3416.41,927.1434
3431.42,926.7569
3446.42,923.9631
3461.43,921.5087
3476.44,923.6519
3491.45,922.4055
3506.45,919.6151
3521.46,919.6384
3536.47,919.3508
3551.48,917.9354
3566.49,916.1702
3581.49,916.6395
3596.5,915.5036
3611.51,911.3658
3626.52,909.7473
3641.52,908.1452
3656.53,905.8018
3671.54,903.6157
3686.55,902.5691
3701.55,900.9098
3716.56,898.3379
3731.57,897.9162
3746.58,898.4394
3761.59,897.6515
3776.59,895.6498
3791.6,890.8436
3806.61,888.9708
3821.62,886.8902
3836.63,882.6421
3851.63,881.9238
3866.64,881.0193
3881.65,878.7089
3896.66,877.1945
3911.66,875.1132
3926.67,872.703
3941.68,872.4895
3956.69,871.1918
3971.7,868.2981
3986.7,868.0237
4001.71,866.7348
4016.72,864.5373
4031.73,863.6219
4046.73,861.7208
4061.74,857.405
4076.75,855.4835
4091.76,853.0474
4106.77,850.5323
4121.77,847.4407
4136.78,844.5219
4151.79,843.2165
4166.8,841.652
4181.8,839.3961
4196.81,838.6725
4211.82,836.8498
4226.83,834.8204
4241.83,834.0291
4256.84,830.9697
4271.85,827.8901
4286.86,825.8981
4301.87,822.2415
4316.87,818.3192
4331.88,815.1191
4346.89,812.5195
4361.9,812.39
4376.9,809.0504
4391.91,806.3467
4406.92,805.946
4421.93,802.8378
4436.94,801.5885
4451.94,800.3994
4466.95,798.7768
4481.96,796.1983
4496.97,793.6906
4511.98,789.9339
4526.98,785.736
4541.99,784.0795
4557,782.9209
4572.01,780.8235
4587.01,777.2977
4602.02,774.4087
4617.03,773.0613
4632.04,772.8563
4647.04,771.225
4662.05,767.2449
4677.06,767.6097
4692.07,765.5675
4707.08,763.0279
4722.08,759.2048
4737.09,757.4338
4752.1,756.3259
4767.11,752.3817
4782.12,750.2162
4797.12,748.3872
4812.13,744.8292
4827.14,743.3743
4842.15,742.7836
4857.15,740.2502
4872.16,738.6678
4887.17,737.7955
4902.18,736.2318
4917.19,735.2836
4932.19,732.3721
4947.2,729.1475
4962.21,729.0093
4977.22,726.7761
4992.22,725.9422
5007.23,727.1262
5022.24,725.822
5037.25,722.3839
5052.25,723.1569
5067.26,722.2458
5082.27,718.2213
5097.28,713.3372
5112.29,710.787
5127.29,712.7732
5142.3,710.6543
5157.31,704.126
5172.32,700.3553
5187.33,702.5815
5202.33,701.3334
5217.34,696.0113
5232.35,694.7602
5247.36,694.2882
5262.36,690.5406
5277.37,688.3786
5292.38,689.2095
5307.39,686.0067
5322.4,681.2646
5337.4,677.4622
5352.41,675.5717
5367.42,677.011
5382.43,677.3386
5397.43,673.2593
5412.44,668.5084
5427.45,665.4327
5442.46,665.0229
5457.46,664.3786
5472.47,662.2624
5487.48,661.3887
5502.49,657.6348
5517.5,655.7147
5532.5,652.976
5547.51,650.0652
5562.52,649.3374
5577.53,643.3339
5592.54,642.2847
5607.54,646.1203
5622.55,642.8979
5637.56,638.3785
5652.57,634.3394
5667.57,634.2662
5682.58,633.7052
5697.59,631.5247
5712.6,629.212
5727.6,628.302
5742.61,626.9302
5757.62,624.2748
5772.63,619.9632
5787.64,617.5437
5802.64,616.0045
5817.65,613.0408
5832.66,612.2709
5847.67,612.2888
5862.67,609.485
5877.68,603.2659
5892.69,600.3068
5907.7,600.0698
5922.71,600.527
5937.71,601.1749
5952.72,597.4059
5967.73,595.4895
5982.74,594.2401
5997.75,590.0394
6012.75,588.5081
6027.76,589.7888
6042.77,588.8165
6057.78,584.3145
6072.78,581.3423
6087.79,581.769
6102.8,578.4292
6117.81,574.3154
6132.81,574.1115
6147.82,570.072
6162.83,567.0698
6177.84,564.209
6192.85,562.2618
6207.85,564.5101
6222.86,562.8174
6237.87,559.2444
6252.88,556.0847
6267.88,555.8414
6282.89,556.2316
6297.9,554.1392
6312.91,550.4323
6327.92,550.3514
6342.92,552.9851
6357.93,550.7249
6372.94,544.7194
6387.95,543.4524
6402.96,543.8239
6417.96,542.0912
6432.97,540.5873
6447.98,543.176
6462.99,541.2308
6477.99,536.9882
6493,536.6979
6508.01,537.0688
6523.02,533.6776
6538.02,531.5739
6553.03,529.6614
6568.04,527.7976
6583.05,525.9708
6598.06,524.2852
6613.06,522.743
6628.07,521.2343
6643.08,519.7292
6658.09,518.2062
6673.1,516.6298
6688.1,515.0563
6703.11,513.4695
6718.12,511.8414
6733.13,510.1913
6748.13,508.5939
6763.14,507.1423
6778.15,505.8314
6793.16,504.494
6808.17,503.0221
6823.17,501.4478
6838.18,499.7927
6853.19,498.0761
6868.2,496.3899
6883.2,494.7812
6898.21,493.2572
6913.22,491.8103
6928.23,490.4039
6943.23,488.9321
6958.24,487.3412
6973.25,485.7685
6988.26,484.2249
7003.27,482.6446
7018.27,480.9952
7033.28,479.2518
7048.29,477.5313
7063.3,476.0088
7078.31,474.6461
7093.31,473.2898
7108.32,471.7265
7123.33,470.0091
7138.34,468.4015
7153.34,466.8921
7168.35,465.3321
7183.36,463.6562
7198.37,461.9586
7213.38,460.2948
7228.38,458.8777
7243.39,457.7818
7258.4,456.5366
7273.41,454.9449
7288.41,453.139
7303.42,451.2274
7318.43,449.4763
7333.44,448.1308
7348.44,446.9109
7363.45,445.3399
7378.46,443.513
7393.47,441.9662
7408.48,440.8395
7423.48,439.7303
7438.49,438.2125
7453.5,436.1697
7468.51,434.1788
7483.52,432.5916
7498.52,431.1297
7513.53,429.7797
7528.54,428.4899
7543.55,427.3416
7558.55,426.2849
7573.56,424.9852
7588.57,423.3801
7603.58,421.6532
7618.58,419.9716
7633.59,418.6429
7648.6,417.4601
7663.61,416.2015
7678.62,414.6417
7693.62,412.9653
7708.63,411.6859
7723.64,410.6907
7738.65,409.3901
7753.65,407.8843
7768.66,406.1285
7783.67,404.649
7798.68,404.0246
7813.69,403.665
7828.69,402.6808
7843.7,400.8398
7858.71,398.7929
7873.72,397.2126
7888.73,396.571
7903.73,396.3824
7918.74,395.2914
7933.75,393.3791
7948.76,391.7305
7963.76,390.7314
7978.77,389.754
7993.78,388.7514
8008.79,387.9484
8023.79,387.3133
8038.8,386.0994
8053.81,384.4911
8068.82,383.4998
8083.83,383.2348
8098.83,382.1104
8113.84,380.3209
8128.85,379.3133
8143.86,379.2412
8158.87,378.4276
8173.87,377.0666
8188.88,375.716
8203.89,374.1476
8218.9,373.2374
8233.9,372.9134
8248.91,372.2157
8263.92,371.0758
8278.93,369.7527
8293.93,368.3329
8308.94,367.7582
8323.95,368.2365
8338.96,367.6763
8353.97,366.0486
8368.97,364.9353
8383.98,364.2812
8398.99,364.052
8414,363.824
8429,362.7887
8444.01,360.7761
8459.02,358.6389
8474.03,357.2644
8489.04,356.9716
8504.04,357.3464
8519.05,356.8372
8534.06,355.5842
8549.07,354.1822
8564.07,352.9502
8579.08,351.9315
8594.09,351.0135
8609.1,350.1116
8624.11,349.7423
8639.11,348.8107
8654.12,347.4903
8669.13,346.8573
8684.14,346.0832
8699.14,344.4711
8714.15,343.6156
8729.16,343.1434
8744.17,342.0028
8759.18,341.2876
8774.18,341.402
8789.19,340.8784
8804.2,339.1383
8819.21,337.3723
8834.21,336.2724
8849.22,335.5541
8864.23,335.0953
8879.24,334.5078
8894.25,333.0716
8909.25,331.4602
8924.26,330.3516
8939.27,329.7306
8954.28,329.2561
8969.28,328.7073
8984.29,328.102
8999.3,327.0983
9014.31,325.7791
9029.32,324.3769
9044.32,323.1779
9059.33,322.67
9074.34,322.7326
9089.35,322.4601
9104.35,321.435
9119.36,320.0127
9134.37,318.5892
9149.38,317.6339
9164.39,317.0581
9179.39,316.4721
9194.4,315.6496
9209.41,314.7028
9224.42,314.1488
9239.42,313.9391
9254.43,313.2462
9269.44,311.8424
9284.45,310.577
9299.46,310.0493
9314.46,309.8795
9329.47,309.2978
9344.48,308.4684
9359.49,308.0034
9374.49,307.2164
9389.5,306.2186
9404.51,306.0194
9419.52,306.0279
9434.53,305.4087
9449.53,304.4789
9464.54,303.7881
9479.55,303.7015
9494.56,303.7639
9509.56,303.2748
9524.57,302.4068
9539.58,301.8397
9554.59,301.7746
9569.6,301.6762
9584.6,301.2673
9599.61,300.5303
9614.62,299.8805
9629.63,299.894
9644.63,299.9266
9659.64,299.6266
9674.65,299.7029
9689.66,299.7951
9704.67,299.4163
9719.67,298.8802
9734.68,298.5927
9749.69,298.6434
9764.7,298.3764
9779.7,298.0789
9794.71,298.1887
9809.72,298.3453
9824.73,298.4489
9839.74,298.3116
9854.74,298.1814
9869.75,298.3399
9884.76,298.365
9899.77,298.0663
9914.77,297.946
9929.78,298.2131
9944.79,298.7733
9959.8,299.6387
9974.81,300.1783
9989.81,300.2934
10004.82,300.1545
10019.83,300.3495
10034.84,300.7323
10049.84,300.917
10064.85,301.321
10079.86,302.1267
10094.87,302.7936
10109.88,303.2988
10124.88,304.0265
10139.89,304.6922
10154.9,305.282
10169.91,306.0869
10184.91,306.7835
10199.92,306.9758
10214.93,307.2737
10229.94,308.2083
10244.95,309.0966
10259.95,309.7195
10274.96,310.528
10289.97,311.8964
10304.98,313.1324
10319.98,313.9738
10334.99,314.8139
10350,315.574
10365.01,316.2769
10380.02,316.8656
10395.02,317.4734
10410.03,318.3326
10425.04,319.5038
10440.05,320.3329
10455.05,321.1306
10470.06,322.3776
10485.07,323.6493
10500.08,324.3445
10515.09,324.4992
10530.09,325.1876
10545.1,326.5737
10560.11,327.8055
10575.12,328.7769
10590.12,329.6439
10605.13,330.4627
10620.14,331.3709
10635.15,332.2248
10650.16,333.0696
10665.16,334.2133
10680.17,335.6176
10695.18,336.8171
10710.19,337.5371
10725.19,338.1489
10740.2,339.1543
10755.21,340.5898
10770.22,341.7774
10785.23,342.6333
10800.23,343.1877
10815.24,343.206
10830.25,343.5299
10845.26,344.6821
10860.26,345.7153
10875.27,346.3782
10890.28,347.0141
10905.29,347.6703
10920.3,348.5386
10935.3,349.2794
10950.31,350.0112
10965.32,350.8167
10980.33,351.2275
10995.33,351.6027
11010.34,352.6857
11025.35,353.9899
11040.36,354.6581
11055.37,354.7074
11070.37,354.6209
11085.38,355.0405
11100.39,355.9681
11115.4,356.9276
11130.4,357.717
11145.41,358.2818
11160.42,358.6944
11175.43,359.0536
11190.44,359.6644
11205.44,360.6017
11220.45,361.5558
11235.46,362.0465
11250.47,361.9715
11265.47,361.64
11280.48,361.5795
11295.49,362.0276
11310.5,362.6095
11325.51,362.7648
11340.51,363.0274
11355.52,363.4525
11370.53,363.7444
11385.54,364.4663
11400.54,365.5406
11415.55,366.0619
11430.56,365.9707
11445.57,365.8293
11460.58,365.8956
11475.58,366.0194
11490.59,366.3032
11505.6,366.8057
11520.61,366.6752
11535.61,366.3135
11550.62,367.0475
11565.63,368.2794
11580.64,369.5178
11595.65,370.288
11610.65,370.3553
11625.66,370.1353
11640.67,370.4344
11655.68,371.5573
11670.68,372.3716
11685.69,372.1821
11700.7,371.6156
11715.71,372.1475
11730.72,373.8309
11745.72,375.2324
11760.73,375.4449
11775.74,375.4383
11790.75,375.8558
11805.75,376.5047
11820.76,376.7433
11835.77,376.9421
11850.78,377.4153
11865.79,378.0628
11880.79,379.1856
11895.8,380.5778
11910.81,381.0404
11925.82,380.5497
11940.82,380.7987
11955.83,382.7249
11970.84,384.9973
11985.85,385.8081
12000.86,385.4936
12015.86,385.1648
12030.87,386.3675
12045.88,388.3901
12060.89,389.3427
12075.89,388.554
12090.9,387.2735
12105.91,387.2386
12120.92,389.1129
12135.93,391.3756
12150.93,392.6576
12165.94,392.1767
12180.95,391.3269
12195.96,391.7955
12210.96,392.9992
12225.97,393.6055
12240.98,393.4863
12255.99,393.415
12271,393.8023
12286,394.7302
12301.01,395.5227
12316.02,396.2221
12331.03,396.7936
12346.03,396.7873
12361.04,396.5801
12376.05,396.1773
12391.06,395.733
12406.07,395.8703
12421.07,396.3663
12436.08,396.6708
12451.09,395.9323
12466.1,394.2958
12481.1,393.5514
12496.11,394.3653
12511.12,395.8729
12526.13,396.7853
12541.14,396.3145
12556.14,395.287
12571.15,394.4473
12586.16,394.1625
12601.17,394.3382
12616.17,394.0687
12631.18,393.5452
12646.19,393.2704
12661.2,393.1147
12676.21,393.218
12691.21,392.8981
12706.22,391.6057
12721.23,390.1995
12736.24,389.0675
12751.24,388.4611
12766.25,388.7415
12781.26,389.3996
12796.27,389.9234
12811.28,389.6725
12826.28,388.0632
12841.29,386.4282
12856.3,386.2354
12871.31,387.3913
12886.31,388.5013
12901.32,388.1269
12916.33,386.3212
12931.34,384.4207
12946.35,383.5514
12961.35,383.5032
12976.36,383.582
12991.37,382.9368
13006.38,381.9582
13021.38,382.0121
13036.39,382.5868
13051.4,382.4411
13066.41,380.7135
13081.42,378.9226
13096.42,378.9516
13111.43,379.8656
13126.44,380.4539
13141.45,380.5114
13156.45,379.8262
13171.46,378.9955
13186.47,378.8038
13201.48,378.918
13216.49,378.3454
13231.49,377.2243
13246.5,376.2738
13261.51,376.0742
13276.52,375.9127
13291.52,375.0706
13306.53,373.8924
13321.54,373.2498
13336.55,373.6093
13351.56,374.748
13366.56,375.6721
13381.57,375.6384
13396.58,374.5589
13411.59,373.8578
13426.59,374.1259
13441.6,374.3739
13456.61,373.9609
13471.62,373.0545
13486.63,372.1029
13501.63,371.8578
13516.64,372.212
13531.65,372.0862
13546.66,371.8338
13561.66,372.4057
13576.67,373.1102
13591.68,373.3783
13606.69,373.0925
13621.7,372.5773
13636.7,372.3071
13651.71,372.3354
13666.72,373.0708
13681.73,373.6891
13696.73,373.0933
13711.74,372.1696
13726.75,371.8089
13741.76,372.2216
13756.77,372.8334
13771.77,373.4731
13786.78,373.8521
13801.79,373.6625
13816.8,372.8626
13831.8,372.4978
13846.81,372.6764
13861.82,372.6597
13876.83,372.2673
13891.83,371.6385
13906.84,371.5104
13921.85,371.5092
13936.86,371.0955
13951.87,371.0899
13966.87,371.6505
13981.88,371.2264
13996.89,370.9105
14011.9,371.1793
14026.91,371.5112
14041.91,371.2083
14056.92,371.0398
14071.93,371.3478
14086.94,371.4467
14101.94,371.2867
14116.95,371.2986
14131.96,371.3808
14146.97,371.1059
14161.98,370.8415
14176.98,370.9005
14191.99,370.5943
14207,369.8097
14222.01,369.1528
14237.01,368.9711
14252.02,368.7541
14267.03,368.4316
14282.04,367.824
14297.04,367.3379
14312.05,367.0368
14327.06,367.0886
14342.07,367.3009
14357.08,366.8908
14372.08,365.8197
14387.09,365.7852
14402.1,366.2948
14417.11,366.3461
14432.12,364.9194
14447.12,363.6713
14462.13,363.4068
14477.14,363.318
14492.15,363.9128
14507.15,364.2172
14522.16,363.6305
14537.17,363.166
14552.18,362.9968
14567.19,363.1432
14582.19,363.1992
14597.2,362.9924
14612.21,362.581
14627.22,361.8173
14642.22,360.8889
14657.23,360.7091
14672.24,360.6149
14687.25,360.2296
14702.25,359.7161
14717.26,359.9454
14732.27,360.5599
14747.28,359.6603
14762.29,358.6453
14777.29,358.6738
14792.3,359.2065
14807.31,359.6622
14822.32,359.9822
14837.33,359.8401
14852.33,359.7535
14867.34,360.0235
14882.35,360.2122
14897.36,360.5625
14912.36,361.029
14927.37,361.2285
14942.38,360.7531
14957.39,359.5877
14972.4,359.4842
14987.4,360.7449
15002.41,362.0913
15017.42,363.1753
15032.43,363.9568
15047.43,363.7784
15062.44,362.9503
15077.45,362.6845
15092.46,363.0994
15107.46,364.106
15122.47,364.8112
15137.48,365.0265
15152.49,365.7518
15167.5,366.5697
15182.5,368.1062
15197.51,369.6753
15212.52,371.4437
15227.53,372.7124
15242.54,372.5247
15257.54,372.9713
15272.55,373.2204
15287.56,372.8089
15302.57,373.3708
15317.57,374.5774
15332.58,375.221
15347.59,376.6689
15362.6,378.4056
15377.6,379.1422
15392.61,380.2292
15407.62,381.7502
15422.63,383.1624
15437.64,383.874
15452.64,383.1923
15467.65,380.9069
15482.66,382.4076
15497.67,385.1749
15512.67,386.6365
15527.68,387.0043
15542.69,386.8543
15557.7,387.1725
15572.71,387.7957
15587.71,389.223
15602.72,391.0854
15617.73,391.8842
15632.74,391.9357
15647.75,391.2147
15662.75,390.7586
15677.76,390.564
15692.77,390.0011
15707.78,389.6548
15722.78,389.578
15737.79,390.5035
15752.8,391.3242
15767.81,392.1863
15782.81,394.0138
15797.82,388.6421
15812.83,384.1364
15827.84,384.0228
15842.85,383.6237
15857.85,382.0921
15872.86,381.6003
15887.87,382.2936
15902.88,383.1281
15917.88,383.6942
15932.89,384.2634
15947.9,384.6717
15962.91,385.0146
15977.92,386.2309
15992.92,386.8456
16007.93,386.6714
16022.94,385.7647
16037.95,383.1639
16052.96,381.0601
16067.96,380.5856
16082.97,380.9658
16097.98,381.3165
16112.99,380.7284
16127.99,380.5939
16143,381.225
16158.01,381.68
16173.02,381.2966
16188.02,380.7632
16203.03,380.5424
16218.04,380.5918
16233.05,380.7538
16248.06,380.4537
16263.06,379.3026
16278.07,378.9507
16293.08,379.7115
16308.09,380.5349
16323.09,381.3678
16338.1,382.3665
16353.11,381.7806
16368.12,381.8463
16383.13,382.7702
16398.13,383.306
16413.14,383.1624
16428.15,382.2791
16443.16,380.1317
16458.16,378.1721
16473.17,378.0705
16488.18,379.1307
16503.19,380.1744
16518.2,381.3303
16533.2,381.8899
16548.21,381.7172
16563.22,381.6393
16578.23,381.7714
16593.23,382.1398
16608.24,383.7342
16623.25,386.4549
16638.26,387.8234
16653.27,388.5603
16668.27,390.3292
16683.28,389.0451
16698.29,389.4018
16713.3,392.334
16728.3,391.3087
16743.31,388.4392
16758.32,386.0935
16773.33,386.7676
16788.34,387.2761
16803.34,386.6625
16818.35,386.7111
16833.36,388.706
16848.37,391.4696
16863.38,394.4615
16878.38,397.0581
16893.39,397.6903
16908.4,397.9232
16923.41,398.7563
16938.41,399.3278
16953.42,399.2834
16968.43,398.6374
16983.44,397.2861
16998.45,397.233
17013.45,397.4333
17028.46,396.5484
17043.47,395.8873
17058.48,396.9905
17073.48,399.7145
17088.49,401.5341
17103.5,402.0984
17118.51,402.7639
17133.52,404.441
17148.52,405.4149
17163.53,406.6991
17178.54,408.8525
17193.54,408.7575
17208.55,407.4488
17223.56,408.1636
17238.57,407.308
17253.58,403.9937
17268.58,403.5346
17283.59,406.1451
17298.6,406.4736
17313.61,406.3929
17328.62,409.2795
17343.62,413.0098
17358.63,415.6459
17373.64,416.7899
17388.65,419.0825
17403.65,420.6796
17418.66,422.2017
17433.67,424.5088
17448.68,423.6442
17463.69,421.9164
17478.69,420.0671
17493.7,417.9352
17508.71,415.2715
17523.72,413.8518
17538.72,413.5363
17553.73,414.6424
17568.74,416.7249
17583.75,419.0314
17598.76,421.1995
17613.76,423.8326
17628.77,425.3825
17643.78,424.5401
17658.79,423.9516
17673.79,424.9601
17688.8,424.3825
17703.81,424.4801
17718.82,427.4113
17733.83,430.019
17748.83,430.4296
17763.84,429.887
17778.85,428.5048
17793.86,426.0648
17808.87,426.2891
17823.87,427.3859
17838.88,428.7741
17853.89,430.0362
17868.9,431.3364
17883.9,434.772
17898.91,438.0398
17913.92,440.7237
17928.93,444.3317
17943.94,448.7637
17958.94,451.1221
17973.95,451.2755
17988.96,450.4692
18003.96,448.0931
18018.97,448.0053
18033.98,448.4367
18048.99,446.1775
18064,444.4745
18079,445.7508
18094.01,448.112
18109.02,451.359
18124.03,455.3544
18139.04,458.0053
18154.04,460.2468
18169.05,460.9654
18184.06,460.1847
18199.07,458.5531
18214.07,456.9534
18229.08,456.3162
18244.09,455.4776
18259.1,457.283
18274.11,463.4336
18289.11,467.4859
18304.12,469.3079
18319.13,471.695
18334.14,474.6938
18349.14,476.5909
18364.15,477.9436
18379.16,478.9608
18394.17,481.0156
18409.18,483.5154
18424.18,483.9864
18439.19,486.0397
18454.2,487.4356
18469.21,488.7342
18484.21,488.3734
18499.22,487.0163
18514.23,488.2415
18529.24,490.4653
18544.25,495.0884
18559.25,498.0493
18574.26,499.9763
18589.27,501.4633
18604.28,503.5306
18619.29,507.6223
18634.29,511.6508
18649.3,514.512
18664.31,517.2643
18679.32,522.8801
18694.32,545.9813
18700,528.6413
18720,512.3158
18740,508.9525
18760,506.552
18780,505.7104
18800,506.038
18820,506.1097
18840,505.9532
18860,507.2891
18880,507.7816
18900,505.2637
18920,504.4184
18940,505.9674
18960,506.6692
18980,506.7309
19000,507.1069
19020,507.636
19040,508.2247
19060,508.5434
19080,508.2842
19100,508.132
19120,507.7758
19140,509.0188
19160,510.7513
19180,510.9641
19200,510.4921
19220,511.0909
19240,511.3969
19260,509.1723
19280,507.9688
19300,510.3299
19320,511.7807
19340,511.1988
19360,509.792
19380,507.0653
19400,506.3218
19420,506.766
19440,507.1402
19460,507.4948
19480,509.0469
19500,510.8022
19520,509.5465
19540,507.7211
19560,508.6844
19580,510.1239
19600,509.9411
19620,509.8606
19640,511.0545
19660,511.8479
19680,511.3199
19700,511.1596
19720,511.9198
19740,511.9473
19760,510.5054
19780,509.8529
19800,509.7735
19820,510.0575
19840,511.6695
19860,512.0944
19880,510.5518
19900,510.9824
19920,513.1329
19940,514.8157
19960,515.8414
19980,517.7571
20000,520.8928
20020,522.4044
20040,522.3619
20060,523.2116
20080,525.1609
20100,525.241
20120,523.3031
20140,521.1615
20160,521.8553
20180,523.0629
20200,523.887
20220,525.3692
20240,527.5205
20260,529.811
20280,532.4051
20300,534.6791
20320,536.915
20340,538.3081
20360,538.7666
20380,538.6953
20400,537.9921
20420,537.522
20440,538.001
20460,537.7142
20480,535.4306
20500,534.9798
20520,537.2021
20540,540.4626
20560,542.0431
20580,542.7169
20600,542.9739
20620,542.8674
20640,542.8746
20660,542.7274
20680,543.2944
20700,544.957
20720,545.3884
20740,544.4546
20760,542.8929
20780,540.7609
20800,537.9501
20820,536.0839
20840,535.8253
20860,536.3063
20880,537.2639
20900,538.0676
20920,539.2905
20940,539.2899
20960,538.0822
20980,537.5933
21000,538.559
21020,538.5611
21040,535.7144
21060,532.0894
21080,531.2486
21100,532.2028
21120,532.0187
21140,530.7436
21160,530.2409
21180,530.7096
21200,530.8239
21220,530.0187
21240,529.0919
21260,529.0068
21280,529.4586
21300,529.8752
21320,530.4952
21340,530.7011
21360,530.4922
21380,530.3893
21400,530.8176
21420,531.2005
21440,529.8549
21460,526.5731
21480,525.1027
21500,525.9364
21520,525.9321
21540,523.7195
21560,521.6377
21580,523.4182
21600,529.0883
21620,529.5084
21640,524.6334
21660,522.0744
21680,523.5455
21700,526.187
21720,526.9669
21740,526.1997
21760,526.822
21780,529.0384
21800,530.5597
21820,530.6858
21840,530.2263
21860,530.1055
21880,530.1102
21900,530.3123
21920,530.7999
21940,531.1305
21960,530.8344
21980,529.9209
22000,529.722
22020,530.0555
22040,530.4658
22060,530.8859
22080,531.3059
22100,531.3898
22120,530.8506
22140,531.1616
22160,532.412
22180,534.0453
22200,535.4821
22220,537.2578
22240,538.0292
22260,537.5962
22280,537.0079
22300,537.5908
22320,539.1333
22340,540.4895
22360,541.7974
22380,542.9938
22400,543.6482
22420,543.7819
22440,544.2674
22460,545.1443
22480,546.1123
22500,546.6815
22520,546.8151
22540,547.3656
22560,548.517
22580,549.7668
22600,549.9253
22620,548.8043
22640,548.6647
22660,550.0099
22680,552.1837
22700,552.9234
22720,552.3258
22740,552.16
22760,553.1777
22780,555.397
22800,556.2883
22820,556.0821
22840,555.3749
22860,554.4069
22880,552.6063
22900,551.9305
22920,552.5499
22940,553.8287
22960,554.3859
22980,554.2264
23000,554.4237
23020,555.6297
23040,558.1737
23060,559.3837
23080,559.3893
23100,558.941
23120,558.7729
23140,558.9461
23160,558.6604
23180,557.4982
23200,554.8477
23220,554.0828
23240,555.1797
23260,557.2594
23280,558.7921
23300,560.4864
23320,561.5919
23340,560.8276
23360,558.2392
23380,556.386
23400,555.6207
23420,555.3105
23440,555.0909
23460,555.0413
23480,554.9949
23500,553.9393
23520,551.4814
23540,549.5693
23560,549.9048
23580,552.0635
23600,554.1125
23620,555.7663
23640,557.9499
23660,559.0532
23680,559.3835
23700,559.4721
23720,558.8877
23740,557.6066
23760,556.05
23780,555.1271
23800,554.5994
23820,554.0411
23840,553.2355
23860,551.935
23880,551.0682
23900,550.9691
23920,551.3578
23940,551.8633
23960,552.4687
23980,553.4529
24000,554.0411
24020,554.3464
24040,554.6801
24060,554.5023
24080,553.7325
24100,552.4716
24120,553.042
24140,555.584
24160,558.9935
24180,559.0286
24200,556.2066
24220,552.4952
24240,550.7903
24260,550.5675
24280,550.482
24300,549.2542
24320,546.6428
24340,544.1914
24360,543.9103
24380,545.381
24400,547.2386
24420,548.4708
24440,549.7606
24460,550.6627
24480,550.3192
24500,548.7997
24520,547.2289
24540,546.5813
24560,546.3986
24580,546.5074
24600,547.0552
24620,548.1968
24640,549.354
24660,549.781
24680,549.8322
24700,549.6816
24720,549.2043
24740,548.4553
24760,547.5105
24780,546.4073
24800,544.9236
24820,543.249
24840,542.7328
24860,543.2443
24880,544.3538
24900,544.3055
24920,543.2604
24940,541.4343
24960,540.9473
24980,541.6825
25000,544.1942
25020,544.2595
25040,542.1736
25060,538.1874
25080,535.3115
25100,533.7056
25120,532.293
25140,531.4835
25160,531.3426
25180,531.8171
25200,532.2749
25220,532.1797
25240,531.6073
25260,530.9519
25280,530.9199
25300,531.3036
25320,531.8896
25340,533.2721
25360,535.5692
25380,540.0805
25400,541.6291
25420,540.3699
25440,536.9315
25460,534.153
25480,532.8612
25500,531.915
25520,531.478
25540,532.2875
25560,534.5802
25580,538.0247
25600,538.1723
25620,535.5004
25640,529.3536
25660,526.7361
25680,527.7629
25700,531.7307
25720,534.8412
25740,535.0873
25760,533.6091
25780,531.3291
25800,529.1044
25820,526.6482
25840,522.8716
25860,520.7167
25880,520.0267
25900,520.282
25920,520.3392
25940,519.576
25960,518.1627
25980,516.4333
26000,515.4291
26020,514.9792
26040,514.813
26060,514.6608
26080,514.4573
26100,514.0038
26120,513.9459
26140,515.1417
26160,517.5878
26180,521.8649
26200,523.4681
26220,522.7056
26240,520.6176
26260,518.187
26280,515.8364
26300,512.8229
26320,508.8832
26340,508.0088
26360,510.0545
26380,515.8806
26400,519.2021
26420,517.5943
26440,512.2163
26460,504.2682
26480,500.688
26500,500.8424
26520,503.9715
26540,505.9299
26560,505.0578
26580,502.1569
26600,497.695
26620,495.6978
26640,495.9692
26660,498.0721
26680,499.8187
26700,499.9325
26720,498.9807
26740,497.0292
26760,496.4464
26780,497.4071
26800,500.5267
26820,502.9883
26840,501.11
26860,495.6722
26880,485.0022
26900,478.0876
26920,476.0297
26940,476.4825
26960,478.5453
26980,479.2354
27000,478.7553
27020,478.1692
27040,477.0537
27060,475.0069
27080,471.9916
27100,466.5754
27120,463.444
27140,462.918
27160,463.6427
27180,465.2393
27200,466.4444
27220,467.2162
27240,467.272
27260,468.266
27280,471.8407
27300,477.981
27320,489.6724
27340,496.797
27360,497.286
27380,493.8869
27400,486.4312
27420,481.9732
27440,480.5951
27460,480.3717
27480,480.536
27500,479.4301
27520,476.8609
27540,471.3268
27560,466.9927
27580,468.1135
27600,473.6884
27620,485.2373
27640,494.7187
27660,499.0575
27680,500.9027
27700,500.9686
27720,500.9954
27740,501.2493
27760,501.3472
27780,501.2992
27800,500.3548
27820,498.3084
27840,494.2176
27860,488.1206
27880,488.9622
27900,497.3393
27920,514.7432
27940,536.2252
27960,540.4932
27980,529.8397
28000,506.1099
28020,478.0832
28040,463.276
28060,458.7339
28080,458.726
28100,461.6154
28120,465.9832
28140,472.4119
28160,485.1856
28180,497.0311
28200,498.3589
28220,491.3071
28240,475.5547
28260,457.9363
28280,445.5884
28300,435.1222
28320,417.2667
28340,402.5952
28360,406.0907
28380,426.1843
28400,465.9604
28420,510.5734
28440,538.3856
28460,553.3602
28480,557.1452
28500,561.2273
28520,582.7231
28540,619.6435
28560,671.1534
28580,730.6869
28600,783.8561
28620,836.6191
28640,904.1523
28660,969.3698
28680,973.6996
28700,943.3349
28720,891.7027
28740,824.3937
28760,788.0161
28780,767.414
28800,749.6215
28820,732.0339
28840,717.4874
28860,704.436
28880,690.9119
28900,672.8834
28920,662.3466
28940,659.1666
28960,660.0157
28980,666.7301
29000,670.8916
29020,669.595
29040,665.5159
29060,659.0618
29080,652.362
29100,647.7369
29120,644.1484
29140,640.2222
29160,636.342
29180,635.5991
29200,637.572
29220,641.7939
29240,651.5287
29260,654.4101
29280,651.0767
29300,644.6755
29320,632.722
29340,623.8707
29360,621.3911
29380,622.5811
29400,627.309
29420,633.1733
29440,634.8836
29460,633.6502
29480,630.9952
29500,626.8458
29520,623.5265
29540,620.778
29560,617.7027
29580,612.8466
29600,609.9003
29620,610.5972
29640,613.9347
29660,620.7988
29680,629.5863
29700,631.6028
29720,628.121
29740,621.3544
29760,607.632
29780,599.7902
29800,599.18
29820,602.2088
29840,609.9553
29860,618.6528
29880,621.8073
29900,621.0746
29920,618.452
29940,613.0751
29960,608.8572
29980,605.7216
30000,602.2697
30020,596.994
30040,592.398
30060,592.3506
30080,596.0172
30100,602.7803
30120,617.7079
30140,623.6566
30160,619.9194
30180,611.1204
30200,594.2095
30220,575.2114
30240,568.02
30260,570.123
30280,577.1386
30300,591.1666
30320,604.1069
30340,614.1183
30360,624.1796
30380,636.5556
30400,651.4802
30420,659.9056
30440,663.0557
30460,664.1191
30480,664.0668
30500,661.9145
30520,656.8212
30540,648.9712
30560,637.8972
30580,618.045
30600,606.5377
30620,604.4244
30640,606.4491
30660,612.636
30680,622.4797
30700,628.7975
30720,632.2682
30740,635.4125
30760,639.7855
30780,643.0166
30800,642.202
30820,638.2473
30840,631.7364
30860,620.2015
30880,610.9432
30900,606.0696
30920,602.9239
30940,600.093
30960,595.0872
30980,594.97
31000,600.2424
31020,609.0916
31040,623.3522
31060,643.9667
31080,653.9079
31100,654.1102
31120,649.6453
31140,638.6837
31160,624.5897
31180,619.6187
31200,622.2271
31220,628.822
31240,641.5875
31260,655.124
31280,661.4834
31300,662.9834
31320,662.3784
31340,660.0316
31360,656.2971
31380,651.2919
31400,644.6588
31420,635.6282
31440,619.837
31460,607.5798
31480,605.3451
31500,609.547
31520,618.3469
31540,635.6222
31560,650.3625
31580,656.8303
31600,658.8084
31620,658.2052
31640,653.4565
31660,650.1617
31680,651.0065
31700,654.3123
31720,659.4318
31740,668.3465
31760,675.4629
31780,677.8292
31800,677.3957
31820,675.0396
31840,669.4487
31860,664.1727
31880,661.6238
31900,660.4799
31920,659.7133
31940,658.639
31960,658.1849
31980,659.4709
32000,662.1496
32020,665.989
32040,671.9246
32060,678.4102
32080,681.9605
32100,683.3489
32120,683.7814
32140,683.3696
32160,682.144
32180,680.8578
32200,679.4042
32220,677.3916
32240,674.3161
32260,668.9208
32280,666.788
32300,667.9286
32320,670.5873
32340,674.7165
32360,681.6792
32380,687.2776
32400,690.783
32420,693.681
32440,696.555
32460,700.5073
32480,703.3502
32500,703.3041
32520,701.1698
32540,697.4333
32560,691.2446
32580,683.4285
32600,678.5354
32620,675.8934
32640,673.8116
32660,671.8395
32680,668.8958
32700,667.8058
32720,668.6834
32740,670.5984
32760,673.5688
32780,678.7142
32800,683.1444
32820,684.7827
32840,684.4987
32860,682.7045
32880,678.0818
32900,670.8736
32920,669.9988
32940,675.2136
32960,683.8349
32980,696.2335
33000,717.6811
33020,732.9382
33040,737.8574
33060,737.3845
33080,732.6699
33100,720.795
33120,705.5547
33140,701.2626
33160,706.2341
33180,715.8029
33200,729.8635
33220,752.6886
33240,771.0697
33260,782.2891
33280,790.7458
33300,797.6901
33320,803.0865
33340,807.5387
33360,813.306
33380,820.1299
33400,827.3259
33420,834.8043
33440,842.449
33460,850.5742
33480,859.3209
33500,868.7686
33520,879.0501
33540,890.7375
33560,904.6161
33580,914.7561
33600,921.7891
33620,927.5359
33640,932.173
33660,935.0504
33680,937.9789
33700,943.3257
33720,950.2852
33740,958.1708
33760,967.1144
33780,978.6906
33800,987.7278
33820,993.4926
33840,997.7112
33860,1000.884
33880,1002.84
33900,1002.727
33920,1005.681
33940,1011.082
33960,1017.611
33980,1025.314
34000,1035.188
34020,1045.991
34040,1051.855
34060,1054.496
34080,1055.779
34100,1056.021
34120,1055.296
34140,1053.836
34160,1051.873
34180,1049.28
34200,1045.894
34220,1041.48
34240,1034.734
34260,1029.383
34280,1026.879
34300,1025.715
34320,1025.129
34340,1024.989
34360,1025.52
34380,1025.576
34400,1024.955
34420,1023.97
34440,1022.698
34460,1021.094
34480,1018.757
34500,1016.951
34520,1015.693
34540,1014.552
34560,1013.374
34580,1012.083
34600,1010.595
34620,1008.906
34640,1006.919
34660,1004.466
34680,1001.304
34700,996.9319
34720,988.2935
34740,985.3445
34760,988.3635
34780,994.4056
34800,1002.941
34820,1014.298
34840,1032.12
34860,1044.012
34880,1048.884
34900,1050.658
34920,1050.441
34940,1048.249
34960,1042.198
34980,1038.599
35000,1038.968
35020,1041.108
35040,1044.075
35060,1047.638
35080,1051.69
35100,1056.17
35120,1061.056
35140,1066.382
35160,1072.068
35180,1078.183
35200,1085.267
35220,1092.352
35240,1097.651
35260,1101.814
35280,1105.395
35300,1108.392
35320,1110.426
35340,1111.501
35360,1115.158
35380,1120.651
35400,1126.942
35420,1133.899
35440,1141.531
35460,1150.282
35480,1158.569
35500,1166.371
35520,1174.249
35540,1182.481
35560,1191.373
35580,1202.519
35600,1211.244
35620,1215.314
35640,1216.615
35660,1215.987
35680,1213.212
35700,1206.561
35720,1197.638
35740,1197.841
35760,1203.924
35780,1212.423
35800,1222.83
35820,1234.882
35840,1248.915
35860,1262.799
35880,1276.661
35900,1291.216
35920,1306.782
35940,1323.741
35960,1343.707
35980,1363.234
36000,1376.755
36020,1387.022
36040,1395.949
36060,1403.908
36080,1411.058
36100,1417.392
36120,1423.392
36140,1429.041
36160,1433.901
36180,1437.815
36200,1440.569
36220,1440.774
36240,1441.448
36260,1448.316
36280,1458.574
36300,1470.386
36320,1483.466
36340,1497.78
36360,1514.096
36380,1529.01
36400,1542.62
36420,1555.956
36440,1569.322
36460,1582.825
36480,1596.536
36500,1610.142
36520,1623.647
36540,1637.164
36560,1650.722
36580,1664.287
36600,1677.743
36620,1690.462
36640,1704.581
36660,1722.009
36680,1741.375
36700,1762.133
36720,1784.397
36740,1808.602
36760,1837.678
36780,1858.359
36800,1871.547
36820,1881.624
36840,1889.748
36860,1896.313
36880,1901.316
36900,1903.234
36920,1910.774
36940,1920.6
36960,1930.992
36980,1941.646
37000,1952.407
37020,1963.07
37040,1973.578
37060,1985.991
37080,1999.234
37100,2012.858
37120,2026.76
37140,2040.901
37160,2054.668
37180,2068.746
37200,2086.007
37220,2104.777
37240,2124.529
37260,2145.277
37280,2167.218
37300,2191.378
37320,2214.147
37340,2227.552
37360,2238.007
37380,2247.369
37400,2256.002
37420,2264.111
37440,2271.796
37460,2279.297
37480,2286.927
37500,2294.27
37520,2301.554
37540,2308.924
37560,2316.59
37580,2325.291
37600,2331.973
37620,2329.332
37640,2324.101
37660,2317.648
37680,2310.195
37700,2301.76
37720,2291.94
37740,2282.243
37760,2281.074
37780,2281.805
37800,2283.217
37820,2285.029
37840,2287.165
37860,2289.936
37880,2293.792
37900,2288.979
37920,2282.264
37940,2274.805
37960,2266.777
37980,2258.211
38000,2249.031
38020,2238.422
38040,2233.973
38060,2231.816
38080,2230.298
38100,2229.175
38120,2228.425
38140,2228.118
38160,2228.646
38180,2225.472
38200,2218.795
38220,2211.37
38240,2203.628
38260,2195.683
38280,2187.625
38300,2179.61
38320,2170.939
38340,2160.003
38360,2148.497
38380,2136.66
38400,2124.516
38420,2112.044
38440,2099.149
38460,2085.196
38480,2076.375
38500,2068.781
38520,2061.513
38540,2054.448
38560,2047.551
38580,2040.846
38600,2034.6
38620,2026.656
38640,2016.231
38660,2005.19
38680,1993.791
38700,1982.033
38720,1969.858
38740,1957.079
38760,1942.753
38780,1936.615
38800,1932.123
38820,1928.167
38840,1924.567
38860,1921.302
38880,1918.398
38900,1916.12
38920,1912.488
38940,1906.484
38960,1899.971
38980,1893.26
39000,1886.408
39020,1879.427
39040,1872.327
39060,1865.064
39080,1857.988
39100,1850.91
39120,1843.738
39140,1836.433
39160,1828.906
39180,1821.083
39200,1812.63
39220,1804.514
39240,1802.017
39260,1800.981
39280,1800.629
39300,1800.892
39320,1801.815
39340,1803.599
39360,1807.411
39380,1805.8
39400,1795.498
39420,1782.912
39440,1769.18
39460,1754.431
39480,1738.593
39500,1721.328
39520,1700.546
39540,1690.243
39560,1687.483
39580,1686.872
39600,1687.351
39620,1688.696
39640,1690.844
39660,1693.862
39680,1698.605
39700,1698.772
39720,1697.117
39740,1695.047
39760,1692.826
39780,1690.541
39800,1688.247
39820,1686.006
39840,1683.998
39860,1681.087
39880,1677.928
39900,1674.718
39920,1671.516
39940,1668.373
39960,1665.361
39980,1662.613
40000,1660.932
40020,1654.638
40040,1646.997
40060,1638.798
40080,1630.151
40100,1621.092
40120,1611.612
40140,1601.651
40160,1590.87
40180,1581.631
40200,1572.642
40220,1563.448
40240,1553.914
40260,1543.905
40280,1533.211
40300,1521.452
40320,1506.47
40340,1500.547
40360,1499.144
40380,1499.293
40400,1500.365
40420,1502.163
40440,1504.586
40460,1507.57
40480,1511.097
40500,1515.112
40520,1519.615
40540,1524.649
40560,1530.271
40580,1536.571
40600,1543.708
40620,1551.998
40640,1563.011
40660,1569.962
40680,1568.035
40700,1563.044
40720,1556.617
40740,1549.01
40760,1540.243
40780,1530.13
40800,1517.74
40820,1503.938
40840,1502.262
40860,1504.912
40880,1509.286
40900,1515.019
40920,1522.031
40940,1530.418
40960,1540.551
40980,1554.982
41000,1559.185
41020,1557.159
41040,1553.059
41060,1547.822
41080,1541.695
41100,1534.769
41120,1527.029
41140,1518.058
41160,1509.477
41180,1503.59
41200,1498.416
41220,1493.306
41240,1488.122
41260,1482.754
41280,1477.086
41300,1470.931
41320,1463.3
41340,1459.269
41360,1457.123
41380,1455.606
41400,1454.424
41420,1453.469
41440,1452.655
41460,1451.896
41480,1450.97
41500,1450.394
41520,1451.525
41540,1453.442
41560,1455.805
41580,1458.566
41600,1461.714
41620,1465.279
41640,1469.33
41660,1474.298
41680,1478.269
41700,1481.115
41720,1483.717
41740,1486.377
41760,1489.212
41780,1492.345
41800,1495.951
41820,1500.402
41840,1507.803
41860,1506.95
41880,1502.302
41900,1496.158
41920,1488.917
41940,1480.689
41960,1471.459
41980,1461.083
42000,1448.932
42020,1435.008
42040,1428.228
42060,1424.087
42080,1420.672
42100,1417.639
42120,1414.794
42140,1411.962
42160,1409.039
42180,1405.529
42200,1402.198
42220,1402.206
42240,1403.698
42260,1405.841
42280,1408.46
42300,1411.446
42320,1414.691
42340,1418.045
42360,1420.919
42380,1424.786
42400,1432.983
42420,1443.541
42440,1455.649
42460,1469.271
42480,1484.551
42500,1501.923
42520,1522.014
42540,1547.767
42560,1571.139
42580,1573.477
42600,1567.665
42620,1558.551
42640,1547.018
42660,1533.451
42680,1517.973
42700,1500.479
42720,1480.078
42740,1458.238
42760,1443.844
42780,1431.752
42800,1419.811
42820,1407.581
42840,1394.744
42860,1380.877
42880,1365.375
42900,1346.785
42920,1321.524
42940,1315.022
42960,1317.791
42980,1324.225
43000,1333.506
43020,1345.334
43040,1359.671
43060,1376.723
43080,1397.105
43100,1424.938
43120,1441.919
43140,1450.598
43160,1456.56
43180,1461.304
43200,1465.27
43220,1468.737
43240,1471.918
43260,1475.048
43280,1478.944
43300,1481.071
43320,1479.411
43340,1475.838
43360,1471.078
43380,1465.204
43400,1458.158
43420,1449.744
43440,1439.553
43460,1426.361
43480,1407.426
43500,1404.51
43520,1409.486
43540,1417.508
43560,1427.855
43580,1440.258
43600,1454.661
43620,1471.207
43640,1490.354
43660,1514.865
43680,1534.193
43700,1544.277
43720,1550.735
43740,1555.724
43760,1559.706
43780,1562.916
43800,1565.46
43820,1567.406
43840,1568.719
43860,1568.546
43880,1571.842
