1,13801.29,1405.081
1.5,13917.45,1338.258
2,13883.68,1382.756
2.5,13806.67,1458.3
3,13715.31,1543.396
3.5,13619.18,1629.023
4,13523.48,1712.954
4.5,13429.29,1794.286
5,13337.14,1872.658
5.5,13247.49,1947.546
6,13160.44,2019.806
6.5,13075.51,2088.934
7,12993.01,2155.394
7.5,12912.68,2219.277
8,12834.47,2280.666
8.5,12758.33,2340.247
9,12683.8,2397.529
9.5,12610.98,2452.998
10,12539.84,2506.608
10.5,12470.26,2558.484
11,12402.01,2609.143
11.5,12334.9,2657.968
12,12269.31,2705.433
12.5,12204.79,2751.696
13,12141.4,2796.611
13.5,12079.11,2840.333
14,12017.86,2883.002
14.5,11957.45,2924.578
15,11898.06,2965.024
15.5,11839.58,3004.678
16,11781.69,3043.218
16.5,11724.84,3080.872
17,11668.74,3117.716
17.5,11613.37,3153.7
18,11558.67,3189.022
18.5,11504.56,3223.485
19,11451.12,3257.127
19.5,11398.37,3290.083
20,11346.25,3322.491
20.5,11294.64,3354.156
21,11243.53,3385.185
21.5,11193.02,3415.502
22,11143.13,3445.337
22.5,11093.64,3474.704
23,11044.52,3503.369
23.5,10996.02,3531.457
24,10947.85,3559.066
24.5,10900.18,3586.271
25,10852.85,3612.869
25.5,10805.95,3638.959
26,10759.46,3664.6
26.5,10713.32,3689.802
27,10667.56,3714.603
27.5,10622.08,3738.906
28,10576.98,3762.889
28.5,10532.15,3786.466
29,10487.44,3809.651
29.5,10443.14,3832.248
30,10399.23,3854.722
30.5,10355.28,3876.791
31,10311.71,3898.332
31.5,10268.26,3919.69
32,10225.07,3940.661
32.5,10181.91,3961.372
33,10138.9,3981.766
33.5,10095.94,4001.796
34,10053.01,4021.536
34.5,10010.05,4041.062
35,9967.028,4060.306
35.5,9923.73,4079.372
36,9880.203,4098.04
36.5,9836.337,4116.61
37,9791.875,4135.053
37.5,9746.598,4153.239
38,9700.202,4171.398
38.5,9652.139,4189.535
39,9601.626,4207.766
39.5,9547.103,4226.356
40,9442.771,4252.127
42,9295.388,4041.689
44,9342.195,4073.806
46,9394.632,4195.506
48,9036.951,4743.146
50,8345.163,4438.938
52,8376.964,3557.862
54,9213.016,3248.657
56,9996.605,4152.759
58,9624.464,5281.517
60,8801.12,5514.078
62,8325.898,5352.663
64,8078.74,5263.953
66,7875.241,5199.604
68,7756.619,5109.976
70,7612.958,5164.678
72,7410.168,5119.952
74,7253.764,5012.089
76,7227.812,4858.223
78,7302.885,4850.098
80,7267.148,5021.516
82,7100.148,5097.983
84,6949.73,5075.669
86,6881.755,5024.879
88,6896.426,5038.236
90,6827.099,5218.057
92,6595.389,5328.21
94,6401.715,5252.423
96,6362.637,5180.42
98,6303.298,5289.641
100,6081.973,5392.87
102,5851.195,5313.278
104,5746.518,5176.997
106,5732.214,5121.696
108,5655.507,5190.742
110,5446.663,5218.578
112,5262.377,5074.674
114,5219.196,4883.609
116,5292.753,4771.572
118,5396.612,4803.914
120,5388.749,4983.664
122,5139.231,5145.433
124,4898.033,5018.545
126,4851.552,4836.334
128,4871.298,4794.72
130,4817.428,4824.117
132,4731.46,4791.035
134,4696.511,4728.958
136,4686.436,4720.829
138,4637.118,4751.97
140,4627.258,4767.292
141,4513.802,4886.206
142,4408.359,4803.895
143,4369.931,4761.947
144,4341.925,4739.586
145,4309.531,4732.409
146,4264.085,4731.106
147,4203.694,4724.525
148,4132.98,4702.38
149,4062.838,4658.261
150,4005.755,4593.956
151,3971.554,4518.205
152,3961.869,4443.928
153,3974.071,4381.242
154,3998.51,4340.01
155,4023.563,4321.269
156,4037.568,4321.556
157,4033.361,4329.585
158,4012.539,4332.134
159,3984.495,4320.478
160,3961.749,4293.802
161,3954.096,4259.865
162,3964.807,4231.526
163,3984.23,4222.527
164,3998.344,4233.298
165,3997.274,4255.884
166,3978.925,4278.153
167,3951.979,4290.244
168,3926.231,4294.836
169,3903.63,4300.552
170,3877.539,4313.536
171,3835.974,4331.134
172,3774.795,4337.453
173,3706.445,4316.292
174,3654.669,4266.933
175,3631.783,4209.6
176,3632.308,4163.998
177,3642.362,4138.956
178,3647.91,4132.924
179,3640.195,4136.945
180,3618.589,4139.655
181,3588.995,4133.562
182,3558.311,4117.341
183,3532.464,4093.094
184,3513.218,4065.918
185,3498.037,4038.911
186,3486.297,4009.984
187,3481.183,3978.22
188,3486.105,3946.558
189,3502.878,3920.17
190,3530.417,3906.042
191,3562.646,3911.697
192,3587.558,3940.912
193,3591.201,3988.396
194,3565.06,4039.436
195,3511.924,4075.626
196,3448.75,4084.071
197,3392.469,4069.61
198,3349.52,4044.229
199,3317.66,4016.968
200,3291.888,3990.787
201,3270.127,3963.718
202,3254.863,3934.558
203,3249.281,3906.703
204,3252.615,3887.213
205,3255.857,3881.981
206,3249.494,3886.454
207,3231.165,3890.628
208,3206.491,3887.083
209,3182.033,3875.785
210,3161.155,3860.099
211,3144.029,3843.276
212,3129.306,3826.954
213,3115.619,3811.012
214,3102.788,3794.351
215,3091.992,3776.367
216,3084.236,3757.695
217,3081.191,3739.147
218,3083.223,3723.771
219,3088.268,3714.108
220,3094.263,3710.615
221,3099.226,3713.601
222,3101.521,3722.665
223,3099.361,3737.882
224,3089.339,3758.946
225,3067.307,3782.569
226,3032.092,3802.041
227,2986.413,3810.663
228,2938.57,3803.662
229,2896.084,3784.092
230,2862.367,3757.04
231,2838.203,3727.09
232,2823.193,3698.016
233,2815.774,3673.295
234,2812.812,3656.085
235,2809.347,3647.578
236,2800.115,3645.894
237,2781.275,3645.592
238,2755.382,3638.636
239,2730.61,3622.091
240,2712.726,3600.919
241,2701.739,3581.894
242,2692.435,3569.332
243,2678.598,3561.675
244,2657.87,3552.827
245,2633.64,3536.796
246,2612.836,3512.159
247,2601.548,3483.329
248,2600.912,3458.64
249,2603.61,3445.559
250,2600.651,3442.826
251,2586.442,3443.744
252,2561.671,3439.666
253,2531.946,3424.999
254,2504.486,3399.105
255,2484.473,3365.614
256,2473.685,3329.691
257,2470.921,3295.924
258,2472.162,3266.877
259,2474.681,3240.985
260,2478.418,3216.274
261,2484.704,3192.292
262,2494.704,3170.321
263,2507.571,3152.734
264,2520.83,3140.608
265,2531.875,3132.827
266,2539.984,3126.689
267,2546.558,3120.011
268,2553.847,3112.453
269,2564.151,3105.36
270,2577.841,3102.077
271,2592.133,3105.609
272,2603.602,3115.817
273,2609.256,3130.959
274,2608.81,3147.664
275,2603.083,3164.663
276,2592.166,3181.564
277,2575.653,3197.452
278,2553.257,3210.898
279,2524.77,3219.842
280,2491.636,3220.981
281,2458.886,3211.993
282,2431.121,3195.407
283,2409.199,3175.473
284,2392.3,3154.482
285,2378.763,3133.602
286,2367.77,3112.157
287,2360.126,3089.447
288,2357.338,3066.039
289,2360.689,3043.802
290,2370.704,3025.779
291,2385.271,3016.157
292,2399.567,3017.529
293,2405.849,3029.039
294,2401.18,3043.056
295,2386.91,3053.64
296,2368.398,3056.866
297,2350.258,3054.263
298,2334.112,3049.031
299,2318.639,3043.675
300,2300.889,3038.033
301,2280.122,3028.368
302,2260.422,3011.151
303,2247.968,2987.858
304,2245.359,2965.02
305,2248.897,2949.176
306,2252.692,2941.741
307,2251.734,2940.303
308,2244.181,2939.886
309,2231.875,2936.019
310,2218.82,2926.909
311,2208.705,2914.074
312,2202.375,2900.93
313,2198.792,2889.796
314,2195.923,2881.877
315,2190.869,2877.013
316,2182.338,2872.366
317,2171.417,2865.35
318,2160.688,2855.02
319,2152.435,2842.659
320,2147.2,2830.873
321,2143.263,2822.001
322,2137.425,2816.302
323,2127.757,2811.297
324,2113.857,2803.751
325,2099.784,2790.444
326,2088.798,2773.327
327,2082.103,2755.057
328,2079.062,2738.257
329,2077.382,2724.477
330,2075.09,2712.966
331,2071.406,2702.397
332,2066.313,2691.675
333,2060.417,2679.874
334,2054.437,2666.776
335,2049.138,2652.533
336,2044.173,2637.712
337,2040.112,2621.582
338,2037.693,2604.639
339,2037.128,2587.678
340,2038.119,2571.477
341,2040.04,2556.467
342,2042.032,2542.742
343,2043.121,2529.806
344,2043.076,2516.361
345,2042.288,2501.291
346,2042.335,2483.748
347,2043.856,2464.443
348,2047.996,2443.242
349,2055.33,2421.387
350,2065.656,2399.706
351,2078.447,2378.568
352,2093.175,2357.509
353,2110.225,2335.344
354,2131.302,2310.987
355,2158.912,2284.217
356,2197.568,2255.465
357,2253.119,2229.025
358,2328.219,2214.741
359,2421.031,2224.102
360,2522.172,2270.432
361,2613.217,2362.301
362,2668.861,2496.825
363,2666.275,2653.311
364,2599.693,2797.381
365,2486.846,2898.211
366,2357.822,2944.436
367,2238.795,2943.506
368,2144.327,2912.405
369,2074.438,2868.568
370,2025.065,2820.034
371,1993.237,2771.553
372,1975.098,2727.18
373,1967.339,2688.427
374,1967.915,2656.128
375,1975.588,2631.663
376,1989.133,2617.726
377,2004.581,2619.008
378,2011.554,2639.128
379,1992.631,2672.128
380,1943.153,2693.676
381,1880.656,2683.184
382,1830.623,2640.885
383,1808.168,2583.95
384,1812.325,2532.491
385,1831.562,2499.077
386,1851.604,2486.014
387,1861.166,2486.792
388,1856.868,2489.878
389,1843.89,2485.738
390,1831.924,2472.51
391,1824.784,2456.45
392,1821.447,2441.844
393,1818.318,2430.481
394,1812.9,2420.351
395,1805.105,2408.668
396,1796.784,2393.464
397,1790.713,2374.481
398,1789.157,2353.353
399,1793.207,2332.791
400,1802.049,2315.972
401,1812.581,2305.131
402,1821.797,2299.666
403,1827.665,2298.04
404,1829.034,2298.099
405,1825.905,2297.408
406,1819.617,2293.875
407,1812.202,2286.511
408,1805.556,2275.5
409,1801.32,2261.571
410,1800.91,2246.125
411,1804.555,2231.465
412,1811.278,2219.443
413,1819.496,2211.184
414,1827.079,2206.947
415,1832.167,2205.686
416,1833.78,2205.527
417,1832.113,2204.477
418,1828.325,2200.894
419,1824.319,2193.984
420,1822.081,2184.169
421,1823.25,2172.784
422,1828.261,2162.171
423,1836.158,2154.42
424,1844.697,2150.734
425,1851.785,2150.381
426,1856.158,2151.741
427,1858.25,2152.682
428,1859.699,2152.176
429,1862.283,2150.807
430,1867.005,2150.239
431,1873.245,2152.798
432,1879.27,2160.034
433,1881.065,2172.741
434,1876.008,2187.484
435,1863.771,2200.825
436,1845.354,2209.837
437,1823.254,2211.875
438,1800.998,2206.064
439,1782.06,2193.425
440,1768.95,2176.496
441,1762.381,2158.892
442,1759.968,2143.869
443,1759.487,2131.246
444,1760.068,2120.248
445,1762.074,2110.447
446,1765.705,2102.847
447,1769.416,2098.863
448,1770.731,2098.062
449,1768.153,2098.059
450,1762.535,2095.864
451,1756.782,2090.118
452,1753.534,2082.285
453,1753.248,2075.583
454,1752.233,2072.471
455,1746.941,2069.962
456,1738.787,2062.427
457,1734.336,2047.428
458,1740.588,2029.257
459,1759.224,2017.656
460,1783.928,2022.507
461,1801.492,2047.946
462,1796.982,2087.202
463,1763.634,2122.297
464,1709.695,2133.553
465,1658.094,2112.523
466,1626.64,2072.138
467,1614.894,2030.808
468,1614.599,1995.717
469,1619.569,1966.197
470,1628.746,1939.504
471,1643.951,1915.766
472,1665.56,1898.834
473,1689.647,1893.263
474,1709.055,1900.07
475,1716.788,1914.756
476,1710.312,1928.29
477,1694.859,1931.78
478,1678.705,1923.355
479,1668.687,1906.136
480,1667.365,1886.439
481,1672.907,1869.684
482,1681.147,1858.352
483,1687.918,1851.378
484,1691.617,1845.131
485,1694.466,1836.034
486,1700.636,1824.16
487,1712.523,1813.391
488,1727.876,1808.674
489,1741.832,1811.094
490,1750.706,1817.785
491,1754.157,1824.487
492,1754.65,1828.459
493,1755.194,1829.922
494,1756.987,1831.161
495,1758.714,1834.167
496,1758.123,1838.658
497,1754.213,1842.058
498,1750.063,1841.509
499,1748.798,1839.267
500,1750.188,1839.035
501,1751.171,1842.863
502,1748.605,1849.497
503,1741.194,1856.079
504,1729.814,1859.686
505,1716.885,1858.802
506,1704.824,1854.05
507,1694.322,1847.141
508,1685.131,1838.918
509,1676.655,1829.495
510,1669.543,1817.944
511,1665.471,1804.765
512,1664.863,1792.27
513,1666.021,1782.362
514,1666.483,1774.89
515,1664.909,1767.647
516,1662.567,1758.012
517,1662.983,1745.504
518,1668.385,1733.845
519,1675.229,1727.973
520,1676.917,1726.604
521,1672.218,1721.64
522,1668.146,1707.173
523,1673.627,1686.039
524,1692.406,1667.505
525,1720.407,1661.547
526,1747.482,1673.192
527,1762.301,1699.03
528,1758.891,1728.434
529,1739.189,1749.945
530,1712.554,1756.22
531,1688.006,1749.239
532,1670.02,1734.015
533,1659.469,1715.283
534,1655.387,1696.301
535,1655.978,1679.003
536,1659.499,1663.855
537,1665.062,1650.512
538,1672.539,1638.897
539,1681.708,1629.549
540,1691.91,1623.087
541,1701.95,1619.849
542,1710.546,1619.323
543,1717.142,1620.296
544,1722.136,1621.836
545,1725.742,1624.136
546,1727.314,1627.24
547,1725.923,1630.325
548,1721.274,1631.46
549,1714.812,1628.272
550,1709.959,1619.585
551,1710.917,1607.188
552,1718.84,1596.571
553,1730.359,1592.298
554,1740.548,1594.684
555,1746.202,1600.932
556,1746.715,1607.449
557,1743.557,1611.676
558,1738.927,1612.652
559,1734.755,1610.889
560,1731.921,1607.775
561,1730.075,1604.52
562,1728.781,1601.287
563,1727.593,1598.288
564,1726.179,1595.229
565,1724.558,1591.804
566,1722.817,1587.871
567,1721.095,1583.213
568,1719.709,1577.735
569,1719.019,1571.411
570,1719.567,1564.439
571,1721.858,1557.466
572,1725.832,1551.68
573,1730.421,1548.234
574,1733.629,1547.246
575,1734.157,1546.981
576,1732.096,1545.57
577,1728.433,1541.613
578,1724.794,1534.431
579,1722.758,1524.373
580,1723.424,1512.51
581,1727.145,1500.158
582,1733.434,1488.599
583,1741.238,1478.276
584,1749.717,1468.637
585,1759.209,1458.545
586,1771.038,1447.715
587,1786.424,1437.127
588,1805.824,1428.415
589,1828.807,1423.25
590,1854.362,1422.873
591,1881.234,1428.114
592,1907.999,1439.492
593,1933.169,1457.165
594,1955.214,1481.186
595,1971.531,1511.638
596,1979.442,1546.204
597,1977.492,1581.491
598,1966.535,1613.122
599,1949.66,1638.302
600,1930.724,1656.582
601,1912.407,1669.947
602,1894.845,1681.071
603,1876.449,1690.879
604,1856.265,1698.041
605,1835.133,1700.8
606,1816.191,1698.491
607,1800.537,1694.437
608,1787.088,1690.296
609,1774.141,1686.433
610,1760.657,1681.596
611,1747.45,1674.005
612,1736.667,1663.414
613,1729.939,1651.579
614,1727.23,1641.018
615,1726.525,1633.778
616,1725.039,1629.649
617,1721.505,1626.277
618,1717.057,1621.607
619,1712.868,1615.882
620,1709.619,1609.349
621,1707.496,1602.613
622,1706.558,1595.922
623,1707.083,1589.557
624,1709.135,1584.369
625,1712.025,1581.326
626,1714.366,1580.712
627,1714.894,1581.719
628,1713.595,1582.796
629,1710.947,1583.423
630,1707.481,1583.202
631,1703.698,1582.076
632,1700.178,1580.116
633,1697.413,1577.846
634,1695.418,1576.191
635,1693.352,1576.058
636,1689.352,1577.604
637,1682.03,1578.945
638,1671.738,1577.417
639,1661.205,1571.028
640,1653.413,1560.745
641,1649.85,1549.003
642,1650.104,1538.391
643,1652.676,1530.398
644,1655.798,1525.411
645,1657.97,1522.989
646,1658.229,1522.161
647,1656.052,1521.921
648,1650.966,1521.269
649,1639.555,1518.207
650,1633.177,1502.09
651,1635.401,1487.792
652,1643.653,1477.661
653,1648.573,1477.145
654,1648.793,1474.47
655,1648.442,1469.565
656,1648.235,1463.557
657,1649.925,1455.543
658,1653.751,1448.283
659,1659.684,1441.785
660,1666.936,1437.938
661,1674.035,1436.817
662,1679.862,1438.105
663,1682.915,1441.181
664,1683.411,1443.691
665,1681.002,1445.47
666,1677.836,1443.435
667,1674.773,1439.622
668,1673.937,1432.192
669,1676.88,1424.333
670,1682.549,1417.845
671,1692.289,1412.574
672,1701.867,1414.093
673,1711.582,1416.577
674,1717.81,1426.031
675,1719.323,1434.742
676,1717.274,1443.64
677,1710.778,1450.814
678,1703.556,1452.871
679,1695.73,1453.794
680,1689.29,1450.398
681,1684.432,1446.843
682,1681.206,1441.765
683,1679.543,1436.988
684,1679.182,1432.218
685,1679.967,1428.139
686,1681.67,1424.901
687,1683.817,1423.043
688,1685.615,1422.613
689,1686.508,1423.232
690,1685.701,1424.576
691,1683.515,1425.204
692,1679.896,1425.198
693,1676.185,1423.016
694,1673.031,1419.914
695,1671.185,1415.641
696,1671.297,1411.378
697,1672.186,1408.37
698,1674.273,1405.937
699,1675.291,1405.284
700,1668.592,1402.816
715.01,1685.069,1354.521
730.02,1699.969,1353.978
745.02,1693.592,1344.261
760.03,1717.957,1314.647
775.04,1712.635,1356.167
790.05,1679.829,1340.413
805.05,1672.869,1310.753
820.06,1679.582,1297.73
835.07,1679.209,1298.671
850.08,1671.86,1296.579
865.09,1659.574,1295.246
880.09,1641.806,1287.553
895.1,1639.448,1267.376
910.11,1624.137,1275.324
925.12,1617.871,1247.393
940.12,1611.468,1252.337
950,1603.513,1241.384
960,1599.726,1236.545
970,1594.591,1231.462
980,1589.326,1226.395
990,1584.031,1221.364
1000,1578.749,1216.376
1010,1573.475,1211.433
1020,1568.218,1206.535
1030,1562.992,1201.683
1040,1557.801,1196.881
1050,1552.633,1192.125
1060,1547.508,1187.414
1070,1542.418,1182.754
1080,1537.37,1178.141
1090,1532.354,1173.574
1100,1527.377,1169.053
1110,1522.434,1164.579
1120,1517.538,1160.153
1130,1512.676,1155.771
1140,1507.858,1151.435
1150,1503.081,1147.145
1160,1498.329,1142.897
1170,1493.626,1138.696
1180,1488.97,1134.539
1190,1484.342,1130.427
1200,1479.75,1126.354
1210,1475.197,1122.325
1220,1470.688,1118.341
1230,1466.206,1114.396
1240,1461.77,1110.495
1250,1457.359,1106.632
1260,1452.987,1102.809
1270,1448.649,1099.028
1280,1444.354,1095.287
1290,1440.079,1091.583
1300,1435.843,1087.92
1310,1431.639,1084.294
1320,1427.462,1080.704
1330,1423.318,1077.153
1340,1419.203,1073.638
1350,1415.111,1070.157
1360,1411.056,1066.715
1370,1407.024,1063.307
1380,1403.011,1059.933
1390,1399.027,1056.594
1400,1395.065,1053.287
1410,1391.119,1050.014
1420,1387.186,1046.769
1430,1383.264,1043.557
1440,1379.348,1040.373
1450,1375.411,1037.212
1460,1371.425,1034.069
1470,1367.077,1030.882
1480.4,1362.768,1026.586
1495.41,1359.602,1020.109
1510.42,1354.604,1018.886
1525.43,1346.868,1014.28
1540.44,1343.285,1006.464
1555.44,1339.457,1005.12
1570.45,1333.246,1001.539
1585.46,1327.279,996.9919
1600.47,1324.807,991.2835
1615.47,1320.085,992.6995
1630.48,1311.598,990.5906
1645.49,1301.961,986.5367
1660.5,1296.353,977.8743
1675.51,1290.442,975.1243
1690.51,1284.106,967.8255
1705.52,1280.845,961.3384
1720.53,1276.612,958.0066
1735.54,1271.897,952.3395
1750.54,1270.841,946.6745
1765.55,1266.259,948.2337
1780.56,1257.879,943.9441
1795.57,1253.92,935.9499
1810.57,1250.469,933.1437
1825.58,1246.847,927.8813
1840.59,1244.69,924.5828
1855.6,1239.814,923.8289
1870.61,1234.75,919.0999
1885.61,1231.85,915.827
1900.62,1223.933,915.9318
1915.63,1219.698,905.6132
1930.64,1218.166,903.6337
1945.65,1214.896,900.4971
1960.65,1212.668,898.3475
1975.66,1205.523,900.2729
1990.67,1195.838,894.1693
2005.68,1194.135,883.4431
2020.68,1193.768,882.5006
2035.69,1189.415,880.7068
2050.7,1184.922,876.736
2065.71,1182.493,872.4356
2080.72,1179.68,871.2565
2095.72,1173.316,869.9176
2110.73,1169.759,862.9097
2125.74,1167.599,861.3389
2140.75,1162.003,859.5015
2155.75,1158.777,853.0016
2170.76,1157.362,850.8431
2185.77,1153.502,849.8699
2200.78,1149.238,846.7625
2215.78,1144.463,844.4023
2230.79,1140.465,839.5791
2245.8,1138.043,835.8853
2260.81,1135.73,833.4918
2275.82,1130.736,832.2789
2290.82,1128.427,825.8621
2305.83,1127.695,825.5515
2320.84,1120.723,826.8296
2335.85,1117.173,818.7249
2350.85,1113.591,819.0471
2365.86,1110.136,813.0515
2380.87,1107.443,811.3693
2395.88,1105.126,807.385
2410.89,1102.311,806.6178
2425.89,1097.539,804.2083
2440.9,1095.75,799.3334
2455.91,1091.08,800.2632
2470.92,1089.352,793.0061
2485.93,1085.122,795.8242
2500.93,1081.179,788.5776
2515.94,1079.74,787.0558
2530.95,1077.624,785.04
2545.96,1071.617,785.6293
2560.96,1068.225,777.937
2575.97,1067.417,776.418
2590.98,1064.383,775.2051
2605.99,1060.085,773.1591
2621,1057.221,769.0329
2636,1054.273,767.2712
2651.01,1052.393,763.5297
2666.02,1049.157,763.6792
2681.03,1044.534,760.4317
2696.03,1041.927,756.315
2711.04,1039.919,753.9968
2726.05,1037.211,751.9016
2741.06,1034.989,749.2621
2756.06,1032.37,748.2064
2771.07,1028.664,746.6272
2786.08,1024.903,744.3029
2801.09,1020.348,742.035
2816.1,1017.342,737.1833
2831.1,1013.683,735.0428
2846.11,1012.089,728.5379
2861.12,1013.551,726.4136
2876.13,1010.088,728.9664
2891.14,1005.253,724.7969
2906.14,1003.297,720.9257
2921.15,1002.165,718.6417
2936.16,998.8892,717.7794
2951.17,998.1166,712.8543
2966.17,996.6566,714.4978
2981.18,992.3845,713.3504
2996.19,986.6202,711.2427
3011.2,987.1196,703.4329
3026.21,982.3798,708.1741
3041.21,982.4982,696.6391
3056.22,982.127,702.8342
3071.23,977.1349,699.4446
3086.24,975.8477,696.9317
3101.24,971.8237,698.2639
3116.25,966.7997,694.4002
3131.26,964.3223,690.2905
3146.27,963.4588,687.4518
3161.27,960.6838,687.3908
3176.28,957.1116,684.3329
3191.29,954.3133,681.2974
3206.3,955.02,677.1984
3221.31,950.4974,681.1551
3236.31,948.3491,673.433
3251.32,945.4759,676.2814
3266.33,941.3402,670.8482
3281.34,942.1495,667.7778
3296.34,936.7908,671.7557
3311.35,930.9106,664.1307
3326.36,933.6584,657.9189
3341.37,932.0118,663.2044
3356.38,923.691,661.043
3371.38,924.3157,651.5125
3386.39,919.0788,657.6556
3401.4,914.8285,645.5163
3416.41,917.2572,642.4766
3431.42,917.8844,642.1335
3446.42,910.5967,644.3132
3461.43,910.7798,630.9545
3476.44,914.1237,633.9871
3491.45,909.9631,634.6729
3506.45,907.3067,629.5428
3521.46,908.8937,626.6494
3536.47,904.769,629.8754
3551.48,903.9078,621.4199
3566.49,902.9875,623.9677
3581.49,904.3292,618.3459
3596.5,899.9551,626.0078
3611.51,895.2369,617.6939
3626.52,894.0699,616.6342
3641.52,892.2617,612.6372
3656.53,891.8743,609.6212
3671.54,893.8586,606.7845
3686.55,891.5811,610.1213
3701.55,892.1826,604.3068
3716.56,890.0582,610.2971
3731.57,887.3212,605.4852
3746.58,885.9805,607.4504
3761.59,880.1031,607.2958
3776.59,878.5747,600.5107
3791.6,878.874,601.0215
3806.61,875.9516,601.0421
3821.62,872.0711,598.9016
3836.63,872.2022,593.9287
3851.63,873.4175,595.6799
3866.64,866.0218,599.7836
3881.65,862.7838,589.7714
3896.66,864.1752,589.0295
3911.66,865.6859,587.9758
3926.67,859.6072,594.4213
3941.68,853.1171,586.1751
3956.69,856.002,579.7273
3971.7,857.3538,582.941
3986.7,853.4441,583.6087
4001.71,851.2705,579.9102
4016.72,853.9348,578.4734
4031.73,847.6375,586.7222
4046.73,842.6456,577.8924
4061.74,843.1442,577.6747
4076.75,838.5409,579.1735
4091.76,834.4013,574.1687
4106.77,833.3856,570.5261
4121.77,835.2935,567.7598
4136.78,832.3152,572.3484
4151.79,827.7495,568.0786
4166.8,827.1481,564.9363
4181.8,827.7354,564.3565
4196.81,822.8182,567.5303
4211.82,820.1578,560.6654
4226.83,822.5139,560.2841
4241.83,815.976,565.9037
4256.84,815.3834,555.8593
4271.85,811.5576,563.6975
4286.86,807.6038,555.1127
4301.87,805.6132,556.2543
4316.87,803.5309,551.4462
4331.88,803.0602,550.8856
4346.89,800.979,550.949
4361.9,793.793,551.6151
4376.9,791.6982,541.2602
4391.91,793.6279,539.691
4406.92,794.226,538.0861
4421.93,794.6801,538.4079
4436.94,791.2531,540.5544
4451.94,789.4653,536.547
4466.95,787.6356,537.8129
4481.96,786.5944,535.0295
4496.97,784.3053,537.5624
4511.98,780.0997,536.175
4526.98,777.0244,534.2948
4541.99,774.4037,532.4985
4557,771.9453,530.7344
4572.01,769.5873,528.9906
4587.01,767.2938,527.2608
4602.02,765.0522,525.543
4617.03,762.8501,523.8344
4632.04,760.6768,522.1327
4647.04,758.5294,520.4385
4662.05,756.4046,518.7503
4677.06,754.2974,517.0675
4692.07,752.2084,515.3902
4707.08,750.1352,513.7181
4722.08,748.0753,512.0505
4737.09,746.0255,510.3871
4752.1,743.9861,508.7281
4767.11,741.9607,507.0731
4782.12,739.9429,505.4224
4797.12,737.9316,503.7751
4812.13,735.9321,502.1316
4827.14,733.9401,500.4922
4842.15,731.9505,498.8555
4857.15,729.9724,497.2231
4872.16,727.9978,495.5935
4887.17,726.0354,493.9683
4902.18,724.0746,492.3457
4917.19,722.1206,490.7265
4932.19,720.1735,489.1111
4947.2,718.235,487.4994
4962.21,716.3088,485.8922
4977.22,714.3951,484.2896
4992.22,712.5124,482.6948
5007.23,710.64,481.173
5022.24,708.6946,479.6998
5037.25,706.7368,478.1551
5052.25,704.7812,476.6479
5067.26,702.7977,475.1383
5082.27,700.7916,473.6125
5097.28,698.7836,472.0538
5112.29,696.8156,470.4724
5127.29,694.8708,468.9266
5142.3,692.9158,467.4258
5157.31,690.9097,465.9503
5172.32,688.8566,464.4546
5187.33,686.7759,462.9149
5202.33,684.7026,461.3327
5217.34,682.6675,459.7291
5232.35,680.6263,458.1666
5247.36,678.5524,456.5847
5262.36,676.4676,454.9703
5277.37,674.4097,453.3127
5292.38,672.3671,451.6753
5307.39,670.3158,450.028
5322.4,668.2586,448.3564
5337.4,666.251,446.6373
5352.41,664.2822,444.9644
5367.42,662.3096,443.3273
5382.43,660.3066,441.7121
5397.43,658.2628,440.0798
5412.44,656.2299,438.3953
5427.45,654.2215,436.7167
5442.46,652.2177,435.0562
5457.46,650.1876,433.4126
5472.47,648.1279,431.7427
5487.48,646.0672,430.0348
5502.49,644.0293,428.3034
5517.5,641.9833,426.5951
5532.5,639.925,424.8392
5547.51,637.8949,423.0532
5562.52,635.9077,421.2567
5577.53,633.9332,419.4984
5592.54,631.9489,417.7451
5607.54,629.9561,415.9798
5622.55,627.9797,414.2061
5637.56,626.0055,412.437
5652.57,624.0284,410.6851
5667.57,622.0217,408.9318
5682.58,619.9836,407.1532
5697.59,617.9865,405.2853
5712.6,616.0491,403.4657
5727.6,614.0884,401.692
5742.61,612.0533,399.9181
5757.62,610.0513,398.0149
5772.63,608.0903,396.1697
5787.64,606.1173,394.3043
5802.64,604.1568,392.4081
5817.65,602.2795,390.4946
5832.66,600.3777,388.7135
5847.67,598.4011,386.8856
5862.67,596.4239,384.9912
5877.68,594.5427,383.0602
5892.69,592.6136,381.2889
5907.7,590.5989,379.4062
5922.71,588.6638,377.4382
5937.71,586.7441,375.5575
5952.72,584.7902,373.6452
5967.73,582.8409,371.702
5982.74,580.9138,369.7369
5997.75,579.0104,367.7718
6012.75,577.1083,365.8183
6027.76,575.1969,363.8477
6042.77,573.2946,361.8591
6057.78,571.4071,359.8553
6072.78,569.5378,357.8365
6087.79,567.6945,355.8149
6102.8,565.8717,353.7958
6117.81,564.0741,351.7929
6132.81,562.2713,349.8213
6147.82,560.4484,347.8513
6162.83,558.616,345.8776
6177.84,556.7638,343.8915
6192.85,554.9285,341.8633
6207.85,553.1184,339.8508
6222.86,551.298,337.8509
6237.87,549.4691,335.8361
6252.88,547.6273,333.8212
6267.88,545.7769,331.7614
6282.89,543.9608,329.6703
6297.9,542.1697,327.5941
6312.91,540.3806,325.5145
6327.92,538.5968,323.4371
6342.92,536.8025,321.3494
6357.93,535.0266,319.2235
6372.94,533.2863,317.0998
6387.95,531.5558,314.9957
6402.96,529.8114,312.8958
6417.96,528.0848,310.7593
6432.97,526.3806,308.6439
6447.98,524.6769,306.534
6462.99,522.974,304.4265
6477.99,521.2753,302.3174
6493,519.5659,300.225
6508.01,517.8395,298.1126
6523.02,516.1141,295.9807
6538.02,514.3771,293.8412
6553.03,512.6482,291.6436
6568.04,510.9594,289.4298
6583.05,509.3032,287.21
6598.06,507.6824,284.9994
6613.06,506.0814,282.8145
6628.07,504.4768,280.66
6643.08,502.8368,278.5127
6658.09,501.2104,276.3229
6673.1,499.5769,274.1725
6688.1,497.9158,271.9777
6703.11,496.2761,269.7435
6718.12,494.6656,267.5031
6733.13,493.0594,265.2633
6748.13,491.4786,262.9863
6763.14,489.963,260.704
6778.15,488.4619,258.5022
6793.16,486.9242,256.3094
6808.17,485.3718,254.093
6823.17,483.8323,251.8564
6838.18,482.3026,249.6162
6853.19,480.7946,247.3667
6868.2,479.3138,245.1242
6883.2,477.8535,242.9057
6898.21,476.3625,240.7462
6913.22,474.8051,238.5715
6928.23,473.2232,236.3271
6943.23,471.6643,234.0142
6958.24,470.1839,231.648
6973.25,468.7867,229.3192
6988.26,467.4123,227.0651
7003.27,466.0018,224.8596
7018.27,464.5575,222.6357
7033.28,463.1047,220.4029
7048.29,461.6479,218.1491
7063.3,460.2002,215.876
7078.31,458.7626,213.5889
7093.31,457.3501,211.2846
7108.32,455.9732,208.9767
7123.33,454.6395,206.6891
7138.34,453.2978,204.4716
7153.34,451.9283,202.2499
7168.35,450.5406,200.0412
7183.36,449.1193,197.837
7198.37,447.6182,195.6094
7213.38,446.1575,193.2006
7228.38,444.8294,190.7999
7243.39,443.5893,188.4615
7258.4,442.3335,186.2566
7273.41,440.982,184.0773
7288.41,439.5708,181.8297
7303.42,438.1754,179.5176
7318.43,436.8222,177.1727
7333.44,435.5189,174.8176
7348.44,434.2809,172.473
7363.45,433.1179,170.1957
7378.46,431.8867,168.1159
7393.47,430.4825,165.9979
7408.48,429.0238,163.7524
7423.48,427.6182,161.4261
7438.49,426.1873,159.1478
7453.5,424.7671,156.6807
7468.51,423.4838,154.1982
7483.52,422.2981,151.7375
7498.52,421.2145,149.3329
7513.53,420.1949,147.0737
7528.54,419.1243,144.9969
7543.55,417.8819,143.0477
7558.55,416.3254,141.1005
7573.56,414.689,138.6989
7588.57,413.2729,136.2066
7603.58,412.0106,133.7281
7618.58,410.763,131.3932
7633.59,409.549,128.9467
7648.6,408.4297,126.6695
7663.61,407.2054,124.5395
7678.62,405.7398,122.4282
7693.62,404.2114,119.9547
7708.63,402.9014,117.403
7723.64,401.7907,114.935
7738.65,400.5337,112.8556
7753.65,398.9631,110.4915
7768.66,397.4827,107.792
7783.67,396.3613,104.9276
7798.68,395.6698,102.2936
7813.69,394.9412,100.3498
7828.69,393.7086,98.56371
7843.7,391.9841,96.62509
7858.71,390.1783,93.97018
7873.72,388.8505,91.06769
7888.73,387.893,88.40288
7903.73,387.0131,86.04126
7918.74,385.9851,83.98573
7933.75,384.5349,82.08302
7948.76,382.7436,79.73355
7963.76,381.0793,76.94533
7978.77,379.9152,73.90793
7993.78,379.0054,71.51439
8008.79,377.7769,69.18456
8023.79,376.3801,66.75482
8038.8,375.0528,64.03722
8053.81,373.9259,61.45846
8068.82,372.7738,58.98329
8083.83,371.5392,56.57062
8098.83,370.1903,54.14304
8113.84,368.7338,51.63626
8128.85,367.245,48.9341
8143.86,365.879,46.08428
8158.87,364.6686,43.24992
8173.87,363.5365,40.49488
8188.88,362.3599,37.89178
8203.89,360.9565,35.30187
8218.9,359.466,32.32246
8233.9,358.2214,29.20751
8248.91,357.1796,26.13503
8263.92,356.246,23.18919
8278.93,355.0547,20.58083
8293.93,353.6931,17.0877
8308.94,353.0669,13.64158
8323.95,352.8251,10.57616
8338.96,352.4408,8.32276
8353.97,351.3891,5.96337
8368.97,350.1479,3.2438
8383.98,349.0354,0.23065
8398.99,348.1729,-2.78472
8414,347.3142,-5.54367
8429,346.2172,-8.4746
8444.01,345.1496,-11.69036
8459.02,344.4265,-15.27118
8474.03,344.255,-18.52219
8489.04,344.155,-21.33665
8504.04,343.8437,-23.80975
8519.05,343.1892,-26.26219
8534.06,342.3065,-28.88605
8549.07,341.4178,-31.89281
8564.07,340.9283,-35.10959
8579.08,340.7803,-37.79977
8594.09,340.3275,-40.27354
8609.1,339.6393,-42.83209
8624.11,338.8895,-45.54669
8639.11,338.2084,-48.42056
8654.12,337.7068,-51.32763
8669.13,337.3335,-54.05999
8684.14,336.8636,-56.63911
8699.14,336.2945,-59.36432
8714.15,335.8082,-61.90077
8729.16,335.0862,-64.49679
8744.17,334.2911,-67.28659
8759.18,333.6594,-70.43928
8774.18,333.4707,-73.32308
8789.19,333.2361,-76.01085
8804.2,332.9658,-78.55398
8819.21,332.5591,-80.88924
8834.21,331.8471,-83.3371
8849.22,331.0707,-85.97688
8864.23,330.337,-88.79842
8879.24,329.771,-91.76781
8894.25,329.4397,-94.58961
8909.25,329.0837,-97.25887
8924.26,328.6281,-99.84172
8939.27,328.0526,-102.515
8954.28,327.5053,-105.2192
8969.28,326.9317,-107.9792
8984.29,326.3829,-110.8159
8999.3,325.9401,-113.7617
9014.31,325.686,-116.4774
9029.32,325.2411,-119.1645
9044.32,324.781,-121.9262
9059.33,324.3588,-124.6303
9074.34,323.8392,-127.4534
9089.35,323.4498,-130.3006
9104.35,323.1013,-133.0969
9119.36,322.7325,-135.837
9134.37,322.3036,-138.6363
9149.38,321.9383,-141.4377
9164.39,321.563,-144.2043
9179.39,321.1283,-146.9725
9194.4,320.6371,-149.8856
9209.41,320.2907,-152.8664
9224.42,320.0532,-155.8212
9239.42,319.882,-158.6345
9254.43,319.5853,-161.4232
9269.44,319.2618,-164.2638
9284.45,318.956,-167.1615
9299.46,318.7154,-170.1025
9314.46,318.5732,-172.911
9329.47,318.2674,-175.7232
9344.48,317.9623,-178.6467
9359.49,317.7529,-181.5439
9374.49,317.4756,-184.483
9389.5,317.2716,-187.4564
9404.51,317.0897,-190.4233
9419.52,316.9084,-193.4459
9434.53,316.8365,-196.4617
9449.53,316.793,-199.4155
9464.54,316.7126,-202.322
9479.55,316.5566,-205.3235
9494.56,316.5267,-208.345
9509.56,316.4945,-211.3565
9524.57,316.5014,-214.3891
9539.58,316.5703,-217.3694
9554.59,316.5768,-220.3468
9569.6,316.5979,-223.3774
9584.6,316.6795,-226.4488
9599.61,316.8575,-229.4548
9614.62,316.9651,-232.4504
9629.63,317.1112,-235.4705
9644.63,317.279,-238.4906
9659.64,317.4585,-241.5394
9674.65,317.7209,-244.5744
9689.66,317.9913,-247.5687
9704.67,318.2538,-250.5452
9719.67,318.4949,-253.5611
9734.68,318.8218,-256.5572
9749.69,319.0915,-259.5362
9764.7,319.3477,-262.5745
9779.7,319.6398,-265.725
9794.71,320.1512,-268.8306
9809.72,320.6124,-271.8423
9824.73,321.054,-274.8687
9839.74,321.5081,-277.9576
9854.74,322.0848,-281.0621
9869.75,322.7383,-284.1003
9884.76,323.4016,-287.0548
9899.77,324.0026,-289.9889
9914.77,324.5847,-292.9941
9929.78,325.2907,-296.0194
9944.79,326.0415,-298.9776
9959.8,326.7501,-301.9374
9974.81,327.5538,-304.9028
9989.81,328.3801,-307.8167
10004.82,329.2093,-310.6997
10019.83,330.0195,-313.6075
10034.84,330.9447,-316.4967
10049.84,331.8435,-319.3167
10064.85,332.7187,-322.1386
10079.86,333.5737,-325.0428
10094.87,334.6259,-327.9561
10109.88,335.7095,-330.751
10124.88,336.7697,-333.468
10139.89,337.7449,-336.2149
10154.9,338.8211,-339.0124
10169.91,339.9531,-341.7647
10184.91,341.1132,-344.4665
10199.92,342.27,-347.1329
10214.93,343.4218,-349.7968
10229.94,344.601,-352.4834
10244.95,345.8558,-355.1779
10259.95,347.2469,-357.7658
10274.96,348.5186,-360.2689
10289.97,349.8352,-362.7881
10304.98,351.1702,-365.2588
10319.98,352.4849,-367.6988
10334.99,353.8034,-370.1429
10350,355.1718,-372.5648
10365.01,356.5393,-374.932
10380.02,357.8423,-377.3097
10395.02,359.2195,-379.7298
10410.03,360.6407,-382.1392
10425.04,362.1275,-384.5404
10440.05,363.7076,-386.8891
10455.05,365.3346,-389.1387
10470.06,366.9631,-391.3031
10485.07,368.5904,-393.3999
10500.08,370.2176,-395.4214
10515.09,371.8041,-397.3805
10530.09,373.3785,-399.2867
10545.1,374.9016,-401.1251
10560.11,376.3246,-402.9433
10575.12,377.6566,-404.8476
10590.12,379.0987,-406.8179
10605.13,380.5788,-408.7291
10620.14,381.9968,-410.6374
10635.15,383.4817,-412.5951
10650.16,385.0389,-414.5293
10665.16,386.6514,-416.4019
10680.17,388.3053,-418.1753
10695.18,389.8911,-419.8623
10710.19,391.4145,-421.5429
10725.19,392.9218,-423.2525
10740.2,394.4673,-424.969
10755.21,395.9948,-426.708
10770.22,397.6638,-428.4637
10785.23,399.4192,-430.1091
10800.23,401.1963,-431.6039
10815.24,402.8574,-433.0122
10830.25,404.513,-434.4249
10845.26,406.2,-435.7931
10860.26,407.9659,-436.9427
10875.27,409.2646,-438.0247
10890.28,410.6142,-439.3532
10905.29,412.0139,-440.7146
10920.3,413.4315,-442.0996
10935.3,414.9399,-443.4695
10950.31,416.4189,-444.7995
10965.32,417.9311,-446.1541
10980.33,419.5543,-447.4509
10995.33,421.1192,-448.6618
11010.34,422.7115,-449.8636
11025.35,424.346,-451.0073
11040.36,426.0434,-451.9462
11055.37,427.2893,-452.8845
11070.37,428.7362,-454.0859
11085.38,430.3185,-455.2218
11100.39,431.9393,-456.2495
11115.4,433.5189,-457.2482
11130.4,435.2906,-458.1715
11145.41,437.0651,-458.814
11160.42,438.6464,-459.1866
11175.43,439.7208,-459.6434
11190.44,440.9854,-460.3315
11205.44,442.2187,-460.8791
11220.45,443.1696,-461.4628
11235.46,444.084,-462.3088
11250.47,445.1894,-463.2985
11265.47,446.4377,-464.264
11280.48,447.779,-465.15
11295.49,449.1332,-465.9793
11310.5,450.6195,-466.7133
11325.51,452.0864,-467.2342
11340.51,453.388,-467.6034
11355.52,454.4653,-467.9889
11370.53,455.4655,-468.5122
11385.54,456.5033,-469.1587
11400.54,457.6791,-469.8519
11415.55,459.0375,-470.4245
11430.56,460.3758,-470.778
11445.57,461.6296,-470.9622
11460.58,462.7471,-470.9318
11475.58,463.3442,-470.9085
11490.59,463.7908,-471.2412
11505.6,464.3144,-471.88
11520.61,465.1046,-472.6722
11535.61,466.2354,-473.2853
11550.62,467.1885,-473.6646
11565.63,468.1178,-474.0551
11580.64,469.1661,-474.2147
11595.65,469.5919,-474.3344
11610.65,470.0995,-474.8251
11625.66,470.7039,-475.4165
11640.67,471.3973,-476.0788
11655.68,472.2731,-476.7683
11670.68,473.3657,-477.3054
11685.69,474.4619,-477.5727
11700.7,475.3867,-477.6801
11715.71,476.2366,-477.6957
11730.72,476.8674,-477.6171
11745.72,477.2627,-477.5806
11760.73,477.4168,-477.7914
11775.74,477.795,-478.1962
11790.75,478.11,-478.6167
11805.75,478.4843,-479.1845
11820.76,479.0307,-479.8653
11835.77,479.9742,-480.3257
11850.78,480.5645,-480.5439
11865.79,481.1849,-480.9274
11880.79,482.1366,-481.0857
11895.8,482.6454,-480.9644
11910.81,483.0379,-480.9529
11925.82,483.3389,-480.982
11940.82,483.5573,-481.0757
11955.83,483.7629,-481.2417
11970.84,484.002,-481.411
11985.85,484.1732,-481.5377
12000.86,484.2026,-481.7326
12015.86,484.2723,-482.0312
12030.87,484.3177,-482.3932
12045.88,484.4545,-482.826
12060.89,484.7511,-483.095
12075.89,484.596,-483.3998
12090.9,484.7343,-483.9797
12105.91,485.015,-484.4497
12120.92,485.314,-484.779
12135.93,485.5409,-484.9815
12150.93,485.5784,-485.1532
12165.94,485.4835,-485.4315
12180.95,485.3067,-485.9482
12195.96,485.4327,-486.6354
12210.96,485.8018,-487.1687
12225.97,486.1738,-487.4568
12240.98,486.3857,-487.6307
12255.99,486.549,-487.8072
12271,486.7593,-487.8524
12286,486.72,-487.6964
12301.01,486.2348,-487.6721
12316.02,485.7393,-487.9824
12331.03,485.3197,-488.4655
12346.03,485.0035,-489.0412
12361.04,484.8093,-489.6254
12376.05,484.6846,-490.0815
12391.06,484.2498,-490.5846
12406.07,483.937,-491.4021
12421.07,484.0255,-492.1634
12436.08,483.9697,-492.7352
12451.09,483.9347,-493.3654
12466.1,483.9957,-493.9875
12481.1,484.1884,-494.4476
12496.11,484.2084,-494.7163
12511.12,484.0056,-495.0523
12526.13,483.8659,-495.5512
12541.14,483.9542,-495.914
12556.14,483.7434,-496.1096
12571.15,483.4224,-496.4687
12586.16,483.246,-496.9262
12601.17,483.3275,-497.0346
12616.17,482.6281,-496.9648
12631.18,481.8586,-497.2871
12646.19,481.0166,-497.8053
12661.2,480.1041,-498.6717
12676.21,479.6174,-499.8062
12691.21,479.4699,-500.7899
12706.22,479.3229,-501.5214
12721.23,478.9846,-502.2657
12736.24,478.8891,-503.013
12751.24,478.5683,-503.6765
12766.25,478.3401,-504.5064
12781.26,478.3976,-505.2151
12796.27,478.3102,-505.6602
12811.28,478.0309,-506.1049
12826.28,477.7568,-506.6154
12841.29,477.5722,-506.9385
12856.3,476.7688,-507.3234
12871.31,476.2386,-508.1082
12886.31,475.8528,-508.8456
12901.32,475.4972,-509.4688
12916.33,474.8871,-510.2101
12931.34,474.7318,-511.0457
12946.35,474.5455,-511.5252
12961.35,474.0269,-511.9271
12976.36,473.4489,-512.4476
12991.37,472.76,-513.0444
13006.38,472.0475,-513.7791
13021.38,471.3711,-514.6511
13036.39,470.8789,-515.5511
13051.4,470.381,-516.3586
13066.41,469.8341,-517.156
13081.42,469.2265,-518.0308
13096.42,468.7424,-518.9591
13111.43,468.2443,-519.86
13126.44,467.7911,-520.7907
13141.45,467.423,-521.6881
13156.45,467.1016,-522.444
13171.46,466.5787,-523.1073
13186.47,465.9581,-523.8519
13201.48,465.3058,-524.6797
13216.49,464.6529,-525.5594
13231.49,463.9471,-526.5163
13246.5,463.3061,-527.6024
13261.51,462.8121,-528.7498
13276.52,462.5836,-529.6985
13291.52,461.9933,-530.4318
13306.53,461.2711,-531.36
13321.54,460.5843,-532.5003
13336.55,460.2391,-533.6015
13351.56,459.6525,-534.5407
13366.56,459.1142,-535.616
13381.57,458.7661,-536.5197
13396.58,457.8234,-537.4186
13411.59,457.1532,-538.7446
13426.59,456.6724,-540.0569
13441.6,456.3151,-541.3044
13456.61,456.0906,-542.3757
13471.62,455.6454,-543.2652
13486.63,455.0341,-544.2216
13501.63,454.3104,-545.3581
13516.64,453.7417,-546.6788
13531.65,453.3459,-547.9828
13546.66,452.9894,-549.1938
13561.66,452.6034,-550.3813
13576.67,452.2972,-551.5599
13591.68,451.9801,-552.6616
13606.69,451.6302,-553.7223
13621.7,451.234,-554.7701
13636.7,450.7741,-555.8612
13651.71,450.38,-557.0219
13666.72,450.0902,-558.149
13681.73,449.8904,-559.0712
13696.73,449.2644,-559.9221
13711.74,448.7604,-561.0121
13726.75,448.3081,-562.0435
13741.76,447.8297,-562.9713
13756.77,447.0896,-563.9236
13771.77,446.4286,-565.0355
13786.78,445.7233,-566.1349
13801.79,444.8961,-567.3366
13816.8,444.1165,-568.7377
13831.8,443.468,-570.2789
13846.81,443.0829,-571.8578
13861.82,442.9916,-573.1438
13876.83,442.3944,-574.2147
13891.83,441.9399,-575.532
13906.84,441.5125,-576.752
13921.85,441.0067,-577.9054
13936.86,440.3389,-579.1119
13951.87,439.7353,-580.4264
13966.87,439.0665,-581.7294
13981.88,438.263,-583.1768
13996.89,437.5895,-584.8645
14011.9,437.1493,-586.5992
14026.91,436.7849,-588.2592
14041.91,436.4209,-589.9509
14056.92,436.2401,-591.7667
14071.93,436.5708,-593.3834
14086.94,436.7521,-594.4108
14101.94,436.4008,-595.2996
14116.95,435.8228,-596.5195
14131.96,435.593,-597.8646
14146.97,435.1487,-598.9363
14161.98,434.2068,-600.3164
14176.98,433.8476,-602.2072
14191.99,433.823,-603.8281
14207,433.7338,-605.1598
14222.01,433.4209,-606.5302
14237.01,433.5573,-607.878
14252.02,433.2802,-608.7966
14267.03,432.7372,-609.8652
14282.04,432.0777,-611.1722
14297.04,431.6918,-612.5533
14312.05,430.9619,-613.8314
14327.06,430.2308,-615.4583
14342.07,429.7219,-617.2564
14357.08,429.3195,-619.091
14372.08,429.1471,-620.9794
14387.09,429.2567,-622.7388
14402.1,429.5927,-624.0198
14417.11,428.9832,-625.0427
14432.12,428.558,-626.7016
14447.12,428.3742,-628.3587
14462.13,428.3512,-629.7913
14477.14,427.8391,-631.1301
14492.15,427.602,-632.7661
14507.15,427.2498,-634.2191
14522.16,426.5524,-635.9078
14537.17,426.1786,-638.1409
14552.18,426.5458,-640.3387
14567.19,427.0325,-641.9614
14582.19,427.2634,-643.2682
14597.2,427.1891,-644.6248
14612.21,427.192,-646.1763
14627.22,427.3069,-647.6964
14642.22,427.5021,-649.045
14657.23,427.3723,-650.2656
14672.24,427.2239,-651.6633
14687.25,426.9927,-653.0943
14702.25,426.625,-654.702
14717.26,426.3051,-656.6948
14732.27,426.5866,-658.9277
14747.28,427.2171,-660.8979
14762.29,428.0617,-662.6236
14777.29,429.3563,-663.8489
14792.3,430.0356,-664.2925
14807.31,430.1141,-664.7745
14822.32,429.7634,-665.7057
14837.33,430.3363,-666.7781
14852.33,430.0197,-667.0155
14867.34,429.0698,-667.7866
14882.35,427.8647,-669.4326
14897.36,427.8252,-671.7079
14912.36,428.0202,-673.4109
14927.37,428.1408,-674.9786
14942.38,428.1822,-676.7602
14957.39,429.1274,-678.6226
14972.4,430.0786,-679.6712
14987.4,430.7942,-680.3401
15002.41,431.2013,-680.7845
15017.42,431.2722,-681.152
15032.43,431.0846,-681.5231
15047.43,430.4837,-681.9545
15062.44,429.4407,-682.8389
15077.45,428.7656,-684.3748
15092.46,428.7042,-685.8345
15107.46,428.4321,-686.8386
15122.47,427.6278,-688.1494
15137.48,427.7001,-690.002
15152.49,428.2205,-691.0873
15167.5,428.0479,-691.3973
15182.5,426.6888,-692.0219
15197.51,425.2845,-693.9241
15212.52,425.1904,-696.3364
15227.53,425.2553,-698.0015
15242.54,424.8844,-699.6777
15257.54,425.0762,-701.8218
15272.55,425.8044,-703.6263
15287.56,426.6523,-704.8568
15302.57,427.3629,-705.5681
15317.57,427.4644,-705.9764
15332.58,427.2867,-706.5779
15347.59,427.0335,-707.2448
15362.6,426.6856,-707.7391
15377.6,425.3531,-708.3198
15392.61,424.3315,-709.7971
15407.62,423.3549,-711.356
15422.63,422.2936,-713.3741
15437.64,422.1917,-715.8678
15452.64,422.5977,-717.7858
15467.65,422.8385,-719.196
15482.66,422.7137,-720.6816
15497.67,423.3187,-722.3207
15512.67,423.7579,-723.137
15527.68,423.6935,-723.6458
15542.69,422.9655,-724.1573
15557.7,421.217,-725.4377
15572.71,420.8355,-727.8987
15587.71,420.4358,-729.6827
15602.72,419.458,-732.1851
15617.73,421.2421,-735.2981
15632.74,422.0179,-736.1734
15647.75,422.3412,-737.6368
15662.75,423.0456,-739.6432
15677.76,425.7963,-741.1448
15692.77,427.5138,-740.3254
15707.78,428.3389,-739.3306
15722.78,428.7386,-738.3359
15737.79,429.776,-736.9686
15752.8,431.7504,-733.0202
15767.81,431.4014,-723.4717
15782.81,422.2222,-706.3072
15797.82,364.5294,-707.0797
15812.83,369.419,-764.8199
15827.84,396.8219,-780.4608
15842.85,409.8376,-774.6028
15857.85,413.393,-771.4985
15872.86,416.4329,-771.6393
15887.87,419.3635,-771.066
15902.88,421.5017,-769.441
15917.88,421.1288,-767.2769
15932.89,419.3755,-766.5309
15947.9,416.6265,-767.2648
15962.91,413.5406,-770.5678
15977.92,415.1963,-775.6107
15992.92,416.8056,-777.2574
16007.93,417.748,-778.5381
16022.94,418.2075,-779.7919
16037.95,418.0627,-781.6639
16052.96,420.3009,-784.0674
16067.96,422.0305,-783.8508
16082.97,421.5338,-783.153
16097.98,419.5999,-784.2966
16112.99,420.1204,-787.1904
16127.99,421.0026,-788.3521
16143,420.9221,-789.0789
16158.01,420.4706,-790.5779
16173.02,421.0855,-792.5551
16188.02,421.94,-793.6075
16203.03,422.409,-794.0143
16218.04,421.8976,-794.2446
16233.05,420.9816,-795.0654
16248.06,419.8402,-796.3256
16263.06,418.598,-798.1897
16278.07,418.0995,-800.4914
16293.08,416.8386,-802.7767
16308.09,416.9038,-806.4825
16323.09,419.0395,-809.1497
16338.1,419.1217,-809.7426
16353.11,418.4941,-812.0073
16368.12,419.1189,-815.4489
16383.13,421.674,-818.3799
16398.13,424.8581,-819.2067
16413.14,426.7989,-818.1006
16428.15,426.7719,-816.441
16443.16,424.6281,-815.5613
16458.16,421.1508,-817.1899
16473.17,421.0881,-821.2301
16488.18,421.8857,-823.0131
16503.19,421.6567,-823.7368
16518.2,418.8751,-825.5001
16533.2,418.7872,-830.5249
16548.21,420.8196,-834.2828
16563.22,423.755,-836.0852
16578.23,424.3409,-836.3033
16593.23,424.6808,-838.2252
16608.24,426.4719,-840.4638
16623.25,429.5704,-840.7731
16638.26,428.7838,-838.9786
16653.27,427.9461,-839.8309
16668.27,426.5182,-840.7846
16683.28,424.3134,-843.4308
16698.29,424.7608,-848.3469
16713.3,428.3419,-851.8009
16728.3,431.1863,-852.0225
16743.31,431.9323,-852.0233
16758.32,434.564,-852.6489
16773.33,434.0917,-850.8573
16788.34,433.1936,-851.5413
16803.34,433.4178,-852.5997
16818.35,432.9716,-852.9392
16833.36,432.5529,-853.9725
16848.37,432.6725,-854.9391
16863.38,432.8857,-854.831
16878.38,429.3835,-854.5432
16893.39,427.4525,-858.4103
16908.4,428.4267,-862.0964
16923.41,431.1772,-862.7753
16938.41,427.5476,-861.0552
16953.42,425.6425,-864.7723
16968.43,423.9956,-867.6808
16983.44,421.1218,-872.1988
16998.45,404.8807,-895.1263
17000,416.8991,-899.0828
17020,433.0448,-882.5051
17040,434.2052,-882.4423
17060,436.499,-883.713
17080,436.9545,-883.4883
17100,436.4142,-885.1132
17120,438.9268,-887.5442
17140,439.2541,-886.961
17160,438.2672,-888.1697
17180,438.5781,-890.685
17200,439.2685,-892.4316
17220,439.759,-893.8525
17240,439.3683,-895.5586
17260,440.6147,-898.197
17280,441.7914,-899.0889
17300,440.7419,-899.9643
17320,441.3127,-902.9572
17340,442.4214,-904.6557
17360,443.2346,-905.5927
17380,442.4121,-906.3307
17400,441.3336,-908.7029
17420,440.8475,-912.3002
17440,443.2894,-916.2269
17460,446.0584,-917.1036
17480,445.7944,-916.7681
17500,445.4666,-918.4999
17520,445.2172,-920.2412
17540,444.0461,-922.5634
17560,444.47,-926.5516
17580,446.1054,-929.7288
17600,447.9613,-931.8678
17620,449.0869,-933.3666
17640,449.5715,-935.3391
17660,450.9776,-937.9761
17680,452.528,-939.8501
17700,453.9313,-941.4746
17720,455.0155,-943.0101
17740,456.0334,-944.7656
17760,457.0311,-946.7041
17780,458.4221,-948.9132
17800,460.2761,-951.0006
17820,462.8291,-952.6097
17840,464.9781,-953.1683
17860,466.7884,-953.4415
17880,467.7448,-953.4214
17900,468.2907,-953.8521
17920,468.4181,-954.7445
17940,469.2167,-956.3884
17960,470.4992,-957.8045
17980,472.6573,-958.6947
18000,473.9565,-958.1954
18020,474.3471,-957.7086
18040,473.5396,-957.6902
18060,472.9503,-959.1215
18080,473.7617,-960.8347
18100,474.4383,-961.4614
18120,474.8578,-961.9711
18140,474.831,-962.329
18160,474.2219,-962.9101
18180,473.0316,-964.3369
18200,473.2354,-966.9008
18220,474.1735,-968.5962
18240,475.1172,-969.4325
18260,475.0144,-969.5989
18280,472.7772,-970.8958
18300,473.5608,-974.9495
18320,475.7943,-976.6172
18340,476.0614,-976.7443
18360,476.0777,-978.2179
18380,476.6798,-979.8276
18400,477.0612,-980.9963
18420,477.2213,-982.3688
18440,477.2824,-984.1243
18460,477.9621,-986.393
18480,479.9533,-988.1813
18500,481.0245,-988.4125
18520,481.3427,-989.0256
18540,481.716,-990.0726
18560,482.1542,-991.1194
18580,482.8439,-992.0488
18600,483.1217,-992.5077
18620,482.7036,-993.1893
18640,482.474,-994.5459
18660,482.3216,-995.9496
18680,482.4025,-997.4592
18700,482.3277,-998.7719
18720,481.4049,-1000.538
18740,481.6135,-1003.791
18760,483.285,-1006.736
18780,485.7527,-1008.586
18800,488.8803,-1008.737
18820,488.4618,-1007.118
18840,487.3528,-1008.62
18860,489.6459,-1010.998
18880,491.1617,-1010.02
18900,490.1667,-1009.09
18920,489.4586,-1010.022
18940,489.3376,-1010.646
18960,487.6265,-1010.865
18980,485.3322,-1013.313
19000,486.4546,-1017.293
19020,488.089,-1018.43
19040,487.7422,-1018.782
19060,487.4147,-1020.657
19080,487.5904,-1022.878
19100,488.8878,-1025.197
19120,491.8077,-1025.978
19140,491.5682,-1024.058
19160,489.0457,-1024.53
19180,488.7687,-1027.521
19200,489.3381,-1029.211
19220,489.8537,-1030.285
19240,489.9214,-1030.932
19260,488.8433,-1031.795
19280,488.2812,-1033.998
19300,489.02,-1035.944
19320,488.8957,-1036.527
19340,487.2427,-1037.907
19360,487.0263,-1041.155
19380,487.8437,-1043.6
19400,488.3976,-1045.289
19420,488.7622,-1047.111
19440,489.4734,-1049.041
19460,490.307,-1050.583
19480,491.0739,-1051.783
19500,491.5999,-1052.587
19520,490.8256,-1053.357
19540,490.1993,-1055.657
19560,491.4195,-1058.186
19580,492.318,-1058.838
19600,491.3876,-1059.434
19620,490.7599,-1061.747
19640,491.3084,-1064.051
19660,491.3866,-1065.31
19680,490.148,-1067.136
19700,490.144,-1070.736
19720,491.62,-1073.678
19740,492.5539,-1075.265
19760,492.5185,-1077.238
19780,493.3589,-1080.281
19800,494.8605,-1082.77
19820,496.1548,-1084.803
19840,497.7451,-1087.054
19860,499.9287,-1089.011
19880,503.1682,-1089.727
19900,503.6841,-1088.196
19920,502.0348,-1088.613
19940,501.8743,-1091.333
19960,502.1801,-1093.463
19980,502.7107,-1095.753
20000,502.6134,-1098.505
20020,505.1215,-1102.801
20040,509.8815,-1104.548
20060,511.8536,-1103.097
20080,512.3702,-1102.965
20100,512.6516,-1103.494
20120,512.4964,-1104.313
20140,511.6188,-1106.117
20160,511.9407,-1109.771
20180,514.54,-1113.552
20200,518.9781,-1115.448
20220,521.7688,-1114.777
20240,523.6205,-1114.517
20260,525.0222,-1114.33
20280,526.1318,-1114.308
20300,527.1777,-1114.445
20320,528.1495,-1114.613
20340,529.2212,-1114.831
20360,530.6204,-1114.685
20380,531.1119,-1113.714
20400,530.205,-1113.339
20420,529.8494,-1114.582
20440,531.0161,-1115.654
20460,531.3696,-1115.146
20480,529.6777,-1115.368
20500,529.417,-1118.107
20520,530.9611,-1120.368
20540,532.9572,-1121.162
20560,533.7242,-1121.104
20580,534.0475,-1122.055
20600,535.892,-1123.647
20620,538.9471,-1123.551
20640,539.9435,-1121.427
20660,540.2513,-1120.036
20680,539.3452,-1118.461
20700,537.2767,-1118.066
20720,536.1924,-1119.292
20740,535.9901,-1120.188
20760,535.5171,-1120.454
20780,534.4386,-1120.884
20800,532.9456,-1122.111
20820,532.406,-1124.343
20840,532.8772,-1126.16
20860,532.8611,-1127.202
20880,532.5796,-1128.877
20900,533.5252,-1131.13
20920,535.5916,-1132.178
20940,536.2509,-1131.615
20960,536.2353,-1131.696
20980,536.0906,-1132.047
21000,535.9007,-1132.477
21020,535.4791,-1132.903
21040,534.5965,-1133.637
21060,533.8726,-1135.226
21080,534.4957,-1137.132
21100,535.8707,-1137.545
21120,534.9152,-1136.49
21140,531.8281,-1137.703
21160,532.0677,-1142.071
21180,535.3009,-1143.942
21200,536.2808,-1142.113
21220,533.7082,-1141.159
21240,531.1683,-1143.798
21260,531.9019,-1147.826
21280,534.1776,-1149.51
21300,534.8041,-1149.334
21320,534.6154,-1150.011
21340,534.6839,-1151.212
21360,534.9601,-1152.279
21380,535.1199,-1153.159
21400,535.0486,-1154.095
21420,534.9226,-1155.298
21440,534.9983,-1156.71
21460,534.9977,-1158.247
21480,535.7482,-1160.269
21500,537.7216,-1161.612
21520,538.8376,-1161.322
21540,538.8423,-1161.256
21560,538.7955,-1162.05
21580,539.6174,-1163.082
21600,541.1727,-1163.026
21620,540.8818,-1161.545
21640,539.418,-1161.295
21660,538.4465,-1162.228
21680,538.0631,-1163.113
21700,537.6821,-1163.606
21720,536.8381,-1164.003
21740,535.5252,-1164.962
21760,535.1564,-1166.734
21780,535.4628,-1167.807
21800,535.338,-1168.057
21820,534.7717,-1168.225
21840,533.8313,-1168.216
21860,531.5499,-1168.113
21880,527.4788,-1169.814
21900,526.319,-1174.667
21920,527.275,-1178.013
21940,528.3312,-1179.671
21960,528.5587,-1180.617
21980,528.5873,-1181.626
22000,527.7151,-1182.306
22020,525.9089,-1183.904
22040,524.9771,-1187.011
22060,525.2466,-1190.06
22080,526.0228,-1192.391
22100,526.6465,-1194.189
22120,527.461,-1195.802
22140,527.7091,-1196.789
22160,527.2136,-1198.067
22180,526.5982,-1200.204
22200,526.8038,-1202.944
22220,527.1907,-1205.51
22240,528.6535,-1208.471
22260,531.3656,-1210.412
22280,533.8534,-1210.34
22300,534.1993,-1209.198
22320,533.3105,-1209.257
22340,532.6677,-1210.382
22360,531.9777,-1211.65
22380,531.4162,-1213.483
22400,531.4749,-1215.633
22420,531.7881,-1217.536
22440,532.3068,-1219.388
22460,533.0043,-1221.08
22480,533.8231,-1222.554
22500,534.6096,-1223.79
22520,535.7457,-1224.688
22540,535.7471,-1224.665
22560,534.5999,-1225.456
22580,533.3808,-1227.832
22600,534.1896,-1231.324
22620,536.6129,-1233.279
22640,537.6996,-1233.134
22660,537.2971,-1233.455
22680,536.2709,-1235.088
22700,536.6669,-1238.005
22720,537.8356,-1240.187
22740,539.1567,-1241.899
22760,540.5657,-1243.343
22780,542.3609,-1244.321
22800,543.1287,-1244.371
22820,543.0093,-1245.145
22840,543.1669,-1247.099
22860,544.8568,-1249.507
22880,547.983,-1250.534
22900,549.7224,-1249.419
22920,550.4505,-1248.593
22940,550.7861,-1247.766
22960,549.8671,-1246.738
22980,547.7507,-1246.873
23000,546.0602,-1248.805
23020,545.4365,-1251.336
23040,544.4545,-1254.204
23060,546.3427,-1258.912
23080,550.8423,-1261.499
23100,556.1705,-1260.406
23120,556.7967,-1255.926
23140,554.6559,-1254.155
23160,552.7712,-1254.846
23180,552.0983,-1256.292
23200,551.7491,-1257.419
23220,551.6332,-1258.659
23240,551.5818,-1259.868
23260,551.576,-1261.309
23280,552.3488,-1263.033
23300,553.8517,-1264.052
23320,555.0591,-1263.929
23340,555.2112,-1263.396
23360,554.8103,-1263.397
23380,554.3903,-1263.817
23400,553.9636,-1264.354
23420,553.4003,-1265.037
23440,552.9243,-1265.997
23460,552.3126,-1267.085
23480,551.7648,-1268.76
23500,552.3338,-1270.918
23520,553.8396,-1272.179
23540,554.9199,-1272.088
23560,554.7411,-1271.649
23580,553.5832,-1272.15
23600,553.3839,-1274.038
23620,554.2795,-1275.622
23640,556.3956,-1276.032
23660,556.4091,-1274.287
23680,555.0738,-1273.702
23700,553.0536,-1274.303
23720,552.3206,-1276.305
23740,552.1978,-1277.718
23760,552.2339,-1278.898
23780,552.2844,-1279.914
23800,552.3716,-1280.894
23820,552.6168,-1281.84
23840,553.153,-1282.614
23860,554.5016,-1282.61
23880,554.2362,-1280.691
23900,551.8527,-1279.191
23920,547.3799,-1279.674
23940,545.1314,-1283.553
23960,544.7416,-1286.823
23980,545.317,-1289.192
24000,545.3724,-1290.492
24020,545.1127,-1292.016
24040,544.6908,-1293.758
24060,544.7241,-1295.876
24080,545.0098,-1297.762
24100,545.426,-1299.578
24120,546.1399,-1301.346
24140,547.176,-1302.818
24160,548.392,-1303.75
24180,549.1537,-1304.112
24200,549.9537,-1304.436
24220,550.4806,-1303.992
24240,549.4634,-1303.052
24260,547.131,-1303.326
24280,544.9288,-1305.559
24300,544.7812,-1308.936
24320,545.9458,-1311.115
24340,547.0222,-1311.896
24360,546.8638,-1312.03
24380,545.8138,-1312.973
24400,545.0739,-1315.107
24420,545.5823,-1317.65
24440,547.0632,-1319.317
24460,548.2377,-1319.635
24480,548.1728,-1319.487
24500,547.214,-1320.131
24520,546.5309,-1321.935
24540,546.9267,-1324.116
24560,548.0795,-1325.616
24580,549.128,-1326.174
24600,549.4757,-1326.325
24620,549.5757,-1326.7
24640,549.4363,-1326.988
24660,548.8661,-1327.326
24680,547.8443,-1328.069
24700,546.861,-1329.566
24720,546.5208,-1331.519
24740,546.3325,-1333.336
24760,546.4661,-1335.555
24780,547.6858,-1337.953
24800,549.9255,-1339.441
24820,552.4339,-1339.282
24840,553.0837,-1337.649
24860,552.8527,-1336.809
24880,552.2751,-1336.163
24900,551.1289,-1335.615
24920,549.4829,-1335.515
24940,547.3004,-1336.119
24960,545.8322,-1337.776
24980,544.6201,-1339.198
25000,543.1121,-1340.876
25020,542.3729,-1343.322
25040,542.0479,-1345.397
25060,541.847,-1347.362
25080,541.8244,-1349.305
25100,541.9431,-1351.146
25120,542.1653,-1352.896
25140,542.485,-1354.55
25160,542.8109,-1356.094
25180,543.0769,-1357.675
25200,543.6028,-1359.465
25220,544.6169,-1361.184
25240,546.1782,-1362.426
25260,547.7953,-1362.701
25280,548.4952,-1362.232
25300,548.8911,-1362.026
25320,549.2725,-1361.398
25340,548.1902,-1360.049
25360,546.0697,-1359.611
25380,542.4761,-1360.445
25400,540.8939,-1364.019
25420,540.4805,-1366.743
25440,540.2515,-1369.306
25460,540.8223,-1372.185
25480,542.308,-1374.632
25500,544.9368,-1376.042
25520,546.9775,-1375.205
25540,546.7244,-1373.475
25560,545.0347,-1372.987
25580,542.6494,-1374.039
25600,541.9686,-1376.839
25620,542.2319,-1378.832
25640,543.1869,-1380.237
25660,543.3438,-1380.5
25680,542.9516,-1381.131
25700,542.2029,-1382.065
25720,541.5989,-1383.547
25740,541.267,-1385.155
25760,540.8896,-1386.8
25780,540.6567,-1388.921
25800,541.3708,-1391.406
25820,542.7248,-1393.311
25840,544.9019,-1394.46
25860,545.9793,-1394.071
25880,546.4849,-1394.165
25900,546.9292,-1394.308
25920,547.1667,-1394.305
25940,547.1797,-1394.325
25960,547.1353,-1394.393
25980,546.995,-1394.311
26000,546.3964,-1394.075
26020,545.4796,-1394.108
26040,544.2305,-1394.421
26060,543.1477,-1395.239
26080,542.1225,-1396.063
26100,540.8902,-1397.057
26120,539.8336,-1398.571
26140,539.3118,-1400.263
26160,539.0375,-1401.669
26180,538.9413,-1402.829
26200,538.4189,-1403.588
26220,537.5765,-1404.609
26240,536.2211,-1406.049
26260,535.5356,-1408.609
26280,535.8888,-1411.164
26300,536.9666,-1413.128
26320,538.5177,-1414.148
26340,538.9664,-1413.978
26360,538.7896,-1414.32
26380,538.2028,-1414.997
26400,537.9933,-1416.355
26420,538.3085,-1417.632
26440,539.115,-1418.507
26460,540.1235,-1418.398
26480,539.485,-1417.149
26500,537.6437,-1416.823
26520,534.0433,-1417.923
26540,532.8115,-1422.64
26560,534.6006,-1426.87
26580,538.7321,-1429.218
26600,544.4239,-1427.762
26620,544.6544,-1421.426
26640,541.5526,-1417.846
26660,535.7315,-1416.502
26680,531.527,-1419.73
26700,530.2194,-1423.548
26720,530.3463,-1426.213
26740,531.5128,-1427.7
26760,531.2129,-1427.282
26780,529.9706,-1427.615
26800,527.9923,-1428.531
26820,526.3699,-1430.827
26840,526.0675,-1433.634
26860,526.5602,-1435.812
26880,527.9799,-1437.265
26900,528.3995,-1437.079
26920,528.0485,-1437.271
26940,527.3463,-1437.738
26960,526.5009,-1438.62
26980,526.0778,-1439.905
27000,525.9164,-1440.984
27020,525.9548,-1441.906
27040,525.966,-1442.523
27060,525.8902,-1443.032
27080,525.8701,-1443.497
27100,526.2351,-1443.66
27120,525.924,-1442.95
27140,525.2379,-1442.513
27160,524.7301,-1441.936
27180,523.9941,-1440.365
27200,521.061,-1437.829
27220,516.4373,-1436.602
27240,509.38,-1437.211
27260,503.9084,-1442.56
27280,502.1774,-1449.031
27300,502.4884,-1453.987
27320,504.6754,-1457.569
27340,505.6228,-1458.244
27360,505.4298,-1459.234
27380,504.8638,-1460.497
27400,504.0667,-1462.034
27420,503.6216,-1463.993
27440,503.4468,-1465.753
27460,503.5642,-1467.299
27480,503.6255,-1468.222
27500,502.8135,-1468.697
27520,501.296,-1469.679
27540,498.4338,-1471.62
27560,496.9717,-1476.599
27580,498.7104,-1482.124
27600,502.7657,-1486.013
27620,510.6058,-1487.177
27640,514.4502,-1480.939
27660,513.5245,-1475.366
27680,510.1347,-1471.618
27700,503.3931,-1470.321
27720,500.5074,-1475.056
27740,500.662,-1477.977
27760,502.6207,-1479.605
27780,507.1239,-1478.065
27800,505.7037,-1470.207
27820,500.0899,-1465.489
27840,491.4739,-1462.984
27860,480.6316,-1465.4
27880,475.6136,-1474.339
27900,474.4179,-1480.631
27920,475.4107,-1485.448
27940,477.1855,-1487.232
27960,476.1375,-1486.284
27980,473.1526,-1486.633
28000,468.419,-1488.124
28020,463.7468,-1492.752
28040,462.0659,-1499.497
28060,462.2845,-1505.016
28080,463.4926,-1509.907
28100,465.5847,-1514.18
28120,468.6153,-1517.8
28140,472.8907,-1520.62
28160,480.4012,-1521.478
28180,486.4886,-1515.723
28200,487.1317,-1507.385
28220,484.9207,-1500.978
28240,482.423,-1494.775
28260,476.8137,-1486.09
28280,465.7133,-1477.658
28300,449.6869,-1472.389
28320,424.0091,-1472.813
28340,402.3607,-1492.362
28360,396.2408,-1519.46
28380,400.7013,-1540.896
28400,415.2621,-1557.07
28420,430.1454,-1558.161
28440,435.4297,-1552.048
28460,435.0458,-1549.151
28480,431.5186,-1548.095
28500,427.3306,-1550.708
28520,425.0051,-1555.39
28540,423.7137,-1559.486
28560,422.734,-1563.405
28580,421.7539,-1567.014
28600,420.3224,-1570.456
28620,418.3271,-1574.197
28640,415.0273,-1578.623
28660,411.2685,-1585.933
28680,411.1762,-1596.603
28700,414.0922,-1605.737
28720,419.0871,-1613.822
28740,426.0816,-1619.797
28760,432.011,-1622.453
28780,437.375,-1625.394
28800,443.559,-1627.876
28820,452.1353,-1628.478
28840,457.1548,-1623.412
28860,459.2829,-1619.956
28880,460.5033,-1617.009
28900,461.9802,-1613.903
28920,460.7619,-1608.505
28940,456.7042,-1604.393
28960,450.2686,-1601.641
28980,438.4434,-1601.874
29000,430.5632,-1612.959
29020,430.1091,-1624.975
29040,434.2749,-1634.558
29060,443.8919,-1641.237
29080,453.4034,-1638.912
29100,456.0125,-1631.736
29120,454.0806,-1627.113
29140,448.9593,-1624.283
29160,441.691,-1625.683
29180,438.3314,-1632.521
29200,437.9361,-1637.743
29220,438.7621,-1642.313
29240,441.2599,-1645.956
29260,442.858,-1646.983
29280,443.6614,-1648.44
29300,444.4638,-1649.896
29320,445.8041,-1651.063
29340,446.4692,-1650.822
29360,446.0073,-1650.515
29380,444.8495,-1650.584
29400,443.061,-1650.99
29420,440.9184,-1652.111
29440,438.9904,-1653.867
29460,437.0683,-1655.613
29480,434.8053,-1657.561
29500,431.8628,-1660.18
29520,429.9517,-1664.488
29540,428.8944,-1668.35
29560,428.0894,-1672.083
29580,427.2566,-1675.829
29600,426.8228,-1680.067
29620,426.9755,-1684.295
29640,427.5272,-1688.329
29660,428.3662,-1692.225
29680,429.5067,-1696.042
29700,431.0905,-1699.783
29720,433.1715,-1703.281
29740,435.8801,-1706.467
29760,440.2336,-1708.817
29780,443.1699,-1707.864
29800,444.4524,-1707.333
29820,445.1711,-1707.146
29840,445.8939,-1707.006
29860,446.1582,-1706.111
29880,445.0465,-1704.777
29900,442.7253,-1704.066
29920,439.2213,-1703.954
29940,432.463,-1705.479
29960,429.3592,-1713.837
29980,429.9585,-1720.399
30000,432.4007,-1726.064
30020,437.8803,-1730.227
30040,443.2925,-1729.019
30060,444.2334,-1724.634
30080,441.9296,-1721.904
30100,437.4589,-1720.267
30120,427.9948,-1721.096
30140,423.4184,-1731.954
30160,424.1128,-1740.572
30180,427.337,-1747.998
30200,434.1746,-1753.693
30220,442.0234,-1753.575
30240,445.0841,-1748.644
30260,444.6411,-1745.466
30280,442.4803,-1743.15
30300,437.8024,-1742.087
30320,433.9958,-1744.969
30340,431.66,-1747.894
30360,429.6559,-1750.646
30380,427.333,-1753.545
30400,424.6009,-1757.489
30420,423.5273,-1763.303
30440,423.9496,-1768.416
30460,425.2896,-1773.105
30480,428.2491,-1777.029
30500,430.8312,-1778.071
30520,431.405,-1778.138
30540,430.5974,-1778.864
30560,428.7197,-1780.094
30580,423.8536,-1782.724
30600,422.3748,-1791.902
30620,424.9897,-1799.646
30640,430.0613,-1806.275
30660,438.8557,-1811.161
30680,450.9182,-1809.788
30700,455.4385,-1798.641
30720,453.4739,-1790.708
30740,448.1582,-1784.449
30760,437.7478,-1780.675
30780,427.1059,-1785.122
30800,421.7896,-1793.979
30820,419.8667,-1801.176
30840,419.286,-1807.698
30860,419.9378,-1813.671
30880,421.0233,-1818.532
30900,422.2669,-1823.085
30920,423.9109,-1827.465
30940,426.1785,-1831.573
30960,429.9368,-1834.965
30980,432.5521,-1835.48
31000,433.994,-1836.533
31020,435.2058,-1837.692
31040,436.5583,-1838.784
31060,438.226,-1839.122
31080,438.3474,-1837.817
31100,436.989,-1837.201
31120,434.6273,-1837.045
31140,430.5983,-1837.648
31160,425.6764,-1840.99
31180,423.2439,-1847.442
31200,422.8574,-1852.975
31220,423.4342,-1858.088
31240,425.2954,-1862.64
31260,427.3925,-1865.278
31280,428.1607,-1866.695
31300,427.9096,-1868.571
31320,426.9976,-1870.739
31340,424.5392,-1873.591
31360,422.6847,-1879.634
31380,423.4162,-1886.845
31400,426.0709,-1893.238
31420,430.1924,-1899.002
31440,437.1245,-1903.531
31460,443.3962,-1903.073
31480,446.8208,-1901.288
31500,448.5848,-1900.106
31520,449.5721,-1899.279
31540,450.0627,-1898.675
31560,449.9986,-1898.117
31580,449.33,-1897.753
31600,448.0666,-1897.662
31620,446.0806,-1897.897
31640,442.3344,-1898.929
31660,439.4828,-1903.439
31680,438.8278,-1908.462
31700,439.4745,-1912.905
31720,441.0287,-1916.953
31740,444.2042,-1920.28
31760,446.9265,-1920.783
31780,448.05,-1920.697
31800,448.3065,-1921
31820,448.0676,-1921.461
31840,447.0706,-1922.192
31860,446.0983,-1924.021
31880,445.7322,-1926.192
31900,445.7714,-1928.18
31920,446.1373,-1930.023
31940,447.4595,-1931.437
31960,448.334,-1930.686
31980,447.1525,-1928.97
32000,444.3487,-1927.981
32020,440.2432,-1927.564
32040,433.6666,-1928.214
32060,426.4146,-1933.192
32080,422.7286,-1941.884
32100,421.8622,-1949.376
32120,422.3927,-1956.297
32140,424.5674,-1962.544
32160,428.0789,-1966.825
32180,430.1643,-1968.285
32200,430.9959,-1970.272
32220,431.5799,-1972.364
32240,432.3043,-1974.399
32260,433.9132,-1975.625
32280,433.1881,-1973.772
32300,429.8758,-1973.01
32320,424.7444,-1972.996
32340,417.2233,-1973.934
32360,402.5831,-1977.633
32380,393.3905,-1996.571
32400,393.0865,-2014.582
32420,397.562,-2030.883
32440,406.1326,-2045.721
32460,421.9991,-2057.8
32480,437.7543,-2057.796
32500,446.615,-2053.13
32520,451.2861,-2050.145
32540,454.1906,-2047.884
32560,455.6735,-2046.218
32580,456.1142,-2045.515
32600,456.463,-2045.88
32620,456.6922,-2046.299
32640,456.5033,-2046.893
32660,455.7403,-2047.732
32680,453.6356,-2049.18
32700,452.4855,-2053.223
32720,452.4214,-2056.806
32740,452.6279,-2060.281
32760,452.9464,-2063.709
32780,453.1313,-2067.196
32800,453.561,-2071.238
32820,454.5219,-2075.407
32840,455.8592,-2079.427
32860,457.4659,-2083.341
32880,459.3881,-2087.129
32900,461.6119,-2090.612
32920,463.743,-2093.63
32940,465.8294,-2096.672
32960,468.055,-2099.656
32980,470.5565,-2102.524
33000,474.078,-2104.956
33020,476.6114,-2105.055
33040,477.5648,-2105.293
33060,477.5466,-2105.95
33080,476.6127,-2107.004
33100,473.856,-2108.838
33120,470.2896,-2113.99
33140,469.989,-2122.809
33160,472.5541,-2130.466
33180,476.7201,-2137.474
33200,482.5939,-2143.763
33220,492.3404,-2148.375
33240,499.6168,-2145.527
33260,503.0349,-2143.095
33280,504.7242,-2141.428
33300,505.2423,-2140.285
33320,504.2932,-2139.803
33340,502.3449,-2141.229
33360,501.7463,-2144.969
33380,502.2107,-2148.234
33400,502.9008,-2151.403
33420,503.5987,-2154.572
33440,503.6983,-2158.011
33460,504.5787,-2163.131
33480,506.814,-2168.314
33500,509.9831,-2173.139
33520,513.936,-2177.617
33540,518.9329,-2181.625
33560,525.442,-2184.259
33580,530.3652,-2183.664
33600,533.8037,-2183.744
33620,536.8312,-2184.008
33640,539.661,-2184.357
33660,542.6053,-2184.646
33680,545.2921,-2184.275
33700,547.1195,-2183.525
33720,548.2772,-2183.093
33740,548.9584,-2182.889
33760,549.1033,-2182.942
33780,548.0312,-2183.579
33800,547.71,-2186.553
33820,548.6739,-2189.568
33840,550.2909,-2192.302
33860,552.3346,-2194.832
33880,554.8488,-2197.136
33900,558.144,-2198.891
33920,560.7341,-2199.109
33940,562.6652,-2199.647
33960,564.4332,-2200.262
33980,566.1345,-2200.907
34000,567.9325,-2201.506
34020,569.749,-2201.727
34040,570.9926,-2201.459
34060,571.7679,-2201.423
34080,572.2819,-2201.518
34100,572.5563,-2201.728
34120,572.5681,-2202.072
34140,572.3735,-2202.644
34160,572.066,-2203.418
34180,571.5797,-2204.285
34200,570.8024,-2205.297
34220,569.5787,-2206.53
34240,567.06,-2208.398
34260,565.3116,-2213.01
34280,565.5319,-2218.19
34300,566.9626,-2222.784
34320,569.1703,-2227.005
34340,572.204,-2230.825
34360,577,-2233.777
34380,580.7995,-2233.434
34400,582.8074,-2232.95
34420,583.9681,-2232.889
34440,584.6545,-2233.065
34460,584.9166,-2233.453
34480,584.4422,-2234.21
34500,584.3275,-2236.205
34520,584.7543,-2238.158
34540,585.3916,-2240.006
34560,586.1577,-2241.789
34580,587.0869,-2243.493
34600,588.5901,-2244.907
34620,589.3449,-2244.99
34640,589.1957,-2245.333
34660,588.5272,-2245.936
34680,587.3779,-2246.779
34700,585.6294,-2247.918
34720,582.4064,-2249.79
34740,580.2844,-2254.54
34760,579.5399,-2259.033
34780,579.2872,-2263.29
34800,579.2423,-2267.443
34820,579.2274,-2271.563
34840,578.6522,-2275.932
34860,578.9799,-2281.879
34880,580.5065,-2287.634
34900,582.7424,-2293.057
34920,585.5523,-2298.21
34940,588.9824,-2303.071
34960,593.5854,-2307.365
34980,597.8384,-2309.668
35000,601.1817,-2311.687
35020,604.1819,-2313.879
35040,607.1403,-2316.09
35060,610.1805,-2318.258
35080,613.6613,-2320.204
35100,616.8644,-2321.115
35120,619.2466,-2321.707
35140,621.1365,-2322.546
35160,622.691,-2323.475
35180,623.9138,-2324.556
35200,624.6509,-2325.885
35220,625.2463,-2327.967
35240,626.3843,-2330.645
35260,627.8846,-2333.141
35280,629.5101,-2335.574
35300,631.22,-2337.966
35320,632.9908,-2340.326
35340,634.8196,-2342.664
35360,636.7192,-2344.986
35380,638.6921,-2347.268
35400,640.7516,-2349.509
35420,642.9263,-2351.689
35440,645.2944,-2353.77
35460,648.36,-2355.481
35480,650.5189,-2355.593
35500,651.635,-2356.022
35520,652.1802,-2356.755
35540,652.2089,-2357.762
35560,651.6016,-2359.106
35580,649.4686,-2361.257
35600,648.0359,-2366.437
35620,648.6954,-2372.428
35640,650.5665,-2377.795
35660,653.0664,-2382.837
35680,656.1004,-2387.61
35700,659.7457,-2392.066
35720,663.8974,-2395.854
35740,667.7683,-2398.792
35760,671.503,-2401.801
35780,675.393,-2404.727
35800,679.5649,-2407.498
35820,684.1296,-2409.964
35840,689.8945,-2411.668
35860,694.1313,-2410.608
35880,696.6603,-2410.019
35900,698.3273,-2409.905
35920,699.2907,-2410.179
35940,699.4385,-2410.91
35960,697.8339,-2412.616
35980,696.1927,-2417.791
36000,697.8589,-2425.549
36020,701.8278,-2432.046
36040,707.0011,-2437.886
36060,713.3009,-2443.103
36080,720.9139,-2447.576
36100,731.5833,-2450.288
36120,739.3967,-2447.09
36140,744.5615,-2444.963
36160,748.7653,-2443.21
36180,752.3849,-2441.744
36200,755.6461,-2440.481
36220,758.8382,-2439.245
36240,761.6625,-2437.493
36260,763.3275,-2435.363
36280,764.0732,-2433.789
36300,764.1038,-2432.651
36320,763.3204,-2432.009
36340,761.4169,-2432.049
36360,756.3431,-2434.004
36380,754.6204,-2442.674
36400,757.0727,-2450.791
36420,761.5997,-2457.682
36440,767.5564,-2463.721
36460,774.9573,-2468.893
36480,784.4594,-2472.737
36500,796.2509,-2472.987
36520,803.563,-2467.316
36540,807.7461,-2463.584
36560,810.8113,-2460.55
36580,813.0589,-2458.029
36600,814.566,-2455.982
36620,814.9884,-2454.635
36640,815.3659,-2455.027
36660,816.9036,-2456.387
36680,819.0428,-2457.353
36700,821.3662,-2458.198
36720,823.802,-2458.964
36740,826.3348,-2459.663
36760,829.079,-2460.214
36780,831.5685,-2460.311
36800,833.7281,-2460.429
36820,835.6288,-2460.606
36840,837.2038,-2460.874
36860,838.4301,-2461.373
36880,839.1843,-2462.183
36900,838.4697,-2463.979
36920,839.9626,-2468.94
36940,843.1432,-2472.86
36960,847.0063,-2476.322
36980,851.3991,-2479.424
37000,856.2868,-2482.188
37020,861.7689,-2484.539
37040,867.9689,-2486.058
37060,873.4308,-2486.185
37080,878.4946,-2486.567
37100,883.6011,-2486.904
37120,888.8701,-2487.109
37140,894.4576,-2487.067
37160,900.5947,-2486.423
37180,907.0156,-2484.314
37200,911.3304,-2480.401
37220,914.32,-2477.439
37240,916.6845,-2474.924
37260,918.4946,-2472.81
37280,919.6934,-2471.145
37300,919.7663,-2470.314
37320,919.5408,-2471.814
37340,922.0911,-2475.559
37360,926.3046,-2478.067
37380,931.2791,-2479.995
37400,936.915,-2481.413
37420,943.2537,-2482.278
37440,950.7576,-2482.222
37460,958.6172,-2479.898
37480,964.1995,-2475.482
37500,968.4565,-2471.894
37520,972.2281,-2468.664
37540,975.6974,-2465.656
37560,978.9338,-2462.816
37580,981.9178,-2460.163
37600,984.7883,-2457.875
37620,988.0455,-2455.926
37640,991.5338,-2453.771
37660,995.1579,-2451.486
37680,998.9493,-2449.042
37700,1002.992,-2446.366
37720,1007.596,-2443.192
37740,1012.674,-2438.512
37760,1015.286,-2431.824
37780,1016.518,-2426.311
37800,1017.151,-2421.307
37820,1017.244,-2416.684
37840,1016.739,-2412.479
37860,1015.552,-2408.878
37880,1013.175,-2406.599
37900,1012.867,-2406.808
37920,1013.635,-2406.079
37940,1014.707,-2405.078
37960,1015.968,-2403.91
37980,1017.362,-2402.618
38000,1018.862,-2401.229
38020,1020.464,-2399.744
38040,1022.112,-2398.147
38060,1023.811,-2396.49
38080,1025.577,-2394.765
38100,1027.422,-2392.962
38120,1029.362,-2391.064
38140,1031.448,-2389.027
38160,1033.738,-2386.68
38180,1035.776,-2383.803
38200,1037.408,-2380.819
38220,1038.886,-2377.966
38240,1040.33,-2375.137
38260,1041.789,-2372.289
38280,1043.309,-2369.374
38300,1045.04,-2366.254
38320,1046.792,-2362.527
38340,1047.646,-2358.219
38360,1048.059,-2354.324
38380,1048.3,-2350.593
38400,1048.427,-2346.968
38420,1048.489,-2343.406
38440,1048.538,-2339.852
38460,1048.817,-2336.083
38480,1048.356,-2331.676
38500,1047.342,-2327.593
38520,1046.061,-2323.779
38540,1044.582,-2320.156
38560,1042.942,-2316.7
38580,1041.163,-2313.385
38600,1039.321,-2310.139
38620,1037.185,-2306.795
38640,1034.549,-2303.551
38660,1031.556,-2300.658
38680,1028.253,-2298.073
38700,1024.606,-2295.83
38720,1020.535,-2293.995
38740,1015.847,-2292.751
38760,1009.544,-2293.137
38780,1006.431,-2296.937
38800,1004.906,-2299.229
38820,1003.864,-2301.032
38840,1003.084,-2302.541
38860,1002.47,-2303.896
38880,1001.914,-2305.191
38900,1001.028,-2306.788
38920,1000.864,-2309.557
38940,1002.538,-2312.661
38960,1005.28,-2314.772
38980,1008.748,-2316.199
39000,1012.953,-2316.927
39020,1018.025,-2316.823
39040,1024.283,-2315.567
39060,1033.786,-2311.149
39080,1037.431,-2299.844
39100,1037.03,-2290.677
39120,1035.088,-2283.034
39140,1032.213,-2276.331
39160,1028.556,-2270.389
39180,1024.157,-2265.191
39200,1018.828,-2260.927
39220,1012.783,-2258.433
39240,1008.613,-2257.919
39260,1005.199,-2256.671
39280,1001.903,-2255.309
39300,998.6172,-2253.94
39320,995.2814,-2252.62
39340,991.843,-2251.4
39360,988.1683,-2250.406
39380,984.5947,-2249.918
39400,981.4174,-2249.658
39420,978.3772,-2249.268
39440,975.3475,-2248.866
39460,972.2974,-2248.48
39480,969.2014,-2248.134
39500,966.0342,-2247.843
39520,962.752,-2247.654
39540,959.455,-2247.638
39560,956.1296,-2247.705
39580,952.7184,-2247.847
39600,949.1719,-2248.104
39620,945.447,-2248.518
39640,941.4694,-2249.149
39660,937.1016,-2250.12
39680,931.5461,-2252.132
39700,928.02,-2256.695
39720,926.015,-2260.535
39740,924.613,-2263.832
39760,923.5834,-2266.793
39780,922.8577,-2269.483
39800,922.4105,-2271.922
39820,922.2578,-2274.105
39840,922.63,-2275.831
39860,922.4984,-2276.653
39880,922.1228,-2277.637
39900,921.7578,-2278.608
39920,921.4667,-2279.513
39940,921.2948,-2280.309
39960,921.3105,-2280.943
39980,921.6365,-2281.306
40000,923.0633,-2280.72
40020,922.2252,-2277.729
40040,920.0706,-2275.879
40060,917.3716,-2274.504
40080,914.2225,-2273.514
40100,910.6279,-2272.902
40120,906.5338,-2272.718
40140,901.7579,-2273.097
40160,895.1187,-2275.052
40180,891.615,-2280.874
40200,890.0623,-2285.269
40220,889.2277,-2289.058
40240,888.9104,-2292.415
40260,889.0637,-2295.381
40280,889.72,-2297.93
40300,891.0358,-2299.935
40320,894.1575,-2300.453
40340,894.4525,-2297.154
40360,892.434,-2294.852
40380,889.4016,-2293.388
40400,885.6492,-2292.514
40420,881.1915,-2292.208
40440,875.9272,-2292.548
40460,869.5513,-2293.755
40480,860.1986,-2297.288
40500,854.26,-2307.188
40520,852.9517,-2317.166
40540,853.8712,-2325.417
40560,856.0687,-2332.684
40580,859.3893,-2339.089
40600,863.8576,-2344.613
40620,869.7019,-2349.072
40640,878.3545,-2351.338
40660,886.0634,-2347.844
40680,888.4965,-2341.47
40700,888.2385,-2337.229
40720,886.8237,-2333.913
40740,884.5187,-2331.317
40760,881.3943,-2329.375
40780,877.3835,-2328.141
40800,871.9749,-2328
40820,865.0788,-2330.721
40840,862.2848,-2337.747
40860,861.9088,-2342.884
40880,862.4686,-2347.297
40900,863.7701,-2351.139
40920,865.7775,-2354.433
40940,868.5803,-2357.112
40960,872.4562,-2358.957
40980,879.3042,-2358.482
41000,882.0065,-2351.684
41020,880.6644,-2345.957
41040,877.5056,-2341.669
41060,873.1791,-2338.314
41080,867.7861,-2335.798
41100,861.2568,-2334.161
41120,853.3,-2333.604
41140,842.3756,-2335.26
41160,831.4138,-2343.119
41180,827.0598,-2355.849
41200,826.4778,-2365.791
41220,827.5187,-2374.547
41240,829.8502,-2382.375
41260,833.382,-2389.336
41280,838.2007,-2395.374
41300,844.646,-2400.227
41320,855.1741,-2402.079
41340,860.549,-2395.668
41360,861.488,-2390.962
41380,860.6896,-2387.551
41400,858.827,-2384.943
41420,856.0692,-2383.007
41440,852.4421,-2381.722
41460,847.8188,-2381.17
41480,841.4315,-2381.912
41500,834.312,-2386.111
41520,831.0127,-2393.892
41540,829.9269,-2400.061
41560,829.653,-2405.64
41580,829.9476,-2410.808
41600,830.6993,-2415.648
41620,831.861,-2420.195
41640,833.4208,-2424.454
41660,835.5358,-2428.321
41680,837.6606,-2431.4
41700,839.6093,-2434.217
41720,841.6097,-2436.99
41740,843.7875,-2439.634
41760,846.2094,-2442.1
41780,848.9467,-2444.334
41800,852.1138,-2446.253
41820,855.9846,-2447.694
41840,862.1512,-2447.511
41860,864.7239,-2442.404
41880,864.5713,-2438.879
41900,863.2939,-2436.182
41920,861.1817,-2434.098
41940,858.3018,-2432.578
41960,854.6147,-2431.644
41980,849.9473,-2431.413
42000,843.6207,-2432.359
42020,835.0645,-2436.703
42040,831.6857,-2447.094
42060,831.6776,-2455.108
42080,832.9644,-2462.218
42100,835.2357,-2468.644
42120,838.3914,-2474.46
42140,842.433,-2479.659
42160,847.5627,-2484.163
42180,854.6161,-2487.329
42200,862.6718,-2486.768
42220,866.47,-2482.055
42240,867.7181,-2479.15
42260,868.0056,-2476.938
42280,867.5982,-2475.225
42300,866.5973,-2473.938
42320,865.0271,-2473.061
42340,862.8308,-2472.635
42360,859.5862,-2472.958
42380,855.9901,-2475.185
42400,854.1579,-2479.153
42420,853.2791,-2482.44
42440,852.6569,-2485.537
42460,852.1332,-2488.561
42480,851.5957,-2491.596
42500,851.0097,-2494.748
42520,850.2,-2498.047
42540,848.5408,-2501.927
42560,846.8447,-2507.975
42580,848.1054,-2516.135
42600,851.3085,-2522.966
42620,855.5307,-2529.097
42640,860.6508,-2534.607
42660,866.6702,-2539.487
42680,873.688,-2543.661
42700,881.9441,-2546.94
42720,892.441,-2548.591
42740,904.6176,-2545.661
42760,911.023,-2536.829
42780,913.9805,-2530.491
42800,915.6866,-2525.073
42820,916.5588,-2520.312
42840,916.8348,-2516.05
42860,916.6188,-2512.159
42880,915.9868,-2508.585
42900,915.0513,-2505.245
42920,914.0474,-2501.81
42940,911.5468,-2497.713
42960,907.7944,-2494.567
